Principio Attivo;Descrizione Gruppo;Denominazione e Confezione;Prezzo al pubblico €;Prezzo Ex-factory €;Prezzo massimo di cessione €;Titolare AIC;"Codice 
AIC";Codice Gruppo Equivalenza;Metri cubi ossigeno 
Abacavir/lamivudina;ABACAVIR+LAMIVUDINA 600+300MG 30 UNITA' USO ORALE;ABACAVIR E LAMIVUDINA*30 cpr riv 600 mg + 300 mg;170,27;103,16;-;AUROBINDO PHARMA ITALIA Srl;044669012;AAD;
Abacavir/Lamivudina;ABACAVIR+LAMIVUDINA 600+300MG 30 UNITA' USO ORALE;ABACAVIR E LAMIVUDINA*30 cpr riv 600 mg + 300 mg;60,00;36,36;-;SUN PHARMACEUTICAL IND.EU.B.V.;045348036;AAD;
Abacavir/lamivudina/zidovudina;ABACAVIR+LAMIVUDINA+ZIDOVUDINA 300+150+300MG 60 UNITA' USO ORALE;ABACAVIR LAMIVUDINA ZIDOVUDINA*60x1 cpr riv 300 mg + 150 mg + 300 mg;593,43;359,57;-;MYLAN SpA;042645046;AAE;
Abacavir;ABACAVIR 300MG 60 UNITA' USO ORALE;ABACAVIR*60 cpr riv 300 mg;235,86;142,91;-;MYLAN SpA;045354040;AAC;
Idecabtagene vicleucel;IDECABTAGENE VICLEUCEL 1 SACCA EV;ABECMA*EV 260-500x10 alla sesta cellule dispersione per infusione SACCA specifica per paziente 1 o piu' sacche;521324,08;315875,00;-;BRISTOL M.SQUIBB PHARMA EEIG;049604010;MYK;
Bevacizumab;BEVACIZUMAB 400MG 16ML 1 UNITA' USO PARENTERALE;ABEVMY*1 flaconcino EV 16 ml 25 mg/ml;1535,94;930,65;-;BIOSIMILAR COLLABORATIONS IRELAND LTD;049452030;AGG;
Bevacizumab;BEVACIZUMAB 100MG 4ML 1 UNITA' USO PARENTERALE;ABEVMY*1 flaconcino EV 4 ml 25 mg/ml;383,51;232,38;-;BIOSIMILAR COLLABORATIONS IRELAND LTD;049452016;AGF;
Aripiprazolo;ARIPIPRAZOLO 400MG 1 UNITA' USO PARENTERALE RP;ABILIFY MAINTENA*1 flaconcino IM 400 mg + 1 flaconcino solv 2 ml rilascio prolungato;418,40;253,52;-;OTSUKA PHARMACEUT.NETHER.BV;043143027;HSE;
Aripiprazolo;ARIPIPRAZOLO 720MG 2,4 ML 1 UNITA' USO PARENTERALE RP;ABILIFY MAINTENA*1 siringa preriempita IM 720 mg 2,4 ml rilascio prolungato + 2 aghi;945,56;572,94;-;OTSUKA PHARMACEUT.NETHER.BV;043143092;NUE;
Aripiprazolo;ARIPIPRAZOLO 960MG 3,2 ML 1 UNITA' USO PARENTERALE RP;ABILIFY MAINTENA*1 siringa preriempita IM 960 mg 3,2 ml rilascio prolungato + 2 aghi;945,56;572,94;-;OTSUKA PHARMACEUT.NETHER.BV;043143104;NDP;
Aripiprazolo;ARIPIPRAZOLO 9,75MG 1,3ML 1 UNITA' USO PARENTERALE;ABILIFY*1 flaconcino IM 1,3 ml 7,5 mg/ml;4,77;2,89;-;OTSUKA PHARMACEUT.NETHER.BV;036582207;AER;
Abiraterone;ABIRATERONE 250MG 120 UNITA' USO ORALE;ABIRATERONE*120 cpr 250 mg flacone;3251,47;1970,11;-;MEDAC GMBH;049297017;AAH;
Abiraterone;ABIRATERONE 250MG 120 UNITA' USO ORALE;ABIRATERONE*120 cpr 250 mg flacone;3056,50;1851,98;-;ACCORD HEALTHCARE SLU;049479013;AAH;
Abiraterone;ABIRATERONE 250MG 120 UNITA' USO ORALE;ABIRATERONE*120 cpr riv 250 mg flacone;3251,47;1970,11;-;SANDOZ SpA;048401133;AAH;
Abiraterone;ABIRATERONE 500MG 56 UNITA' USO ORALE;ABIRATERONE*14x4 cpr riv 500 mg;2852,73;1728,51;-;QILU PHARMA SPAIN S.L.;050048038;KII;
Abiraterone;ABIRATERONE 1000MG 28 UNITA' USO ORALE;ABIRATERONE*28 cpr riv 1.000 mg;2852,73;1728,51;-;SANDOZ GMBH;048749016;MKD;
Abiraterone;ABIRATERONE 1000MG 28 UNITA' USO ORALE;ABIRATERONE*28 cpr riv 1.000 mg flacone;2852,73;1728,51;-;MYLAN PHARMACEUTICALS LIMITED;049686090;MKD;
Abiraterone;ABIRATERONE 500MG 56 UNITA' USO ORALE;ABIRATERONE*56 cpr riv 500 mg;3034,70;1838,77;-;SANDOZ SpA;048401261;KII;
Abiraterone;ABIRATERONE 500MG 56 UNITA' USO ORALE;ABIRATERONE*56 cpr riv 500 mg;3034,70;1838,77;-;MEDAC GMBH;049297029;KII;
Abiraterone;ABIRATERONE 500MG 56 UNITA' USO ORALE;ABIRATERONE*56 cpr riv 500 mg;2852,73;1728,51;-;ARISTO PHARMA GMBH;049298021;KII;
Abiraterone;ABIRATERONE 500MG 56 UNITA' USO ORALE;ABIRATERONE*56 cpr riv 500 mg;3034,70;1838,77;-;ZENTIVA ITALIA Srl;049755010;KII;
Abiraterone;ABIRATERONE 500MG 56 UNITA' USO ORALE;ABIRATERONE*56 cpr riv 500 mg;2852,73;1728,51;-;SUN PHARMA FRANCE;050293012;KII;
Abiraterone;ABIRATERONE 500MG 56 UNITA' USO ORALE;ABIRATERONE*56 cpr riv 500 mg;2852,73;1728,51;-;MEDICAL VALLEY INVEST AB;051289015;KII;
Abiraterone;ABIRATERONE 500MG 56 UNITA' USO ORALE;ABIRATERONE*56x1 compresse 500 mg divisibile per dose unitaria;3034,70;1838,77;-;EG SpA;049475344;KII;
Abiraterone;ABIRATERONE 500MG 56 UNITA' USO ORALE;ABIRATERONE*56x1 cpr riv 500 mg;2852,73;1728,51;-;ACCORD HEALTHCARE SLU;049479025;KII;
Paclitaxel;PACLITAXEL 100MG 20ML 1 UNITA' USO PARENTERALE;ABRAXANE*1 flaconcino EV 100 mg polv 5 mg/ml;364,92;221,11;-;BRISTOL M.SQUIBB PHARMA EEIG;039399011;BGV;
Paclitaxel;PACLITAXEL 100MG 20ML 1 UNITA' USO PARENTERALE;ABUTRAX*1 flaconcino polv infus EV 100 mg 5 mg/ml;249,24;151,02;-;EG SpA;051191017;BGV;
Aciclovir;ACICLOVIR 250MG 10 UNITA' USO PARENTERALE;ACICLOVIR*10 flaconcini polv soluz infus 250 mg;67,03;40,61;-;HIKMA FARMACEUTICA S.A.;043130032;JXL;
Sodio ibandronato;SODIO IBANDRONATO 3MG 3ML 1 UNITA' USO PARENTERALE;ACIDO IBANDRONICO*1 siringa 3 mg 3 ml + 1 ago;83,02;50,30;-;ACCORD HEALTHCARE SLU;042505053;BKP;
Acido zoledronico;ACIDO ZOLEDRONICO 4MG 5ML 1 UNITA' USO PARENTERALE;ACIDO ZOLEDRONICO*1 flaconcino soluz concentr infus 4 mg 5 ml;134,49;81,49;-;MEDAC GMBH;042333017;ACD;
Acido zoledronico;ACIDO ZOLEDRONICO 4MG 5ML 1 UNITA' USO PARENTERALE;ACIDO ZOLEDRONICO*1 flaconcino soluz concentr infus 4 mg 5 ml;134,49;81,49;-;MYLAN PHARMACEUTICALS LIMITED;042342016;ACD;
Acido zoledronico;ACIDO ZOLEDRONICO 4MG 5ML 1 UNITA' USO PARENTERALE;ACIDO ZOLEDRONICO*1 flaconcino soluz concentr infus 4 mg 5 ml;134,49;81,49;-;TILLOMED ITALIA Srl;044733018;ACD;
Acido zoledronico;ACIDO ZOLEDRONICO 4MG 100ML 1 UNITA' USO PARENTERALE;ACIDO ZOLEDRONICO*1 flacone soluz concentr infus 4 mg 100 ml;190,62;115,49;-;MEDAC GMBH;042333043;ABZ;
Acido zoledronico;ACIDO ZOLEDRONICO 5MG 100ML 1 UNITA' USO PARENTERALE;ACIDO ZOLEDRONICO*1 sacca soluz INFUS EV 5 mg 100 ml;423,59;256,66;-;ALTAN PHARMACEUTICALS S.A.;042337016;ACE;
Acido zoledronico;ACIDO ZOLEDRONICO 4MG 5ML 10 UNITA' USO PARENTERALE;ACIDO ZOLEDRONICO*10 flaconcini concentrato soluzione per infusione 4 mg 5 ml;1270,24;769,65;-;HIKMA FARMACEUTICA S.A.;041330022;CAW;
Acido zoledronico;ACIDO ZOLEDRONICO 4MG 5ML 10 UNITA' USO PARENTERALE;ACIDO ZOLEDRONICO*10 flaconcini soluz infus 4 mg 5 ml;699,98;424,18;-;ACCORD HEALTHCARE SLU;043198035;CAW;
Acido zoledronico;ACIDO ZOLEDRONICO 5MG 100ML 1 UNITA' USO PARENTERALE;ACLASTA*1 flaconcino EV 0,05 mg/ml 100 ml;529,49;320,82;-;SANDOZ PHARMACEUTICALS D.D.;037105018;ACE;
Acido zoledronico;ACIDO ZOLEDRONICO 5MG 100ML 1 UNITA' USO PARENTERALE;ACLASTA*1 flaconcino EV 0,05 mg/ml 100 ml;492,42;298,37;-;ABACUS MEDICINE A/S COPENHAGEN;051271017;ACE;
Alteplasi;ALTEPLASI 20MG 20ML 1 UNITA' USO PARENTERALE;ACTILYSE*1 flaconcino EV 20 mg + 1 flaconcino solv 20 ml;362,65;164,84;-;BOEHRINGER INGELHEIM IT.SpA;026533051;ADK;
Alteplasi;ALTEPLASI 50MG 50ML 1 UNITA' USO PARENTERALE;ACTILYSE*1 flaconcino EV 50 mg + 1 flaconcino solv 50 ml;809,51;367,95;-;BOEHRINGER INGELHEIM IT.SpA;026533048;ADL;
Brentuximab vedotin;BRENTUXIMAB VEDOTIN 50MG 1 UNITA' USO PARENTERALE;ADCETRIS*1 flaconcino EV 50 mg polv;4964,50;3008,03;-;TAKEDA PHARMA A/S;042448011;CFM;
Doxorubicina;DOXORUBICINA 10MG 5ML 1 UNITA' USO PARENTERALE;ADRIBLASTINA*1 fiala EV 10 mg 5 ml;28,99;13,18;-;PFIZER ITALIA Srl;022393058;ALW;
Doxorubicina;DOXORUBICINA 50MG 25ML 1 UNITA' USO PARENTERALE;ADRIBLASTINA*1 flaconcino EV 50 mg 25 ml;119,51;54,32;-;PFIZER ITALIA Srl;022393060;AMF;
Doxorubicina;DOXORUBICINA 50MG 1 UNITA' USO PARENTERALE;ADRIBLASTINA*1 flaconcino polv EV 50 mg;99,48;45,22;-;PFIZER ITALIA Srl;022393045;AMD;
Doxorubicina;DOXORUBICINA 10MG 5ML 1 UNITA' USO PARENTERALE;ADRIBLASTINA*1 flacone EV 10 mg + 1 fiala solv 5 ml;19,55;8,89;-;PFIZER ITALIA Srl;022393033;ALW;
Doxorubicina;DOXORUBICINA 200MG 100ML 1 UNITA' USO PARENTERALE;ADRIBLASTINA*1 flacone EV 200 mg 100 ml;424,07;192,76;-;PFIZER ITALIA Srl;022393084;ALY;
Tralokinumab;TRALOKINUMAB 300 MG 2 ML 2 UNITA' USO PARENTERALE;ADTRALZA*2 penne preriempite SC 300 mg 2 ml;2006,88;1216,00;-;LEO PHARMA A/S;049573049;UZH;
Tralokinumab;TRALOKINUMAB 150 MG 1ML 4 UNITA' USO PARENTERALE;ADTRALZA*2x2 siringhe preriempite SC 150 mg 1 ml confezione multipla;2006,88;1216,00;-;LEO PHARMA A/S;049573025;LSG;
Isoflurano;ISOFLURANO 100ML 6 UNITA' USO INALATORIO;AERRANE*6 flaconi inal 100 ml;214,46;129,94;-;BAXTER SpA;029033038;CKO;
Isoflurano;ISOFLURANO 250ML 6 UNITA' USO INALATORIO;AERRANE*6 flaconi inal 250 ml;604,84;366,48;-;BAXTER SpA;029033040;COO;
Isoflurano;ISOFLURANO 100ML USO INALATORIO;AERRANE*inal 100 ml;50,15;22,80;-;BAXTER SpA;029033014;BBT;
Isoflurano;ISOFLURANO 250ML USO INALATORIO;AERRANE*inal 250 ml;141,44;64,30;-;BAXTER SpA;029033026;BBV;
Everolimus;EVEROLIMUS 10MG 30 UNITA' USO ORALE;AFINITOR*30 cpr 10 mg;5719,63;3465,60;-;NOVARTIS EUROPHARM LTD;039398045;APQ;
Everolimus;EVEROLIMUS 5MG 30 UNITA' USO ORALE;AFINITOR*30 cpr 5 mg;4021,62;2436,75;-;NOVARTIS EUROPHARM LTD;039398019;APR;
Tirofiban;TIROFIBAN 12,5MG 50ML 1 UNITA' USO PARENTERALE;AGGRASTAT*1 flaconcino EV 50 ml 250 mcg/ml;262,90;159,30;-;ADVANZ PHARMA LTD;034357018;BMO;
Niraparib/Abiraterone;NIRAPARIB+ABIRATERONE 100+500MG 56 UNITA' USO ORALE;AKEEGA*56 cpr riv 100 mg + 500 mg;11393,63;6903,56;-;JANSSEN CILAG INTERNAT.N.V.;050646025;NTL;
Niraparib/Abiraterone;NIRAPARIB+ABIRATERONE 50+500MG 56 UNITA' USO ORALE;AKEEGA*56 cpr riv 50 mg + 500 mg;11393,63;6903,56;-;JANSSEN CILAG INTERNAT.N.V.;050646013;NTK;
Netupitant/Palonosetron;NETUPITANT+PALONOSETRON 0,5MG+300MG 1 UNITA' USO ORALE;AKYNZEO*1 cps 300 mg + 0,5 mg;149,29;90,46;-;HELSINN BIREX PHARMAC.LTD;044201010;CCM;
Acido aminolevulinico;ACIDO AMINOLEVULINICO 8MG 4 CEROTTI USO TOPICO;ALACARE*4 cerotti medicati 8 mg;231,94;140,53;-;PHOTONAMIC GMBH & Co.KG;039701014;KCV;
Sodio oxibato;SODIO OXIBATO 17,5% 10ML 12 UNITA' USO ORALE;ALCOVER*orale soluz 12 flaconcini 10 ml 17,5%;32,39;14,72;-;C.T. LAB.FARMACEUTICO Srl;027751078;BKS;
Sodio oxibato;SODIO OXIBATO 17,5% 140ML USO ORALE;ALCOVER*orale soluz 140 ml 17,5%;33,60;15,27;-;C.T. LAB.FARMACEUTICO Srl;027751066;BKT;
Laronidasi;LARONIDASI 500U 5ML 1 UNITA' USO PARENTERALE;ALDURAZYME*1 flaconcino INFUS EV 5 ml 500 U;1042,64;631,75;-;SANOFI B.V.;035891011;BCL;
Alectinib;ALECTINIB 150MG 224 UNITA' USO ORALE;ALECENSA*56x4 cps 150 mg;10128,50;6137,00;-;ROCHE REGISTRATION GMBH;045267010;KHU;
Pemetrexed;PEMETREXED 100MG 1 UNITA' USO PARENTERALE;ALIMTA*1 flaconcino polv soluz infus 100 mg;430,46;260,82;-;ELI LILLY NEDERLAND BV;036587020;BHR;
Pemetrexed;PEMETREXED 500MG 1 UNITA' USO PARENTERALE;ALIMTA*1 flaconcino polv soluz infus 500 mg;2152,31;1304,11;-;ELI LILLY NEDERLAND BV;036587018;BHS;
Alitretinoina;ALITRETINOINA 10MG 30 UNITA' USO ORALE;ALITRECARE*30 cps molli 10 mg;370,08;224,24;-;DIFA COOPER SpA;047411018;ACY;
Alitretinoina;ALITRETINOINA 30MG 30 UNITA' USO ORALE;ALITRECARE*30 cps molli 30 mg;370,08;224,24;-;DIFA COOPER SpA;047411020;ACZ;
Melfalan;MELFALAN 50MG 10ML 1 UNITA' USO PARENTERALE;ALKERAN*1 flaconcino EV 50 mg + 1 flaconcino solv 10 ml;105,31;63,81;-;ASPEN PHARMA TRADING LIMITED;021250028;BDO;
Flecainide;FLECAINIDE 150MG 15ML 5 UNITA' USO PARENTERALE;ALMARYTM*5 fiale EV 150 mg 15 ml;30,48;13,85;-;VIATRIS HEALTHCARE LIMITED;025728027;AQK;
Palonosetron;PALONOSETRON 250MCG 5ML 1 UNITA' USO PARENTERALE;ALOXI*1 flacone EV 250 mcg 5 ml;107,25;64,98;-;HELSINN BIREX PHARMAC.LTD;036742017;BHI;
Alprostadil;ALPROSTADIL 20MCG 1 UNITA' USO PARENTERALE;ALPROSTAR*1 fiala EV EA 20 mcg;14,44;6,56;-;RECORDATI SpA;027666015;ADH;
Alprostadil;ALPROSTADIL 60MCG 1 UNITA' USO PARENTERALE;ALPROSTAR*1 fiala EV EA 60 mcg;31,97;19,37;-;RECORDATI SpA;027666039;ADJ;
Brigatinib;BRIGATINIB 180MG 28 UNITA' USO ORALE;ALUNBRIG*28 cpr riv 180 mg;7771,73;4709,00;-;TAKEDA PHARMA A/S;047416108;LFH;
Brigatinib;BRIGATINIB 30MG 28 UNITA' USO ORALE;ALUNBRIG*28 cpr riv 30 mg;1295,29;784,83;-;TAKEDA PHARMA A/S;047416110;LFF;
Brigatinib;BRIGATINIB 90MG 28 UNITA' USO ORALE;ALUNBRIG*28 cpr riv 90 mg;3885,86;2354,50;-;TAKEDA PHARMA A/S;047416084;LFG;
Brigatinib;BRIGATINIB 90MG 7 UNITA' + 180MG 21 UNITA' USO ORALE;ALUNBRIG*7 cpr riv 90 mg + 21 cpr riv 180 mg;7771,73;4709,00;-;TAKEDA PHARMA A/S;047416122;LFI;
Allergeni estratti da veleno di ape;ALLERGENI ESTRATTI DA VELENO DI APE 5 UNITA' 5ML USO PARENTERALE;ALUTARD APIS MELLIFERA*1 flaconcino 100 SQ-U/ml 5 ml, 1 flaconcino 1.000 SQ-U/ml 5 ml,1 flaconcino 10.000 SQ-U/ml 5 ml, 1 flaconcino 100.000 SQ-U/ml 5 ml;819,22;496,38;-;ALK-ABELLO' A/S;045902020;LNQ;
Allergeni estratti da veleno di ape;ALLERGENI ESTRATTI DA VELENO DI APE 100.000 SQU/ML 1 UNITA' USO PARENTERALE;ALUTARD APIS MELLIFERA*100.000 SQ U/ml in flacone;819,22;496,38;-;ALK-ABELLO' A/S;045902018;LNP;
Allergeni estratti da veleno di vespa;ALLERGENI ESTRATTI DA VELENO DI VESPA 5 UNITA' 5ML USO PARENTERALE;ALUTARD VESPULA*1 flaconcino 100 SQ-U/ml 5 ml, 1 flaconcino 1.000 SQ-U/ml 5 ml, 1 flaconcino 10.000 SQ-U/ml 5 ml, 1 flaconcino 100.000 SQ-U/ml 5 ml;819,22;496,38;-;ALK-ABELLO' A/S;045903022;LNS;
Allergeni estratti da veleno di vespa;ALLERGENI ESTRATTI DA VELENO DI VESPA 100.000 SQU/ML 1 UNITA' USO PARENTERALE;ALUTARD VESPULA*100.000 SQ U/ml in flacone;819,22;496,38;-;ALK-ABELLO' A/S;045903010;LNR;
Bevacizumab;BEVACIZUMAB 100MG 4ML 1 UNITA' USO PARENTERALE;ALYMSYS*1 flaconcino EV 100 mg 4 ml 25 mg/ml;383,51;232,38;-;MABXIENCE RESEARCH SL;049432014;AGF;
Bevacizumab;BEVACIZUMAB 400MG 16ML 1 UNITA' USO PARENTERALE;ALYMSYS*1 flaconcino EV 400 mg 16 ml 25 mg/ml;1535,94;930,65;-;MABXIENCE RESEARCH SL;049432026;AGG;
Adalimumab;ADALIMUMAB AD-BB 20MG 0,2ML 2 UNITA' USO PARENTERALE;AMGEVITA*1 siringa preriempita SC 0,2 ml 20 mg;282,51;171,18;-;AMGEN EUROPE B.V.;045317106;KPU;
Adalimumab;ADALIMUMAB 20MG 0,4ML 1 UNITA' USO PARENTERALE;AMGEVITA*1 siringa preriempita SC 0,4 ml 20 mg;318,32;192,87;-;AMGEN EUROPE B.V.;045317017;KPG;
Adalimumab;ADALIMUMAB 40MG 2 UNITA' USO PARENTERALE;AMGEVITA*2 penne preriempite SC 0,4 ml 40 mg;1130,04;684,71;-;AMGEN EUROPE B.V.;045317157;ACG;
Adalimumab;ADALIMUMAB 40MG 2 UNITA' USO PARENTERALE;AMGEVITA*2 penne preriempite sureclick SC 0,8 ml 40 mg;1273,29;771,50;-;AMGEN EUROPE B.V.;045317070;ACG;
Adalimumab;ADALIMUMAB 40MG 2 UNITA' USO PARENTERALE;AMGEVITA*2 siringhe preriempite SC 0,4 ml 40 mg;1130,04;684,71;-;AMGEN EUROPE B.V.;045317120;ACG;
Adalimumab;ADALIMUMAB 40MG 2 UNITA' USO PARENTERALE;AMGEVITA*2 siringhe preriempite SC 0,8 ml 40 mg;1273,29;771,50;-;AMGEN EUROPE B.V.;045317031;ACG;
Amikacina;AMIKACINA 500MG 10 UNITA' USO PARENTERALE;AMICASIL*10 fiale IM EV 500 mg 2 ml;30,21;18,31;-;PHARMATEX ITALIA Srl;024459137;ADO;
Amikacina;AMIKACINA 500MG 5 UNITA' USO PARENTERALE;AMIKACINA*5 fiale 0,5 g 2 ml;39,19;17,81;-;TEVA ITALIA Srl;033586037;ADP;
Amiodarone;AMIODARONE 150MG 3ML 5 UNITA' USO PARENTERALE;AMIODAR*5 fiale EV 150 mg 3 ml;4,94;2,99;-;ALFASIGMA SpA;022033029;44A;
Amiodarone;AMIODARONE 150MG 3ML 5 UNITA' USO PARENTERALE;AMIODARONE CLORIDRATO*5 fiale EV 150 mg 3 ml;6,58;3,99;-;BIOINDUSTRIA L.I.M. SpA;035462011;44A;
Amiodarone;AMIODARONE 150MG 3ML 10 UNITA' USO PARENTERALE;AMIODARONE*10 fiale EV 150 mg 3 ml;9,39;5,69;-;HIKMA FARMACEUTICA S.A.;038320014;ADS;
Amoxicillina/acido clavulanico;AMOXICILLINA+ACIDO CLAVULANICO 1.000+200MG 20ML 1 UNITA' USO PARENTERALE;AMOXICILLINA ACIDO CLAVULANICO*1 fiala EV 1.000 mg + 200 mg + 1 flaconcino solv 20 ml;3,75;2,27;-;TEVA ITALIA Srl;036966012;ADW;
Amoxicillina/acido clavulanico;AMOXICILLINA+ACIDO CLAVULANICO 2.000+200MG 1 UNITA' USO PARENTERALE;AMOXICILLINA ACIDO CLAVULANICO*1 flacone EV 2.000 mg + 200 mg;5,06;3,07;-;TEVA ITALIA Srl;036966051;ADX;
Amoxicillina/acido clavulanico;AMOXICILLINA+ACIDO CLAVULANICO 1.000+200MG 1 UNITA' USO PARENTERALE;AMOXICILLINA E ACIDO CLAVULANICO*1 flaconcino EV 1.000 mg + 200 mg;3,75;2,27;-;SANDOZ A/S;043978016;ADV;
Amoxicillina/acido clavulanico;AMOXICILLINA+ACIDO CLAVULANICO 2.000+200MG 1 UNITA' USO PARENTERALE;AMOXICILLINA E ACIDO CLAVULANICO*1 flaconcino EV 2.000 mg + 200 mg;5,06;3,07;-;SANDOZ A/S;043978081;ADX;
Amoxicillina/acido clavulanico;AMOXICILLINA+ACIDO CLAVULANICO 1.000MG + 200MG 10 UNITA' USO PARENTERALE;AMOXICILLINA E ACIDO CLAVULANICO*10 flaconcini EV 1.000 mg + 200 mg;32,95;19,96;-;SANDOZ A/S;043978030;GYG;
Amoxicillina/acido clavulanico;AMOXICILLINA+ACIDO CLAVULANICO 2.000+200MG 10 UNITA' USO PARENTERALE;AMOXICILLINA E ACIDO CLAVULANICO*10 flaconcini EV 2.000 mg + 200 mg;45,70;27,69;-;IBIGEN Srl;036766032;KHV;
Amoxicillina/acido clavulanico;AMOXICILLINA+ACIDO CLAVULANICO 2.000+200MG 10 UNITA' USO PARENTERALE;AMOXICILLINA E ACIDO CLAVULANICO*10 flaconcini EV 2.000 mg + 200 mg;45,70;27,69;-;SANDOZ A/S;043978105;KHV;
Amoxicillina/acido clavulanico;AMOXICILLINA+ACIDO CLAVULANICO 1.000MG + 200MG 10 UNITA' USO PARENTERALE;AMOXICILLINA E ACIDO CLAVULANICO*10 flaconcini polv EV 1.000 mg + 200 mg;32,95;19,96;-;IBIGEN Srl;036766044;GYG;
Vutrisiran;VUTRISIRAN 50MG/ML 0,5ML 1 UNITA' USO PARENTERALE;AMVUTTRA*SC siringa preriempita 50 mg/ml 0,5 ml;147831,49;89573,13;-;ALNYLAM NETHERLANDS B.V.;050291018;MON;
Antitrombina III Umana;ANTITROMBINA III UMANA 1.000UI 20ML USO PARENTERALE;ANBINEX*1 flacone 1.000 UI + 1 siringa;-;-;330,00;INSTITUTO GRIFOLS S.A.;034330047;AEK;
Antitrombina III Umana;ANTITROMBINA III UMANA 500UI 10ML USO PARENTERALE;ANBINEX*1 flacone 500 UI + 1 siringa;-;-;165,00;INSTITUTO GRIFOLS S.A.;034330035;AEN;
Flumazenil;FLUMAZENIL 0,5MG 5ML 1 UNITA' USO PARENTERALE;ANEXATE*1 fiala EV 0,5 mg 5 ml;20,11;9,14;-;CHEPLAPHARM ARZNEIMITTEL GMBH;026749010;ARD;
Flumazenil;FLUMAZENIL 1MG 10ML 1 UNITA' USO PARENTERALE;ANEXATE*1 fiala EV 1 mg 10 ml;36,20;16,45;-;CHEPLAPHARM ARZNEIMITTEL GMBH;026749034;ARF;
Anidulafungina;ANIDULAFUNGINA 100MG 30ML 1 UNITA' USO PARENTERALE;ANIDULAFUNGINA*1 flaconcino EV 100 mg;405,80;245,88;-;MEDAC PHARMA Srl;045563018;AEJ;
Anidulafungina;ANIDULAFUNGINA 100MG 30ML 1 UNITA' USO PARENTERALE;ANIDULAFUNGINA*1 flaconcino EV 100 mg;405,80;245,88;-;ACCORD HEALTHCARE SLU;045609017;AEJ;
Antitrombina III Umana;ANTITROMBINA III UMANA 1.000UI 20ML USO PARENTERALE;ANTITROMBINA III*1 flaconcino EV 1.000 UI + 1 flaconcino solv 20 ml;-;-;330,00;BAXALTA INNOVATIONS GMBH;027113024;AEK;
Antitrombina III Umana;ANTITROMBINA III UMANA 500UI 10ML USO PARENTERALE;ANTITROMBINA III*1 flaconcino EV 500 UI + 1 flaconcino solv 10 ml;-;-;165,00;BAXALTA INNOVATIONS GMBH;027113012;AEN;
Paclitaxel;PACLITAXEL 100MG 20ML 1 UNITA' USO PARENTERALE;APEXELSIN*1 flaconcino polv infus EV 100 mg 5 mg/ml;249,24;151,02;;WHITEOAK PHARMACEUTIACL B.V.;051403018;BGV;
Apomorfina;APOMORFINA 50MG/5ML 5 UNITA' USO PARENTERALE;APOFIN*5 fiale SC 5 ml 50 mg/5 ml;65,03;29,55;-;CHIESI ITALIA SpA;033403015;AEO;
Aprepitant;APREPITANT 125MG 1 UNITA' + 80 MG 2 UNITA' USO ORALE;APREPITANT*1 cps 125 mg + 2 cps 80 mg;62,14;37,65;-;TEVA B.V.;046673012;AEP;
Aprepitant;APREPITANT 125MG 1 UNITA' + 80 MG 2 UNITA' USO ORALE;APREPITANT*1 cps 125 mg + 2 cps 80 mg;62,14;37,65;-;ACCORD HEALTHCARE SLU;046991042;AEP;
Tipranavir;TIPRANAVIR 250MG 120 UNITA' USO ORALE;APTIVUS*120 cps molli 250 mg flacone;1206,48;731,03;-;BOEHRINGER INGELHEIM INT.GMBH;036859015;BMN;
Citarabina;CITARABINA 100MG 5ML 1 UNITA' USO PARENTERALE;ARACYTIN*1 flacone SC EV 100 mg + 1 fiala solv 5 ml;4,80;2,18;-;PFIZER ITALIA Srl;022391015;AIZ;
Citarabina;CITARABINA 500MG 10ML 1 UNITA' USO PARENTERALE;ARACYTIN*1 flacone SC EV 500 mg + 1 fiala solv 10 ml;18,13;8,24;-;PFIZER ITALIA Srl;022391039;AJF;
Pemetrexed;PEMETREXED 25MG/ML 20ML SOLUZIONE USO PARENTERALE;ARMISARTE*1 flaconcino EV 20 ml 25 mg/ml;1362,41;825,51;-;ACTAVIS GROUP PTC EHF;044703027;LLG;
Pemetrexed;PEMETREXED 25MG/ML 4ML SOLUZIONE USO PARENTERALE;ARMISARTE*1 flaconcino EV 4 ml 25 mg/ml;272,48;165,10;-;ACTAVIS GROUP PTC EHF;044703015;LKY;
Pemetrexed;PEMETREXED 25MG/ML 40ML SOLUZIONE USO PARENTERALE;ARMISARTE*1 flaconcino EV 40 ml 25 mg/ml;2724,87;1651,03;-;ACTAVIS GROUP PTC EHF;044703039;LLH;
Arsenico triossido;ARSENICO TRIOSSIDO 12MG 12ML 10 UNITA' USO PARENTERALE;ARSENICO TRIOSSIDO*10 flaconcini EV 12 ml 1 mg/ml;3944,48;2390,01;-;EG SpA;047507025;MKR;
Pegcetacoplan;PEGCETACLOPAN 1080MG 20ML 1 UNITA' USO PARENTERALE;ASPAVELI*1 flaconcino SC 1.080 mg 20 ml 54 mg/ml;4626,00;2802,96;-;SWEDISH ORPHAN BIOVITRUM AB(PU;049750019;MAP;
Pegcetacoplan;PEGCETACLOPAN 1080MG 20ML 8 UNITA' USO PARENTERALE;ASPAVELI*8 flaconcini SC 1.080 mg 20 ml 54 mg/ml;37008,01;22423,66;-;SWEDISH ORPHAN BIOVITRUM AB(PU;049750021;MAQ;
Antitrombina III Umana;ANTITROMBINA III UMANA 1.000UI 20ML USO PARENTERALE;AT III KEDRION*1 flaconcino EV 1.000 UI + 1 flaconcino solv 20 ml;-;-;330,00;KEDRION SpA;029378027;AEK;
Antitrombina III Umana;ANTITROMBINA III UMANA 500UI 10ML USO PARENTERALE;AT III KEDRION*1 flaconcino EV 500 UI + 1 flaconcino solv 10 ml;-;-;165,00;KEDRION SpA;029378015;AEN;
Aprepitant;APREPITANT 125MG 1 UNITA' + 80 MG 2 UNITA' USO ORALE;ATANTO*1 cps 125 mg + 2 cps 80 mg;62,14;37,65;-;SINTESY PHARMA Srl;047660055;AEP;
Atazanavir;ATAZANAVIR 300MG 30 UNITA' USO ORALE;ATAZANAVIR*30 cps 300 mg;389,20;235,83;-;VIATRIS LIMITED;045061165;AEU;
Atazanavir;ATAZANAVIR 300MG 30 UNITA' USO ORALE;ATAZANAVIR*30x1 cps 300 mg;389,20;235,83;-;SANDOZ SpA;047067032;AEU;
Atazanavir;ATAZANAVIR 200MG 60 UNITA' USO ORALE;ATAZANAVIR*60 cps 200 mg;505,96;306,57;-;VIATRIS LIMITED;045061140;AET;
Atazanavir;ATAZANAVIR 200MG 60 UNITA' USO ORALE;ATAZANAVIR*60x1 cps 200 mg;505,96;306,57;-;SANDOZ SpA;047067018;AET;
Antitrombina III Umana;ANTITROMBINA III UMANA 1.000UI 20ML USO PARENTERALE;ATENATIV*1 flaconcino EV 1.000 UI + 1 flaconcino solv 20 ml;-;-;330,00;OCTAPHARMA (IP) SPRL;031118021;AEK;
Antitrombina III Umana;ANTITROMBINA III UMANA 500UI 10ML USO PARENTERALE;ATENATIV*1 flaconcino EV 500 UI + 1 flaconcino solv 10 ml;-;-;165,00;OCTAPHARMA (IP) SPRL;031118019;AEN;
Antitrombina III Umana;ANTITROMBINA III UMANA 1.000UI 20ML USO PARENTERALE;ATKED*1 flaconcino EV 1.000 UI + 1 flaconcino solv 20 ml + set;-;-;330,00;KEDRION SpA;041800020;AEK;
Antitrombina III Umana;ANTITROMBINA III UMANA 500UI 10ML USO PARENTERALE;ATKED*1 flaconcino EV 500 UI + 1 flaconcino solv 10 ml + set;-;-;165,00;KEDRION SpA;041800018;AEN;
Atosiban;ATOSIBAN 37,5MG 5ML 1 UNITA' USO PARENTERALE;ATOSIBAN*1 flaconcino 5 ml 37,5 mg;82,77;50,15;-;ACCORD HEALTHCARE SLU;043671015;AEV;
Atosiban;ATOSIBAN 37,5MG 5ML 1 UNITA' USO PARENTERALE;ATOSIBAN*1 flaconcino EV 37,5 mg/5 ml;82,77;50,15;-;SUN PHARMACEUTICAL IND.EU.B.V.;042916027;AEV;
Atosiban;ATOSIBAN 37,5MG 5ML 1 UNITA' USO PARENTERALE;ATOSIBAN*1 flaconcino EV 37,5 mg/5 ml;82,77;50,15;-;EVER VALINJECT GMBH;044379028;AEV;
Atosiban;ATOSIBAN 6,75MG 0,9ML 1 UNITA' USO PARENTERALE;ATOSIBAN*1 flaconcino EV 6,75 mg/0,9 ml;26,53;16,07;-;SUN PHARMACEUTICAL IND.EU.B.V.;042916015;AEW;
Atosiban;ATOSIBAN 6,75MG 0,9ML 1 UNITA' USO PARENTERALE;ATOSIBAN*1 flaconcino EV 6,75 mg/0,9 ml;26,53;16,07;-;EVER VALINJECT GMBH;044379016;AEW;
Atosiban;ATOSIBAN 75MG 10ML 1 UNITA' USO PARENTERALE;ATOSIBAN*1 flaconcino EV 75 mg/10 ml;149,01;90,29;-;EVER VALINJECT GMBH;044379030;JZX;
Atovaquone;ATOVAQUONE 750MG/5ML 250ML USO ORALE;ATOVAQUONE*orale sosp 1 flacone 250 ml 750 mg/5 ml;254,18;154,01;-;GLENMARK PHARMACEUTICALS S.R.O;048163012;LJW;
Nelarabina;NELARABINA 250MG 50ML 1 UNITA' USO PARENTERALE;ATRIANCE*1 flaconcino EV 50 ml 5 mg/ml;575,94;348,97;-;SANDOZ PHARMACEUTICALS D.D.;038116024;LRN;
Nelarabina;NELARABINA 250MG 50ML 6 UNITA' USO PARENTERALE;ATRIANCE*6 flaconcini EV 50 ml 5 mg/ml;3455,61;2093,80;-;SANDOZ PHARMACEUTICALS D.D.;038116012;BEX;
Fenitoina;FENITOINA 250MG 5ML 5 UNITA' USO PARENTERALE IM EV;AURANTIN*5 flaconcini IM EV 250 mg 5 ml;29,92;13,60;-;VIATRIS PHARMA Srl;028823021;APY;
Moxifloxacina;MOXIFLOXACINA 400MG 250ML 1 UNITA' USO PARENTERALE;AVALOX*1 flaconcino EV 250 ml 400 mg/250 ml;44,46;26,94;-;BAYER SpA;034436194;BEU;
Bevacizumab;BEVACIZUMAB 100MG 4ML 1 UNITA' USO PARENTERALE;AVASTIN*1 flaconcino INFUS EV 100 mg 4 ml 25 mg/ml;479,39;290,47;-;ROCHE REGISTRATION GMBH;036680027;AGF;
Bevacizumab;BEVACIZUMAB 400MG 16ML 1 UNITA' USO PARENTERALE;AVASTIN*1 flaconcino INFUS EV 400 mg 16 ml 25 mg/ml;1919,95;1163,32;-;ROCHE REGISTRATION GMBH;036680015;AGG;
Axitinib;AXITINIB 1MG 56 UNITA' USO ORALE;AXITINIB*56 cpr riv 1 mg;899,53;545,03;-;SANDOZ SpA;050510039;DUM;
Axitinib;AXITINIB 1MG 56 UNITA' USO ORALE;AXITINIB*56 cpr riv 1 mg;899,53;545,03;-;TEVA ITALIA Srl;050790017;DUM;
Axitinib;AXITINIB 1MG 56 UNITA' USO ORALE;AXITINIB*56 cpr riv 1 mg;899,53;545,03;-;ACCORD HEALTHCARE SLU;051603049;DUM;
Axitinib;AXITINIB 3MG 56 UNITA' USO ORALE;AXITINIB*56 cpr riv 3 mg;2698,61;1635,12;-;SANDOZ SpA;050510080;GZT;
Axitinib;AXITINIB 3MG 56 UNITA' USO ORALE;AXITINIB*56 cpr riv 3 mg;2698,61;1635,12;-;TEVA ITALIA Srl;050790056;GZT;
Axitinib;AXITINIB 3MG 56 UNITA' USO ORALE;AXITINIB*56 cpr riv 3 mg;2698,61;1635,12;-;ACCORD HEALTHCARE SLU;051603090;GZT;
Axitinib;AXITINIB 5MG 56 UNITA' USO ORALE;AXITINIB*56 cpr riv 5 mg;4497,61;2725,17;-;SANDOZ SpA;050510128;DUN;
Axitinib;AXITINIB 5MG 56 UNITA' USO ORALE;AXITINIB*56 cpr riv 5 mg;4497,61;2725,17;-;TEVA ITALIA Srl;050790094;DUN;
Axitinib;AXITINIB 5MG 56 UNITA' USO ORALE;AXITINIB*56 cpr riv 5 mg;4497,61;2725,17;-;ACCORD HEALTHCARE SLU;051603140;DUN;
Axitinib;AXITINIB 7MG 56 UNITA' USO ORALE;AXITINIB*56 cpr riv 7 mg;6296,67;3815,24;-;SANDOZ SpA;050510179;GZU;
Axitinib;AXITINIB 7MG 56 UNITA' USO ORALE;AXITINIB*56 cpr riv 7 mg;6296,67;3815,24;-;TEVA ITALIA Srl;050790132;GZU;
Axitinib;AXITINIB 5MG 56 UNITA' USO ORALE;AXITINIB*56x1 cpr riv 5 mg;4497,61;2725,17;;EG SpA;050518063;DUN;
Bevacizumab;BEVACIZUMAB 100MG 4ML 1 UNITA' USO PARENTERALE;AYBINTIO*1 flaconcino EV 100 mg 4 ml 25 mg/ml;383,51;232,38;-;SAMSUNG BIOEPIS NL B.V.;048985016;AGF;
Bevacizumab;BEVACIZUMAB 400MG 16ML 1 UNITA' USO PARENTERALE;AYBINTIO*1 flaconcino INFUS EV 400 mg 16 ml 25 mg/ml;1535,94;930,65;-;SAMSUNG BIOEPIS NL B.V.;048985028;AGG;
Avapritinib;AVAPRITINIB 100MG 30 UNITA' USO ORALE;AYVAKYT*30 cpr riv 100 mg flacone;31840,74;19292,74;-;BLUEPRINT MEDICINES B.V.;049033018;LNH;
Avapritinib;AVAPRITINIB 200MG 30 UNITA' USO ORALE;AYVAKYT*30 cpr riv 200 mg flacone;31840,74;19292,74;-;BLUEPRINT MEDICINES B.V.;049033020;LNI;
Avapritinib;AVAPRITINIB 25MG 30 UNITA' USO ORALE;AYVAKYT*30 cpr riv 25 mg flacone;31840,74;19292,74;-;BLUEPRINT MEDICINES B.V.;049033044;MEP;
Avapritinib;AVAPRITINIB 300MG 30 UNITA' USO ORALE;AYVAKYT*30 cpr riv 300 mg flacone;31840,74;19292,74;-;BLUEPRINT MEDICINES B.V.;049033032;LNJ;
Avapritinib;AVAPRITINIB 50MG 30 UNITA' USO ORALE;AYVAKYT*30 cpr riv 50 mg flacone;31840,74;19292,74;-;BLUEPRINT MEDICINES B.V.;049033057;MEQ;
Azacitidina;AZACITIDINA 25MG/ML 100MG 1 UNITA' USO PARENTERALE;AZACITIDINA*1 flaconcino SC 100 mg polv 25 mg/ml;351,70;213,09;-;ZENTIVA ITALIA Srl;047497019;AFG;
Azacitidina;AZACITIDINA 25MG/ML 100MG 1 UNITA' USO PARENTERALE;AZACITIDINA*1 flaconcino SC 100 mg polv 25 mg/ml;351,70;213,09;-;SANDOZ SpA;047907011;AFG;
Azacitidina;AZACITIDINA 25MG/ML 100MG 1 UNITA' USO PARENTERALE;AZACITIDINA*1 flaconcino SC 100 mg polv 25 mg/ml;351,70;213,09;-;TILLOMED ITALIA Srl;048209011;AFG;
Azacitidina;AZACITIDINA 25MG/ML 100MG 1 UNITA' USO PARENTERALE;AZACITIDINA*1 flaconcino SC 100 mg polv 25 mg/ml;351,70;213,09;-;ACCORD HEALTHCARE SLU;048524019;AFG;
Azacitidina;AZACITIDINA 25MG/ML 100MG 1 UNITA' USO PARENTERALE;AZACITIDINA*1 flaconcino SC 100 mg polv 25 mg/ml;351,70;213,09;-;MYLAN PHARMACEUTICALS LIMITED;048609010;AFG;
Azacitidina;AZACITIDINA 25MG/ML 100MG 1 UNITA' USO PARENTERALE;AZACITIDINA*1 flaconcino SC 100 mg polv 25 mg/ml;351,70;213,09;-;BETAPHARM ARZNEIMITTEL GMBH;048612016;AFG;
Azacitidina;AZACITIDINA 25MG/ML 100MG 1 UNITA' USO PARENTERALE;AZACITIDINA*1 flaconcino SC 100 mg polv 25 mg/ml;351,70;213,09;-;SEACROSS PHARMA EUROPE LTD;049936014;AFG;
Azacitidina;AZACITIDINA 25MG/ML 100MG 1 UNITA' USO PARENTERALE;AZACITIDINA*1 flaconcino SC 100 mg polv 25 mg/ml;351,70;213,09;-;EUGIA PHARMA (MALTA) LIMITED;050447010;AFG;
Azitromicina;AZITROMICINA 500MG 1 UNITA' USO PARENTERALE;AZYLUNG*1 flaconcino EV 500 mg;10,67;6,46;-;INCA-PHARM Srl;044273011;AFH;
Baclofene;BACLOFENE 10MG 20ML 1 UNITA' USO INTRATECALE;BACLOFENE*1 fiala soluz iniett 10 mg 20 ml uso intratecale;66,10;40,05;-;BIOINDUSTRIA L.I.M. SpA;041650019;AFJ;
Baclofene;BACLOFENE 0,05MG 1ML 10 UNITA' USO INTRATECALE;BACLOFENE*10 fiale soluz iniett 0,05 mg 1 ml uso intratecale;31,57;19,13;-;BIOINDUSTRIA L.I.M. SpA;041650033;CSR;
Baclofene;BACLOFENE 10MG 5ML 5 UNITA' USO INTRATECALE;BACLOFENE*5 fiale soluz iniett 10 mg 5 ml uso intratecale;330,51;200,27;-;BIOINDUSTRIA L.I.M. SpA;041650021;CSW;
Erdafitinib;ERDAFITINIB 4MG 28 UNITA' USO ORALE;BALVERSA*28 cpr rivestite 4 mg flacone;16606;10.061,80;;JANSSEN CILAG INTERNAT.N.V.;051462087;NWJ;
Erdafitinib;ERDAFITINIB 5MG 28 UNITA' USO ORALE;BALVERSA*28 cpr rivestite 5 mg flacone;16606;10.061,80;;JANSSEN CILAG INTERNAT.N.V.;051462113;NWL;
Erdafitinib;ERDAFITINIB 3MG 56 UNITA' USO ORALE;BALVERSA*56 cpr rivestite 3 mg flacone;16606;10.061,80;;JANSSEN CILAG INTERNAT.N.V.;051462036;NVY;
Erdafitinib;ERDAFITINIB 4MG 56 UNITA' USO ORALE;BALVERSA*56 cpr rivestite 4 mg flacone;16606;10.061,80;;JANSSEN CILAG INTERNAT.N.V.;051462099;NWK;
Erdafitinib;ERDAFITINIB 3MG 84 UNITA' USO ORALE;BALVERSA*84 cpr rivestite 3 mg flacone;16606;10.061,80;;JANSSEN CILAG INTERNAT.N.V.;051462048;NVZ;
Avelumab;AVELUMAB 20MG/ML 10ML 1 UNITA' USO PARENTERALE;BAVENCIO*1 flaconcino EV 10 ml 20 mg/ml;1626,56;985,55;-;MERCK EUROPE BV;045613015;KNX;
Bcg-Bacillo di Calmette e Guerin;BCG BACILLO DI CALMETTE E GUERIN 50ML 1 UNITA' USO ENDOVESCICALE;BCG*1 flaconcino polv sosp endovescicale + 1 sacca solv 50 ml senza catetere con adattatore luer-lock;183,10;110,94;-;MEDAC GMBH;042171090;ACF;
Eculizumab;ECULIZUMAB 300MG 30ML 1 UNITA' USO PARENTERALE;BEKEMV*1 flaconcino EV 300 mg 30 ml;4110,98;2490,90;-;AMGEN TECHNOLOGY (IRELAND) UC;050644018;AMG;
Bendamustina;BENDAMUSTINA 100MG 1 UNITA' USO PARENTERALE;BENDAMUSTINA*1 flaconcino EV 100 mg 2,5 mg/ml;276,51;167,54;-;FRESENIUS KABI ITALIA Srl;045121050;JHP;
Bendamustina;BENDAMUSTINA 25MG 1 UNITA' USO PARENTERALE;BENDAMUSTINA*1 flaconcino EV 25 mg 2,5 mg/ml;69,13;41,89;-;FRESENIUS KABI ITALIA Srl;045121011;JHQ;
Bendamustina;BENDAMUSTINA 100MG 5 UNITA' USO PARENTERALE;BENDAMUSTINA*5 flaconcini EV 100 mg 2,5 mg/ml;1382,54;837,70;-;EG SpA;044332068;AFV;
Bendamustina;BENDAMUSTINA 100MG 5 UNITA' USO PARENTERALE;BENDAMUSTINA*5 flaconcini EV 100 mg 2,5 mg/ml;1382,54;837,70;-;MEDAC GMBH;044333058;AFV;
Bendamustina;BENDAMUSTINA 25MG 5 UNITA' USO PARENTERALE;BENDAMUSTINA*5 flaconcini EV 25 mg 2,5 mg/ml;345,64;209,43;-;EG SpA;044332029;AFX;
Bendamustina;BENDAMUSTINA 25MG 5 UNITA' USO PARENTERALE;BENDAMUSTINA*5 flaconcini EV 25 mg 2,5 mg/ml;345,64;209,43;-;MEDAC GMBH;044333021;AFX;
Bendamustina;BENDAMUSTINA 25MG 5 UNITA' USO PARENTERALE;BENDAMUSTINA*5 flaconcini EV polv 25 mg 2,5 mg/ml;345,64;209,43;-;EUGIA PHARMA (MALTA) LIMITED;050098021;AFX;
Bendamustina;BENDAMUSTINA 100MG 5 UNITA' USO PARENTERALE;BENDAMUSTINA*5 flaconcini infus 100 mg 2,5 mg/ml;1382,54;837,70;-;ACCORD HEALTHCARE SLU;044327056;AFV;
Bendamustina;BENDAMUSTINA 100MG 5 UNITA' USO PARENTERALE;BENDAMUSTINA*5 flaconcini infus 100 mg 2,5 mg/ml;1382,54;837,70;-;HIKMA FARMACEUTICA S.A.;046705024;AFV;
Bendamustina;BENDAMUSTINA 25MG 5 UNITA' USO PARENTERALE;BENDAMUSTINA*5 flaconcini infus 25 mg 2,5 mg/ml;345,64;209,43;-;ACCORD HEALTHCARE SLU;044327017;AFX;
Bendamustina;BENDAMUSTINA 25MG 5 UNITA' USO PARENTERALE;BENDAMUSTINA*5 flaconcini infus 25 mg 2,5 mg/ml;345,64;209,43;-;HIKMA FARMACEUTICA S.A.;046705012;AFX;
Bendamustina;BENDAMUSTINA 100MG 5 UNITA' USO PARENTERALE;BENDAMUSTINA*5 flaconcini polv EV 100 mg 2,5 mg/ml;1382,54;837,70;-;EUGIA PHARMA (MALTA) LIMITED;050098060;AFV;
Etanercept;ETANERCEPT 50MG 1ML 4 UNITA' USO PARENTERALE;BENEPALI*4 penne preriempite SC 50 mg 1 ml;1038,10;629,00;-;SAMSUNG BIOEPIS NL B.V.;044691020;APK;
Etanercept;ETANERCEPT 25MG 0,5ML 4 UNITA' USO PARENTERALE;BENEPALI*4 siringhe preriempite SC 0,51 ml 25 mg 50 mg/ml;518,33;314,07;-;SAMSUNG BIOEPIS NL B.V.;044691057;API;
Etanercept;ETANERCEPT 50MG 1ML 4 UNITA' USO PARENTERALE;BENEPALI*4 siringhe preriempite SC 1 ml 50 mg;1038,10;629,00;-;SAMSUNG BIOEPIS NL B.V.;044691018;APK;
Belimumab;BELIMUMAB 120MG 1 UNITA' USO PARENTERALE;BENLYSTA*1 flaconcino EV 120 mg;217,79;131,96;-;GLAXOSMITHKLINE (IRELAND) LTD;041381017;AFT;
Belimumab;BELIMUMAB 400MG 1 UNITA' USO PARENTERALE;BENLYSTA*1 flaconcino EV 400 mg;725,98;439,88;-;GLAXOSMITHKLINE (IRELAND) LTD;041381029;AFU;
Belimumab;BELIMUMAB 200MG 4 UNITA' USO PARENTERALE;BENLYSTA*4 penne preriempite SC 200 mg;1451,95;879,76;-;GLAXOSMITHKLINE (IRELAND) LTD;041381043;KPF;
Brolucizumab;BROLUCIZUMAB 6MG/DOSE 0,05ML 1 UNITA' USO INTRAVITREALE;BEOVU*1 siringa 120 mg/ml 0,165 ml;1012,85;613,70;-;NOVARTIS EUROPHARM LTD;048480014;LEC;
Tasonermina;TASONERMINA 1MG 5ML 4 UNITA' USO PARENTERALE;BEROMUN*4 fiale EV 1 mg + 4 fiale solv 5 ml;51243,95;31049,61;-;BELPHARMA s.a.;034483014;BLV;
Inotuzumab ozogamicin;INOTUZUMAB OZOGAMICIN 1MG 1 UNITA' USO PARENTERALE;BESPONSA*polv inf 1 flacone 1 mg;17263,18;10460,00;-;PFIZER EUROPE MA EEIG;045441019;KKZ;
Ropeginterferone alfa 2b;ROPEGINTERFERONE ALFA 2B 250 MCG 1 UNITA' USO PARENTERALE;BESREMI*1 penna preriempita + 2 aghi 250 mcg/0,5 ml;3407,29;2064,52;-;AOP ORPHAN PHARMACEUTICALS AG;047624010;LVM;
Carmustina;CARMUSTINA 100 MG 5ML 1 UNITA' USO PARENTERALE;BICNU*1 flaconcino polvere 100 mg + 1 flaconcino solvente 5 ml;1159,42;702,50;-;TILLOMED ITALIA Srl;047811017;LDD;
Bictegravir/emtricitabina/tenofovir alafenamide;BICTEGRAVIR+EMTRICITABINA+TENOFOVIR ALAFENAMIDE 30+120+15MG 30 UNITA' USO ORALE;BIKTARVY*30 cpr riv 30 mg + 120 mg + 15 mg flacone;1419,48;860,08;-;GILEAD SCIENCES IRELAND UC;046773053;NQM;
Bictegravir/emtricitabina/tenofovir alafenamide;BICTEGRAVIR+EMTRICITABINA+TENOFOVIR ALAFENAMIDE 50+200+25MG 30 UNITA' USO ORALE;BIKTARVY*30 cpr riv 50 mg + 200 mg + 25 mg flacone;1419,48;860,08;-;GILEAD SCIENCES IRELAND UC;046773014;MAE;
Bimekizumab;BIMEKIZUMAB 160MG/ML 1 UNITA' USO PARENTERALE;BIMZELX*1 penna preriempita SC 1 ml 160 mg/ml;1787,39;1083,00;-;UCB PHARMA S.A.;049693056;NFN;
Bimekizumab;BIMEKIZUMAB 160MG/ML 2 UNITA' USO PARENTERALE;BIMZELX*2 penne preriempite SC 1 ml 160 mg/ml;3574,76;2166,00;-;UCB PHARMA S.A.;049693068;LZL;
Bivalirudina;BIVALIRUDINA 250MG 10 UNITA' USO PARENTERALE;BIVALIRUDINA*10 flaconcini EV 250 mg;4456,08;2700,00;-;ACCORD HEALTHCARE SLU;044084034;AGH;
Bleomicina;BLEOMICINA 15.000UI 1 UNITA' USO PARENTERALE;BLEOPRIM*1 flaconcino iniett 15 mg;32,30;14,69;-;HIKMA FARMACEUTICA S.A.;022395026;AGI;
Blinatumomab;BLINATUMOMAB 38,5MCG 1 UNITA' USO PARENTERALE;BLINCYTO*1 flaconcino polv infus 38,5 mcg 10 ml;4209,40;2550,54;-;AMGEN EUROPE B.V.;044550010;JWT;
Sodio ibandronato;SODIO IBANDRONATO 6MG 6ML 1 UNITA' USO PARENTERALE;BONDRONAT*1 flaconcino EV 6 mg/6 ml;384,28;232,85;-;ATNAHS PHARMA NETHERLANDS BV;036570036;BKQ;
Sodio ibandronato;SODIO IBANDRONATO 3MG 3ML 1 UNITA' USO PARENTERALE;BONVIVA*1 siringa preriempita EV 3 mg/3 ml;138,37;83,85;-;ATNAHS PHARMA NETHERLANDS BV;036899033;BKP;
Bortezomib;BORTEZOMIB 3,5MG 1 UNITA' USO PARENTERALE;BORTEZOMIB*1 flaconcino EV SC 2,5 mg/ml 3,5 mg 1,4 ml;1277,98;774,35;-;EG SpA;045356019;AGJ;
Bortezomib;BORTEZOMIB 3,5MG 1 UNITA' USO PARENTERALE;BORTEZOMIB*1 flaconcino EV SC polv 3,5 mg;1277,98;774,35;-;MEDAC GMBH;046001020;AGJ;
Bortezomib;BORTEZOMIB 3,5MG 1 UNITA' USO PARENTERALE;BORTEZOMIB*1 flaconcino polv 3,5 mg;1277,98;774,35;-;DR. REDDY'S Srl;046042014;AGJ;
Bortezomib;BORTEZOMIB 3,5MG 1 UNITA' USO PARENTERALE;BORTEZOMIB*1 flaconcino polv 3,5 mg;1277,98;774,35;-;HIKMA PHARMA GMBH;047662010;AGJ;
Bortezomib;BORTEZOMIB 3,5MG 1 UNITA' USO PARENTERALE;BORTEZOMIB*1 flaconcino polv EV SC 3,5 mg;1277,98;774,35;-;EUGIA PHARMA (MALTA) LIMITED;047996018;AGJ;
Bortezomib;BORTEZOMIB 3,5MG 1 UNITA' USO PARENTERALE;BORTEZOMIB*1 flaconcino polv EV SC 3,5 mg;1277,98;774,35;-;FRESENIUS KABI DEUTSCH.GMBH;048360010;AGJ;
Bortezomib;BORTEZOMIB 3,5MG 1 UNITA' USO PARENTERALE;BORTEZOMIB*1 flacone EV SC 3,5 mg;1277,98;774,35;-;SUN PHARMACEUTICAL IND.EU.B.V.;044926018;AGJ;
Bortezomib;BORTEZOMIB 3,5MG 1 UNITA' USO PARENTERALE;BORTEZOMIB*EV 1 flaconcino polv 3,5 mg;1277,98;774,35;-;MYLAN SpA;047290022;AGJ;
Bortezomib;BORTEZOMIB 3,5MG 1 UNITA' USO PARENTERALE;BORTEZOMIB*EV SC 1 flaconcino 1 ml 2,5 mg/ml;1277,98;774,35;-;EVER VALINJECT GMBH;049717034;AGJ;
Bortezomib;BORTEZOMIB 3,5MG 1 UNITA' USO PARENTERALE;BORTEZOMIB*EV SC 1 flaconcino 1,4 ml 2,5 mg/ml;1277,98;774,35;-;ACCORD HEALTHCARE SLU;044378053;AGJ;
Bortezomib;BORTEZOMIB 2,5MG 1 UNITA' USO PARENTERALE;BORTEZOMIB*EV SC 1 flaconcino polv 2,5 mg;912,84;553,10;-;MEDAC GMBH;046001032;LCL;
Bortezomib;BORTEZOMIB 3,5MG 1 UNITA' USO PARENTERALE;BORTEZOMIB*EV SC 1 flaconcino polv 3,5 mg;1277,98;774,35;-;SANDOZ B.V.;046172019;AGJ;
Bosutinib;BOSUTINIB 100MG 28 UNITA' USO ORALE;BOSULIF*28 cpr riv 100 mg;1543,12;934,99;-;PFIZER EUROPE MA EEIG;042735011;UCA;
Bosutinib;BOSUTINIB 400MG 28 UNITA' USO ORALE;BOSULIF*28 cpr riv 400 mg;6172,47;3739,96;-;PFIZER EUROPE MA EEIG;042735062;LOL;
Bosutinib;BOSUTINIB 500MG 28 UNITA' USO ORALE;BOSULIF*28 cpr riv 500 mg;6172,47;3739,96;-;PFIZER EUROPE MA EEIG;042735035;UCB;
Bosutinib;BOSUTINIB 100MG 28 UNITA' USO ORALE;BOSUTINIB*28 cpr riv 100 mg;1080,19;654,49;-;DR.REDDY'S Srl;051018012;UCA;
Bosutinib;BOSUTINIB 100MG 28 UNITA' USO ORALE;BOSUTINIB*28 cpr riv 100 mg;1080,19;654,49;-;ZENTIVA ITALIA Srl;051020016;UCA;
Bosutinib;BOSUTINIB 400MG 28 UNITA' USO ORALE;BOSUTINIB*28 cpr riv 400 mg;4320,70;2617,97;-;DR.REDDY'S Srl;051018051;LOL;
Bosutinib;BOSUTINIB 400MG 28 UNITA' USO ORALE;BOSUTINIB*28 cpr riv 400 mg;4320,70;2617,97;-;ZENTIVA ITALIA Srl;051020055;LOL;
Bosutinib;BOSUTINIB 500MG 28 UNITA' USO ORALE;BOSUTINIB*28 cpr riv 500 mg;4320,70;2617,97;-;DR.REDDY'S Srl;051018087;UCB;
Bosutinib;BOSUTINIB 500MG 28 UNITA' USO ORALE;BOSUTINIB*28 cpr riv 500 mg;4320,70;2617,97;-;ZENTIVA ITALIA Srl;051020079;UCB;
Tossina botulinica di clostridium botulinum Tipo A;TOSSINA BOTULINICA DI CLOSTRIDIUM BOTULINUM TIPO A 100 UNITA' ALLERGAN SOLUZIONE USO PARENTERALE;BOTOX*1 fiala IM 100 Unita' Allergan;212,98;129,05;-;ABBVIE Srl;034883013;BNM;
Encorafenib;ENCORAFENIB 50MG 28 UNITA' USO ORALE;BRAFTOVI*28 cps 50 mg;3854,03;2335,21;-;PIERRE FABRE MEDICAMENT;047198015;LAV;
Encorafenib;ENCORAFENIB 75MG 42 UNITA' USO ORALE;BRAFTOVI*42x1 cps 75 mg;3854,03;2335,21;-;PIERRE FABRE MEDICAMENT;047198027;LAW;
C-13 Urea;C-13 UREA 75MG 10ML USO ORALE;BREATHQUALITY-UBT*orale soluz 75 mg 10 ml;42,44;19,29;-;AB ANALITICA Srl;034510014;BOM;
Esmololo;ESMOLOLO 2.500MG 1 UNITA' USO PARENTERALE;BREVIBLOC*1 sacca EV 250 ml 10 mg/ml;195,00;118,14;-;BAXTER SpA;027248032;AOZ;
Esmololo;ESMOLOLO 100MG 10ML 5 UNITA' USO PARENTERALE;BREVIBLOC*5 flaconcini infus 100 mg 10 ml;65,03;29,55;-;BAXTER SpA;027248020;AOY;
Lisocabtagene maraleucel;LISOCABTAGENE MARALEUCEL 1 FLACONE SOLUZIONE USO EV;BREYANZI*1 flaconcino EV 1,1-70x10 alla sesta - 1,1-70x10 alla sesta cellule dispersione per infusione;513872,67;311362,50;-;BRISTOL M.SQUIBB PHARMA EEIG;050053014;NBI;
Sugammadex;SUGAMMADEX 200MG 2ML 10 UNITA' USO PARENTERALE;BRIDION*10 flaconcini EV 2 ml 100 mg/ml;1221,31;740,00;-;MERCK SHARP & DOHME BV;038801015;BLK;
Sugammadex;SUGAMMADEX 500MG 5ML 10 UNITA' USO PARENTERALE;BRIDION*10 flaconcini EV 5 ml 100 mg/ml;3053,24;1849,99;-;MERCK SHARP & DOHME BV;038801027;BLL;
Cerliponase Alfa;CERLIPONASE ALFA 150MG 5ML 2 UNITA' USO PARENTERALE;BRINEURA*2 flaconcini EV 150 mg 5 ml + 1 flaconcino 5 ml;36181,84;21923,07;-;BIOMARIN INTERNATIONAL LIMITED;045425016;LFE;
Ublituximab;UBLITUXIMAB 25MG/ML 6ML 1 UNITA' USO PARENTERALE;BRIUMVI*1 flaconcino EV 6 ml 25 mg/ml;5067,24;3070,31;-;NEURAXPHARM PHARMACEUT. S.L.;050698012;NEQ;
Zanubrutinib;ZANUBRUTINIB 80MG 120 UNITA' USO ORALE;BRUKINSA*120 cps 80 mg flacone;9035,44;5474,70;-;BEONE MEDICINES IRELAND LTD;049782016;MGF;
Buprenorfina;BUPRENORFINA 2MG 7 UNITA' USO ORALE;BUPRENORFINA*7 cpr sublinguali 2 mg;4,74;2,87;-;MOLTENI & C. F.LLI ALITTI SpA;040325045;AGL;
Buprenorfina;BUPRENORFINA 2MG 7 UNITA' USO ORALE;BUPRENORFINA*7 cpr sublinguali 2 mg;4,23;2,56;-;SUN PHARMACEUTICAL IND.EU.B.V.;040643013;AGL;
Buprenorfina;BUPRENORFINA 8MG 7 UNITA' USO ORALE;BUPRENORFINA*7 cpr sublinguali 8 mg;14,64;8,87;-;MOLTENI & C. F.LLI ALITTI SpA;040325072;AGM;
Buprenorfina;BUPRENORFINA 8MG 7 UNITA' USO ORALE;BUPRENORFINA*7 cpr sublinguali 8 mg;14,64;8,87;-;SUN PHARMACEUTICAL IND.EU.B.V.;040643049;AGM;
Busulfano;BUSULFANO 60MG 1 UNITA' USO PARENTERALE;BUSULFAN*1 flaconcino EV 10 ml 6 mg/ml;336,09;203,64;-;TILLOMED ITALIA Srl;045540010;RAB;
Busulfano;BUSULFANO 60MG 8 UNITA' USO PARENTERALE;BUSULFAN*8 flaconcini EV 10 ml 6 mg/ml;2688,75;1629,15;-;ACCORD HEALTHCARE SLU;044182020;AGN;
Busulfano;BUSULFANO 60MG 8 UNITA' USO PARENTERALE;BUSULFANO*2x4 flaconcini EV 6 mg/ml;2688,75;1629,15;-;TEVA B.V.;046455010;AGN;
Paliperidone;PALIPERIDONE 1000MG 1 UNITA' USO PARENTERALE RP;BYANNLI*1 siringa preriempita IM 1.000 mg rilascio prolungato + 1 ago;4080,26;2472,28;-;JANSSEN CILAG INTERNAT.N.V.;048910083;MLQ;
Paliperidone;PALIPERIDONE 700MG 1 UNITA' USO PARENTERALE RP;BYANNLI*1 siringa preriempita IM 700 mg rilascio prolungato + 1 ago;3264,22;1977,83;-;JANSSEN CILAG INTERNAT.N.V.;048910071;MLR;
Odevixibat;ODEVIXIBAT 1200MCG 30 UNITA' USO ORALE;BYLVAY*30 cps 1.200 mcg flacone;32780,61;19862,22;-;IPSEN PHARMA;049571045;MGS;
Odevixibat;ODEVIXIBAT 200MCG 30 UNITA' USO ORALE;BYLVAY*30 cps 200 mcg flacone;5463,44;3310,37;-;IPSEN PHARMA;049571019;MGU;
Odevixibat;ODEVIXIBAT 400MCG 30 UNITA' USO ORALE;BYLVAY*30 cps 400 mcg flacone;10926,86;6620,74;-;IPSEN PHARMA;049571021;MGT;
Odevixibat;ODEVIXIBAT 600MCG 30 UNITA' USO ORALE;BYLVAY*30 cps 600 mcg flacone;16390,30;9931,11;-;IPSEN PHARMA;049571033;MLV;
Cabazitaxel;CABAZITAXEL 60MG 1 UNITA' USO PARENTERALE;CABAZITAXEL*1 flaconcino EV 20 mg/ml 3 ml;4476,20;2712,19;-;ACCORD HEALTHCARE SLU;048986018;AGO;
Cabazitaxel;CABAZITAXEL 45MG 1 UNITA' USO PARENTERALE;CABAZITAXEL*1 flaconcino EV 4,5 ml 10 mg/ml;3357,38;2034,28;-;EVER VALINJECT GMBH;048908014;LYI;
Cabazitaxel;CABAZITAXEL 60MG 1 UNITA' USO PARENTERALE;CABAZITAXEL*1 flaconcino EV 6 ml 10 mg/ml;4476,20;2712,19;-;EVER VALINJECT GMBH;048908038;AGO;
Cabazitaxel;CABAZITAXEL 60MG 1 UNITA' USO PARENTERALE;CABAZITAXEL*1 flaconcino EV 6 ml 10 mg/ml;4476,20;2712,19;-;TEVA B.V.;050156013;AGO;
Cabazitaxel;CABAZITAXEL 60MG 1 UNITA' USO PARENTERALE;CABAZITAXEL*1 flaconcino EV 60 mg;4476,20;2712,19;-;DR. REDDY'S Srl;048763015;AGO;
Cabazitaxel;CABAZITAXEL 60MG 1 UNITA' USO PARENTERALE;CABAZITAXEL*1 flaconcino polv EV 60 mg 1,5 ml + 1 flaconcino 5,67 ml solvente;4476,20;2712,19;-;TILLOMED ITALIA Srl;047995016;AGO;
Caplacizumab;CAPLACIZUMAB 10MG 1 UNITA' USO PARENTERALE;CABLIVI*1 flaconcino EV SC 10 mg + 1 siringa 1 ml + 1 adattatore + 1 ago + 2 tamponi imbevuti di alcool;6719,48;4071,42;-;ABLYNX NV;046989012;KZJ;
Cabozantinib;CABOZANTINIB 20MG 30 UNITA' USO ORALE;CABOMETYX*30 cpr riv 20 mg flacone;9607,19;5821,13;-;IPSEN PHARMA;045106022;KDL;
Cabozantinib;CABOZANTINIB 40MG 30 UNITA' USO ORALE;CABOMETYX*30 cpr riv 40 mg flacone;9607,19;5821,13;-;IPSEN PHARMA;045106046;KDM;
Cabozantinib;CABOZANTINIB 60MG 30 UNITA' USO ORALE;CABOMETYX*30 cpr riv 60 mg flacone;9607,19;5821,13;-;IPSEN PHARMA;045106061;KND;
Doxorubicina;DOXORUBICINA LIPOSOMIALE 20MG 1 UNITA' USO PARENTERALE;CAELYX PEGYLATED LIPOSOMAL*1 flaconcino EV 20 mg 10 ml 2 mg/ml;520,82;315,57;-;BAXTER HOLDING BV;033308014;ALZ;
Doxorubicina;DOXORUBICINA LIPOSOMIALE 50MG 1 UNITA' USO PARENTERALE;CAELYX PEGYLATED LIPOSOMAL*1 flaconcino EV 50 mg 25 ml 2 mg/ml;1302,04;788,92;-;BAXTER HOLDING BV;033308038;KCQ;
Calcio levofolinato;CALCIO LEVOFOLINATO 100MG 1 UNITA' USO PARENTERALE;CALCIO LEVOFOLINATO*1 flaconcino 10 ml 10 mg/ml;15,42;9,34;-;TEVA B.V.;036086080;AGP;
Calcio levofolinato;CALCIO LEVOFOLINATO 175MG 1 UNITA' USO PARENTERALE;CALCIO LEVOFOLINATO*1 flaconcino 17,5 ml 10 mg/ml;29,54;17,90;-;TEVA B.V.;036086104;AGQ;
Acalabrutinib;ACALABRUTINIB 100MG 56 UNITA' USO ORALE;CALQUENCE*56 cpr riv 100 mg;8876,93;5378,65;-;ASTRAZENECA AB;049155031;LHH;
Acalabrutinib;ACALABRUTINIB 100MG 56 UNITA' USO ORALE;CALQUENCE*56 cps 100 mg;8876,93;5378,65;-;ASTRAZENECA AB;049155017;LHH;
Irinotecan;IRINOTECAN 100MG 5ML 1 UNITA' USO PARENTERALE;CAMPTO*1 flaconcino EV 100 mg 5 ml 20 mg/ml;236,08;143,05;-;PFIZER ITALIA Srl;032949051;BBO;
Irinotecan;IRINOTECAN 300MG 15ML 1 UNITA' USO PARENTERALE;CAMPTO*1 flaconcino EV 300 mg 15 ml 20 mg/ml;708,23;429,13;-;PFIZER ITALIA Srl;032949063;BBP;
Irinotecan;IRINOTECAN 40MG 2ML 1 UNITA' USO PARENTERALE;CAMPTO*1 flaconcino EV 40 mg 2 ml 20 mg/ml;96,58;58,52;-;PFIZER ITALIA Srl;032949048;BBQ;
Mavacamten;MAVACAMTEN 10MG 28 UNITA' USO ORALE;CAMZYOS*28 cps 10 mg;2215,63;1342,47;;BRISTOL M.SQUIBB PHARMA EEIG;050755065;NVW;
Mavacamten;MAVACAMTEN 15MG 28 UNITA' USO ORALE;CAMZYOS*28 cps 15 mg;2215,63;1342,47;;BRISTOL M.SQUIBB PHARMA EEIG;050755089;NVX;
Mavacamten;MAVACAMTEN 2,5MG 28 UNITA' USO ORALE;CAMZYOS*28 cps 2,5 mg;2215,63;1342,47;;BRISTOL M.SQUIBB PHARMA EEIG;050755026;NVU;
Mavacamten;MAVACAMTEN 5MG 28 UNITA' USO ORALE;CAMZYOS*28 cps 5 mg;2215,63;1342,47;;BRISTOL M.SQUIBB PHARMA EEIG;050755040;NVV;
Vandetanib;VANDETANIB 100MG 30 UNITA' USO ORALE;CAPRELSA*30 cpr riv 100 mg;3025,75;1833,33;-;GENZYME EUROPE B.V.;041873011;UZA;
Vandetanib;VANDETANIB 300MG 30 UNITA' USO ORALE;CAPRELSA*30 cpr riv 300 mg;8252,05;5000,00;-;GENZYME EUROPE B.V.;041873023;UZB;
Carboplatino;CARBOPLATINO 1.000MG 100ML 1 UNITA' USO PARENTERALE;CARBOPLATINO*1 flaconcino EV 10 mg/ml 100 ml;357,59;216,67;-;MEDAC GMBH;050385057;DEW;
Carboplatino;CARBOPLATINO 150MG 15ML 1 UNITA' USO PARENTERALE;CARBOPLATINO*1 flaconcino EV 10 mg/ml 15 ml;67,03;40,61;-;HIKMA FARMACEUTICA S.A.;046416020;AGU;
Carboplatino;CARBOPLATINO 150MG 15ML 1 UNITA' USO PARENTERALE;CARBOPLATINO*1 flaconcino EV 10 mg/ml 15 ml;67,03;40,61;-;MEDAC GMBH;050385020;AGU;
Carboplatino;CARBOPLATINO 450MG 45ML 1 UNITA' USO PARENTERALE;CARBOPLATINO*1 flaconcino EV 10 mg/ml 45 ml;195,76;118,61;-;HIKMA FARMACEUTICA S.A.;046416032;AGV;
Carboplatino;CARBOPLATINO 450MG 45ML 1 UNITA' USO PARENTERALE;CARBOPLATINO*1 flaconcino EV 10 mg/ml 45 ml;195,76;118,61;-;MEDAC GMBH;050385032;AGV;
Carboplatino;CARBOPLATINO 50MG 5ML 1 UNITA' USO PARENTERALE;CARBOPLATINO*1 flaconcino EV 10 mg/ml 5 ml;22,34;13,54;-;HIKMA FARMACEUTICA S.A.;046416018;AGW;
Carboplatino;CARBOPLATINO 50MG 5ML 1 UNITA' USO PARENTERALE;CARBOPLATINO*1 flaconcino EV 10 mg/ml 5 ml;22,34;13,54;-;MEDAC GMBH;050385018;AGW;
Carboplatino;CARBOPLATINO 600MG 60ML 1 UNITA' USO PARENTERALE;CARBOPLATINO*1 flaconcino EV 10 mg/ml 60 ml;285,33;172,88;-;HIKMA FARMACEUTICA S.A.;046416044;AGY;
Carboplatino;CARBOPLATINO 600MG 60ML 1 UNITA' USO PARENTERALE;CARBOPLATINO*1 flaconcino EV 10 mg/ml 60 ml;285,33;172,88;-;MEDAC GMBH;050385044;AGY;
Carboplatino;CARBOPLATINO 150MG 15ML 1 UNITA' USO PARENTERALE;CARBOPLATINO*1 flaconcino EV 15 ml 10 mg/ml;67,03;40,61;-;EUGIA PHARMA (MALTA) LIMITED;050777022;AGU;
Carboplatino;CARBOPLATINO 150MG 15ML 1 UNITA' USO PARENTERALE;CARBOPLATINO*1 flaconcino EV 150 mg 15 ml;98,35;44,71;-;PFIZER ITALIA Srl;032776027;AGU;
Carboplatino;CARBOPLATINO 150MG 15ML 1 UNITA' USO PARENTERALE;CARBOPLATINO*1 flaconcino EV 150 mg 15 ml;67,03;40,61;-;ACCORD HEALTHCARE B.V.;039263025;AGU;
Carboplatino;CARBOPLATINO 450MG 45ML 1 UNITA' USO PARENTERALE;CARBOPLATINO*1 flaconcino EV 45 ml 10 mg/ml;195,76;118,61;-;EUGIA PHARMA (MALTA) LIMITED;050777034;AGV;
Carboplatino;CARBOPLATINO 450MG 45ML 1 UNITA' USO PARENTERALE;CARBOPLATINO*1 flaconcino EV 450 mg 45 ml;260,94;118,61;-;PFIZER ITALIA Srl;032776039;AGV;
Carboplatino;CARBOPLATINO 450MG 45ML 1 UNITA' USO PARENTERALE;CARBOPLATINO*1 flaconcino EV 450 mg 45 ml;195,76;118,61;-;ACCORD HEALTHCARE B.V.;039263037;AGV;
Carboplatino;CARBOPLATINO 50MG 5ML 1 UNITA' USO PARENTERALE;CARBOPLATINO*1 flaconcino EV 5 ml 10 mg/ml;22,34;13,54;-;EUGIA PHARMA (MALTA) LIMITED;050777010;AGW;
Carboplatino;CARBOPLATINO 50MG 5ML 1 UNITA' USO PARENTERALE;CARBOPLATINO*1 flaconcino EV 50 mg 5 ml;30,51;13,87;-;PFIZER ITALIA Srl;032776015;AGW;
Carboplatino;CARBOPLATINO 50MG 5ML 1 UNITA' USO PARENTERALE;CARBOPLATINO*1 flaconcino EV 50 mg 5 ml;22,34;13,54;-;ACCORD HEALTHCARE B.V.;039263013;AGW;
Carboplatino;CARBOPLATINO 600MG 60ML 1 UNITA' USO PARENTERALE;CARBOPLATINO*1 flaconcino EV 60 ml 10 mg/ml;285,33;172,88;-;EUGIA PHARMA (MALTA) LIMITED;050777046;AGY;
Carboplatino;CARBOPLATINO 600MG 60ML 1 UNITA' USO PARENTERALE;CARBOPLATINO*1 flaconcino EV 600 mg 60 ml;285,33;172,88;-;TEVA PHARMA B.V.;034347068;AGY;
Carboplatino;CARBOPLATINO 600MG 60ML 1 UNITA' USO PARENTERALE;CARBOPLATINO*1 flaconcino EV 600 mg 60 ml;285,33;172,88;-;ACCORD HEALTHCARE B.V.;039263049;AGY;
Carbossimaltosio ferrico;CARBOSSIMALTOSIO FERRICO 50MG/ML 10ML 1 UNITA' USO PARENTERALE;CARBOSSIMALTOSIO FERRICO*1 flaconcino EV 50 mg/ml 10 ml;101,66;61,60;-;SANDOZ SpA;050380043;CLY;
Carbossimaltosio ferrico;CARBOSSIMALTOSIO FERRICO 50MG/ML 10ML 1 UNITA' USO PARENTERALE;CARBOSSIMALTOSIO FERRICO*1 flaconcino EV 50 mg/ml 10 ml;101,66;61,60;;MYLAN SpA;050618040;CLY;
Carbossimaltosio ferrico;CARBOSSIMALTOSIO FERRICO 50MG/ML 2ML 5 UNITA' USO PARENTERALE;CARBOSSIMALTOSIO FERRICO*5 flaconcini EV 50 mg/ml 2 ml;101,66;61,60;-;SANDOZ SpA;050380031;CLZ;
Carbossimaltosio ferrico;CARBOSSIMALTOSIO FERRICO 50MG/ML 2ML 5 UNITA' USO PARENTERALE;CARBOSSIMALTOSIO FERRICO*5 flaconcini EV 50 mg/ml 2 ml;101,66;61,60;;MYLAN SpA;050618038;CLZ;
Carbossimaltosio ferrico;CARBOSSIMALTOSIO FERRICO 50MG/ML 2ML 5 UNITA' USO PARENTERALE;CARBOSSIMALTOSIO FERRICO*5 flaconcini EV 50 mg/ml 2 ml;101,66;61,60;-;TEVA B.V.;051088033;CLZ;
Dexrazoxano;DEXRAZOXANO 500MG 1 UNITA' USO PARENTERALE;CARDIOXANE*1 flaconcino EV 500 mg;70,76;42,87;-;CNX THERAPEUTICS IRELAND LTD;028223016;AKU;
Epoprostenolo;EPOPROSTENOLO 0,5MG 1 UNITA' USO PARENTERALE;CARIPUL*1 flaconcino EV 0,5 mg + 1 flaconcino solv 100 ml;104,13;63,09;-;JANSSEN CILAG INTERNAT.N.V.;042119038;AOK;
Epoprostenolo;EPOPROSTENOLO 1,5MG 1 UNITA' USO PARENTERALE;CARIPUL*1 flaconcino EV 1,5 mg + 1 flaconcino solv 100 ml;178,59;108,21;-;JANSSEN CILAG INTERNAT.N.V.;042119040;AOL;
Carmustina;CARMUSTINA 100 MG 3ML 1 UNITA' USO PARENTERALE;CARMUSTINA*1 flaconcino polvere EV 100 mg + 1 flaconcino solvente 3 ml;1159,42;702,50;-;WAYMADE B.V.;049733013;LPX;
Carmustina;CARMUSTINA 100 MG 3ML 1 UNITA' USO PARENTERALE;CARMUSTINE*1 flaconcino polvere EV 100 mg + 1 flaconcino solvente 3 ml;1159,42;702,50;-;MEDAC GMBH;046920017;LPX;
Exagamglogene autotemcel;EXAGAMGLOGENE AUTOTEMCEL 4-13x10 ALLA SESTA CELLULE/ML DISPERSIONE PER INFUSIONE;CASGEVY*1 o piu' flaconcini EV 4 x 10 alla sesta - 13 x 10 alla sesta cellule dispersione per infusione da 1,5 a 20 ml;2830045,01;1714750,00;;VERTEX PHARMACEUT.IRELAND LTD;051103012;NWZ;
Caspofungin;CASPOFUNGIN 50MG 1 UNITA' USO PARENTERALE;CASPOFUNGIN*1 flaconcino polv conc soluz infus 50 mg;403,90;244,73;-;SUN PHARMA FRANCE;044438012;AHE;
Caspofungin;CASPOFUNGIN 50MG 1 UNITA' USO PARENTERALE;CASPOFUNGIN*1 flaconcino polv conc soluz infus 50 mg;403,90;244,73;-;MYLAN SpA;044784015;AHE;
Caspofungin;CASPOFUNGIN 50MG 1 UNITA' USO PARENTERALE;CASPOFUNGIN*1 flaconcino polv conc soluz infus 50 mg;364,52;220,87;-;TEVA ITALIA Srl;044983017;AHE;
Caspofungin;CASPOFUNGIN 50MG 1 UNITA' USO PARENTERALE;CASPOFUNGIN*1 flaconcino polv conc soluz infus 50 mg;403,90;244,73;-;HIKMA FARMACEUTICA S.A.;044998019;AHE;
Caspofungin;CASPOFUNGIN 70MG 1 UNITA' USO PARENTERALE;CASPOFUNGIN*1 flaconcino polv conc soluz infus 70 mg;513,75;311,29;-;SUN PHARMA FRANCE;044438024;AHF;
Caspofungin;CASPOFUNGIN 70MG 1 UNITA' USO PARENTERALE;CASPOFUNGIN*1 flaconcino polv conc soluz infus 70 mg;513,75;311,29;-;MYLAN SpA;044784027;AHF;
Caspofungin;CASPOFUNGIN 70MG 1 UNITA' USO PARENTERALE;CASPOFUNGIN*1 flaconcino polv conc soluz infus 70 mg;463,66;280,94;-;TEVA ITALIA Srl;044983029;AHF;
Caspofungin;CASPOFUNGIN 70MG 1 UNITA' USO PARENTERALE;CASPOFUNGIN*1 flaconcino polv conc soluz infus 70 mg;513,75;311,29;-;HIKMA FARMACEUTICA S.A.;044998021;AHF;
Caspofungin;CASPOFUNGIN 50MG 1 UNITA' USO PARENTERALE;CASPOFUNGIN*1 flaconcino polv EV 50 mg;403,90;244,73;-;SANDOZ GMBH;044348011;AHE;
Caspofungin;CASPOFUNGIN 70MG 1 UNITA' USO PARENTERALE;CASPOFUNGIN*1 flaconcino polv EV 70 mg;516,87;313,17;-;SANDOZ GMBH;044348023;AHF;
Caspofungin;CASPOFUNGIN 50MG 1 UNITA' USO PARENTERALE;CASPOFUNGIN*1 flacone polv EV 50 mg;364,52;220,87;-;LABORATORIOS LORIEN S.L.;044414011;AHE;
Caspofungin;CASPOFUNGIN 50MG 1 UNITA' USO PARENTERALE;CASPOFUNGIN*1 flacone polv EV 50 mg;364,52;220,87;-;TILLOMED ITALIA Srl;049634013;AHE;
Caspofungin;CASPOFUNGIN 70MG 1 UNITA' USO PARENTERALE;CASPOFUNGIN*1 flacone polv EV 70 mg;463,66;280,94;-;LABORATORIOS LORIEN S.L.;044414023;AHF;
Caspofungin;CASPOFUNGIN 70MG 1 UNITA' USO PARENTERALE;CASPOFUNGIN*1 flacone polv EV 70 mg;463,66;280,94;-;TILLOMED ITALIA Srl;049634025;AHF;
Clonidina;CLONIDINA 0,15MG 1ML 5 UNITA' USO PARENTERALE;CATAPRESAN*5 fiale SC IM EV 0,15 mg 1 ml;4,99;2,27;-;GLENWOOD GMBH;021502036;AJL;
Cefazolina;CEFAZOLINA 1.000MG 1 UNITA' USO PARENTERALE EV;CEFAZOLINA*1 flacone polv EV 1 g + 1 fiala solv 10 ml;3,56;1,62;-;K24 PHARMACEUTICALS Srl;033444074;DFR;
Cefazolina;CEFAZOLINA 1.000MG 10 UNITA' USO PARENTERALE;CEFAZOLINA*10 flaconcini EV IM polv 1 g;18,87;11,43;-;QILU PHARMA SPAIN S.L.;045611023;LBK;
Cefepime;CEFEPIME 1.000MG 10 UNITA' USO PARENTERALE;CEFEPIME*10 flaconcini polv EV 1 g;85,38;51,73;-;QILU PHARMA SPAIN S.L.;045990025;LQK;
Cefepime;CEFEPIME 2.000MG 10 UNITA' USO PARENTERALE;CEFEPIME*10 flaconcini polv EV 2 g;231,16;140,07;-;QILU PHARMA SPAIN S.L.;045990052;LQO;
Cefotaxima;CEFOTAXIMA 2.000MG 1 UNITA' USO PARENTERALE;CEFOTAXIMA*1 flacone EV 2 g + 1 fiala solv 10 ml;9,49;4,31;-;TEVA ITALIA Srl;035374014;AHM;
Ceftazidima;CEFTAZIDIMA 1.000MG 1 UNITA' USO PARENTERALE EV;CEFTAZIDIMA*1 flaconcino EV 1 g + 1 fiala solv 10 ml;9,37;5,68;-;FRESENIUS KABI ITALIA Srl;036591042;AHP;
Ceftazidima;CEFTAZIDIMA 1.000MG 1 UNITA' USO PARENTERALE EV;CEFTAZIDIMA*1 flacone EV 1 g/10 ml + 1 fiala solv 10 ml;9,37;5,68;-;BIOPHARMA Srl;036012045;AHP;
Ceftazidima;CEFTAZIDIMA 2.000MG 1 UNITA' USO PARENTERALE EV;CEFTAZIDIMA*1 flacone EV 2 g;19,92;12,07;-;BIOPHARMA Srl;036012058;AHR;
Ceftazidima;CEFTAZIDIMA 2.000MG 1 UNITA' USO PARENTERALE EV;CEFTAZIDIMA*1 flacone EV 2 g;19,92;12,07;-;ASTRO-PHARMA VERTRIEB GMBH;036459030;AHR;
Ceftazidima;CEFTAZIDIMA 2.000MG 1 UNITA' USO PARENTERALE EV;CEFTAZIDIMA*1 flacone EV 2 g;19,92;12,07;-;FRESENIUS KABI ITALIA Srl;036591055;AHR;
Ceftazidima;CEFTAZIDIMA 1.000MG 10 UNITA' USO PARENTERALE IM EV;CEFTAZIDIMA*10 flaconcini polv EV 1 g;51,39;31,14;-;ASTRO-PHARMA VERTRIEB GMBH;036459055;AHQ;
Ceftazidima;CEFTAZIDIMA 2.000MG 10 UNITA' USO PARENTERALE EV;CEFTAZIDIMA*10 flaconcini polv EV 2 g;102,78;62,27;-;ASTRO-PHARMA VERTRIEB GMBH;036459067;LGF;
Ceftazidima;CEFTAZIDIMA 1.000MG 10 UNITA' USO PARENTERALE IM EV;CEFTAZIDIMA*10 flaconi polv EV 1 g;51,39;31,14;-;QILU PHARMA SPAIN S.L.;045576055;AHQ;
Ceftazidima;CEFTAZIDIMA 2.000MG 10 UNITA' USO PARENTERALE EV;CEFTAZIDIMA*10 flaconi polv EV 2 g;102,78;62,27;-;QILU PHARMA SPAIN S.L.;045576081;LGF;
Ceftriaxone;CEFTRIAXONE 1.000MG 1 UNITA' USO PARENTERALE EV;CEFTRIAXONE*1 fiala EV 1 g + 1 fiala solv 10 ml;7,44;4,50;-;RATIOPHARM GMBH;035802040;AHU;
Ceftriaxone;CEFTRIAXONE 1.000MG 1 UNITA' USO PARENTERALE EV;CEFTRIAXONE*1 fiala EV 1 g + 1 fiala solv 10 ml;7,44;4,50;-;BIOPHARMA Srl;035814033;AHU;
Ceftriaxone;CEFTRIAXONE 1.000MG 1 UNITA' USO PARENTERALE EV;CEFTRIAXONE*1 flacone EV 1 g 10 ml + 1 fiala 10 ml;7,44;4,50;-;FRESENIUS KABI ITALIA Srl;035906041;AHU;
Ceftriaxone;CEFTRIAXONE 2.000MG 1 UNITA' USO PARENTERALE;CEFTRIAXONE*1 flacone EV 2 g;14,95;9,06;-;RATIOPHARM GMBH;035802053;AHW;
Ceftriaxone;CEFTRIAXONE 2.000MG 10 UNITA' USO PARENTERALE EV;CEFTRIAXONE*10 flaconcini 2 g polv per infusione;134,55;81,52;-;MYLAN SpA;035878077;GSC;
Ceftriaxone;CEFTRIAXONE 1.000MG 10 UNITA' USO PARENTERALE EV;CEFTRIAXONE*10 flaconcini EV 1 g;70,67;37,68;-;MYLAN SpA;035878065;DGD;
Ceftriaxone;CEFTRIAXONE 1.000MG 10 UNITA' USO PARENTERALE;CEFTRIAXONE*10 flaconcini EV IM polv 1 g;70,67;37,68;-;QILU PHARMA SPAIN S.L.;045595028;AHV;
Ceftriaxone;CEFTRIAXONE 2.000MG 10 UNITA' USO PARENTERALE;CEFTRIAXONE*10 flaconcini EV IM polv 2 g;134,55;81,52;-;QILU PHARMA SPAIN S.L.;045595055;NQY;
Cefuroxima;CEFUROXIMA 750MG 50 UNITA' USO PARENTERALE EV;CEFUROXIMA*50 flaconi polv soluz iniett 750 mg;97,10;44,14;-;K24 PHARMACEUTICALS Srl;033447020;DGQ;
Maraviroc;MARAVIROC 150MG 60 UNITA' USO ORALE;CELSENTRI*60 cpr riv 150 mg;1340,55;812,25;-;VIIV HEALTHCARE BV;038138032;BDL;
Maraviroc;MARAVIROC 300MG 60 UNITA' USO ORALE;CELSENTRI*60 cpr riv 300 mg;1340,55;812,25;-;VIIV HEALTHCARE BV;038138083;BDM;
Maraviroc;MARAVIROC 150MG 60 UNITA' USO ORALE;CELSENTRI*60 cpr rivestite 150 mg;1246,7;755,39;;ABACUS MEDICINE A/S COPENHAGEN;051698013;BDL;
Maraviroc;MARAVIROC 300MG 60 UNITA' USO ORALE;CELSENTRI*60 cpr rivestite 300 mg;1246,7;755,39;;ABACUS MEDICINE A/S COPENHAGEN;051698025;BDM;
Maraviroc;MARAVIROC 20MG/ML 230ML USO ORALE;CELSENTRI*sol orale 230 ml 20 mg/ml flacone + adattatore + applicatore per uso orale;685,17;415,15;-;VIIV HEALTHCARE BV;038138133;KPE;
Proteina C Umana;PROTEINA C UMANA 1.000UI 1 UNITA' USO PARENTERALE;CEPROTIN*1 fiala EV 1.000 UI;3284,30;1990,00;-;BAXTER AG;035389028;BIS;
Proteina C Umana;PROTEINA C UMANA 500UI 1 UNITA' USO PARENTERALE;CEPROTIN*1 fiala EV 500 UI;1642,15;995,00;-;BAXTER AG;035389016;BIT;
Imiglucerasi;IMIGLUCERASI 400U 10ML 1 UNITA' USO PARENTERALE;CEREZYME*1 flaconcino EV 400 U/10 ml;2193,00;1328,77;-;SANOFI B.V.;034088031;AUE;
Adrenalina;ADRENALINA 150MCG 0,30ML 1 UNITA' USO PARENTERALE;CHENPEN*1 siringa preriempita IM 150 mcg/0,3 ml;62,13;37,65;-;BIOPROJET PHARMA;040864011;ACI;
Adrenalina;ADRENALINA 300MCG 0,30ML 1 UNITA' USO PARENTERALE;CHENPEN*1 siringa preriempita IM 300 mcg/0,3 ml;62,13;37,65;-;BIOPROJET PHARMA;040864023;ACL;
Adrenalina;ADRENALINA 500 MCG 0,3ML 1 UNITA' USO PARENTERALE;CHENPEN*1 siringa preriempita IM 500 mcg/0,3 ml;62,13;37,64;-;BIOPROJET PHARMA;040864050;LFW;
Chinina;CHININA CLORIDRATO 500MG 2ML 10 UNITA' USO PARENTERALE;CHININA CLORIDRATO*10 fiale 500 mg/2 ml;12,96;7,86;-;AID-STAB.CHIM. FARM.MILITARE;036310011;AIC;
Abrocitinib;ABROCITINIB 100MG 28 UNITA' USO ORALE;CIBINQO*28 cpr riv 100 mg;2097,19;1270,72;-;PFIZER EUROPE MA EEIG;049826098;MCK;
Abrocitinib;ABROCITINIB 50MG 28 UNITA' USO ORALE;CIBINQO*28 cpr riv 50 mg;2097,19;1270,72;-;PFIZER EUROPE MA EEIG;049826047;MCJ;
Abrocitinib;ABROCITINIB 200MG 28 UNITA' USO ORALE;CIBINQO*7x4 cpr riv 200 mg;2097,19;1270,72;-;PFIZER EUROPE MA EEIG;049826148;UZD;
Abrocitinib;ABROCITINIB 100MG 91 UNITA' USO ORALE;CIBINQO*91 cpr riv 100 mg;6815,88;4129,84;-;PFIZER EUROPE MA EEIG;049826100;MKK;
Cidofovir;CIDOFOVIR 375MG 5ML 1 UNITA' USO PARENTERALE;CIDOFOVIR*1 flaconcino EV 75 mg/ml 5 ml;849,61;514,80;-;TILLOMED ITALIA Srl;049238013;DIQ;
Certolizumab pegol;CERTOLIZUMAB PEGOL 200MG 1ML 2 UNITA' USO PARENTERALE;CIMZIA*2 penne SC 200 mg 1 ml + 2 salviettine;1519,29;920,55;-;UCB PHARMA S.A.;039539059;AHX;
Certolizumab pegol;CERTOLIZUMAB PEGOL 200MG 1ML 2 UNITA' USO PARENTERALE;CIMZIA*2 siringhe SC 200 mg 1 ml + 2 salviettine;1519,29;920,55;-;UCB PHARMA S.A.;039539010;AHX;
Ciprofloxacina;CIPROFLOXACINA 200MG 100ML 10 UNITA' USO PARENTERALE;CIPROFLOXACINA*10 flaconi EV 200 mg 100 ml;126,61;76,71;-;FRESENIUS KABI ITALIA Srl;037406257;AII;
Ciprofloxacina;CIPROFLOXACINA 400MG 200ML 10 UNITA' USO PARENTERALE;CIPROFLOXACINA*10 flaconi EV 400 mg 200 ml;287,92;174,46;-;FRESENIUS KABI ITALIA Srl;037406307;AIM;
Ciprofloxacina;CIPROFLOXACINA 200MG 100ML 10 UNITA' USO PARENTERALE;CIPROFLOXACINA*10 sacche soluz infus 200 mg/100 ml;133,30;80,78;-;GALENICA SENESE Srl;040034035;AII;
Ciprofloxacina;CIPROFLOXACINA 200MG 100ML 25 UNITA' USO PARENTERALE;CIPROFLOXACINA*25 flaconi EV 200 mg/100 ml;333,30;201,93;-;BIOINDUSTRIA L.I.M. SpA;038279030;AIJ;
Ciprofloxacina;CIPROFLOXACINA 400MG 200ML 25 UNITA' USO PARENTERALE;CIPROFLOXACINA*25 flaconi EV 400mg;757,79;459,14;-;BIOINDUSTRIA L.I.M. SpA;038279067;AIO;
Ciprofloxacina;CIPROFLOXACINA 200MG 100ML 1 UNITA' USO PARENTERALE;CIPROXIN*1 flacone EV 200 mg 100 ml;27,78;12,63;-;BAYER SpA;026664045;AIH;
Cisplatino;CISPLATINO 10MG 10ML 1 UNITA' USO PARENTERALE;CISPLATINO*1 flaconcino EV 10 ml 1 mg/ml;7,60;4,61;-;ACCORD HEALTHCARE SLU;040210015;AIR;
Cisplatino;CISPLATINO 100MG 100ML 1 UNITA' USO PARENTERALE;CISPLATINO*1 flaconcino EV 100 mg 100 ml;38,34;23,23;-;SANDOZ SpA;033346040;AIP;
Cisplatino;CISPLATINO 100MG 100ML 1 UNITA' USO PARENTERALE;CISPLATINO*1 flaconcino EV 100 mg 100 ml;38,34;23,23;-;TEVA ITALIA Srl;039054061;AIP;
Cisplatino;CISPLATINO 100MG 100ML 1 UNITA' USO PARENTERALE;CISPLATINO*1 flaconcino EV 100 ml 1 mg/ml;38,34;23,23;-;ACCORD HEALTHCARE SLU;040210041;AIP;
Cisplatino;CISPLATINO 100MG 100ML 1 UNITA' USO PARENTERALE;CISPLATINO*1 flaconcino EV 100 ml 1 mg/ml;38,34;23,23;-;HIKMA FARMACEUTICA S.A.;049681024;AIP;
Cisplatino;CISPLATINO 50MG 100ML 1 UNITA' USO PARENTERALE;CISPLATINO*1 flaconcino EV 50 mg 100 ml;23,88;14,47;-;TEVA ITALIA Srl;039054034;AIV;
Cisplatino;CISPLATINO 50MG 50ML 1 UNITA' USO PARENTERALE;CISPLATINO*1 flaconcino EV 50 ml 1 mg/ml;21,22;12,86;-;ACCORD HEALTHCARE SLU;040210039;AIW;
Cisplatino;CISPLATINO 50MG 50ML 1 UNITA' USO PARENTERALE;CISPLATINO*1 flaconcino EV 50 ml 1 mg/ml;21,22;12,86;-;HIKMA FARMACEUTICA S.A.;049681012;AIW;
Citarabina;CITARABINA 1.000MG 10ML 1 UNITA' USO PARENTERALE;CITARABINA*1 fiala EV 1 g 10 ml;31,51;14,33;-;HIKMA FARMACEUTICA S.A.;034164057;AIY;
Citarabina;CITARABINA 2.000MG 20ML 1 UNITA' USO PARENTERALE;CITARABINA*1 fiala EV 2 g 20 ml;61,68;28,04;-;HIKMA FARMACEUTICA S.A.;034164069;AJE;
Citarabina;CITARABINA 1.000MG 10ML 1 UNITA' USO PARENTERALE;CITARABINA*1 flaconcino EV SC 10 ml 100 mg/ml;23,64;14,33;-;ACCORD HEALTHCARE SLU;042356055;AIY;
Citarabina;CITARABINA 2.000MG 20ML 1 UNITA' USO PARENTERALE;CITARABINA*1 flaconcino EV SC 20 ml 100 mg/ml;46,28;28,04;-;ACCORD HEALTHCARE SLU;042356067;AJE;
Citarabina;CITARABINA 4.000MG 40ML 1 UNITA' USO PARENTERALE;CITARABINA*1 flaconcino EV SC 40 ml 100 mg/ml;92,56;56,08;-;ACCORD HEALTHCARE SLU;042356079;JDZ;
Citarabina;CITARABINA 500MG 5ML 5 UNITA' USO PARENTERALE;CITARABINA*5 fiale EV 500 mg 5 ml;76,25;34,66;-;HIKMA FARMACEUTICA S.A.;034164044;AJG;
Citarabina;CITARABINA 100MG 1ML 5 UNITA' USO PARENTERALE;CITARABINA*5 flaconcini EV SC 1 ml 100 mg/ml;12,89;7,81;-;ACCORD HEALTHCARE SLU;042356028;DKL;
Citarabina;CITARABINA 500MG 5ML 5 UNITA' USO PARENTERALE;CITARABINA*5 flaconcini EV SC 5 ml 100 mg/ml;57,20;34,66;-;ACCORD HEALTHCARE SLU;042356042;AJG;
Ganciclovir;GANCICLOVIR 500MG 1 UNITA' USO PARENTERALE;CITOVIRAX*1 flaconcino EV 500 mg;57,67;34,93;-;CHEPLAPHARM ARZNEIMITTEL GMBH;032837015;ASW;
Claritromicina;CLARITROMICINA 500MG 1 UNITA' USO PARENTERALE;CLARITROMICINA*1 flaconcino EV 500 mg;17,70;10,73;-;HIKMA FARMACEUTICA S.A.;042118012;IZE;
Claritromicina;CLARITROMICINA 500MG 1 UNITA' USO PARENTERALE;CLARITROMICINA*1 flaconcino EV 500 mg;17,70;10,73;-;ALTAN PHARMACEUTICALS S.A.;045203015;IZE;
Claritromicina;CLARITROMICINA 500MG 1 UNITA' USO PARENTERALE;CLARITROMICINA*1 flaconcino EV 500 mg;17,70;10,73;-;TILLOMED ITALIA Srl;048727010;IZE;
Claritromicina;CLARITROMICINA 500MG 10ML 10 UNITA' USO PARENTERALE;CLARITROMICINA*10 flaconcini EV 500 mg;118,56;71,84;-;HIKMA FARMACEUTICA S.A.;042118024;KFB;
Clevidipina;CLEVIDIPINA 0,5MG/ML 50ML 10 UNITA' USO PARENTERALE;CLEVIPREX*10 flaconcini EV 0,5 mg/ml 50 ml;2640,63;1600,00;-;CHIESI FARMACEUTICI SpA;041759010;KRQ;
Clindamicina;CLINDAMICINA 600MG 4ML 5 UNITA' USO PARENTERALE;CLINDAMICINA FOSFATO*5 fiale IM EV 600 mg 4 ml;20,67;12,53;-;BIOINDUSTRIA L.I.M. SpA;036441018;AJJ;
Clofarabina;CLOFARABINA 20MG 20ML 4 UNITA' USO PARENTERALE;CLOFARABINA*4 flaconcini EV 20 mg 20 ml 1 mg/ml;7584,47;4595,53;-;MEDAC PHARMA Srl;045373014;AJK;
Cloramfenicolo;CLORAMFENICOLO 1.000 MG 10ML 1 UNITA' USO PARENTERALE;CLORAMFENICOLO*1 flaconcino EV 1 g 10 ml;3,43;1,83;-;FISIOPHARMA Srl;031414016;69A;
Cloramfenicolo;CLORAMFENICOLO 1.000 MG 10ML 10 UNITA' USO PARENTERALE;CLORAMFENICOLO*10 flaconcini EV 1 g 10 ml;24,43;14,80;-;FISIOPHARMA Srl;031414028;NST;
Fattore II/Fattore VII/Fattore IX/Fattore X della coagulazione/Proteina C/Proteina S;FATTORE II+FATTORE VII+FATTORE IX+FATTORE X DELLA COAGULAZIONE+PROTEINA C+PROTEINA S 500UI 20ML 1 UNITA' USO PARENTERALE;COFACT*1 flaconcino EV 500 Unita' Internazionali + 1 flaconcino solv 20 ml con dispositivo Nextaro v;379,59;230,00;-;PROTHYA BIOSOLUTIONS NETH.BV;049861038;APS;
Glofitamab;GLOFITAMAB 10MG 10ML 1 UNITA' USO PARENTERALE;COLUMVI*1 flaconcino EV 10 mg 10 ml;5957,94;3610,00;-;ROCHE REGISTRATION GMBH;050753021;MYF;
Glofitamab;GLOFITAMAB 2,5MG 2,5ML 1 UNITA' USO PARENTERALE;COLUMVI*1 flaconcino EV 2,5 mg 2,5 ml;1489,49;902,50;-;ROCHE REGISTRATION GMBH;050753019;MYG;
Lamivudina/zidovudina;LAMIVUDINA+ZIDOVUDINA 150+300MG 60 UNITA' USO ORALE;COMBIVIR*60 cpr riv 150 mg + 300 mg;471,79;285,86;-;VIIV HEALTHCARE BV;034092015;BCI;
Cabozantinib;CABOZANTINIB 20MG 28 UNITA' + 80MG 28 UNITA' USO ORALE;COMETRIQ*28 cps 20 mg + 28 cps 80 mg;10128,50;6137,00;-;IPSEN PHARMA;043339050;JGC;
Cabozantinib;CABOZANTINIB 20MG 84 UNITA' USO ORALE;COMETRIQ*84 cps 20 mg;10128,50;6137,00;-;IPSEN PHARMA;043339047;JGB;
Cabozantinib;CABOZANTINIB 20MG 84 UNITA' + 80MG 28 UNITA' USO ORALE;COMETRIQ*84 cps 20 mg + 28 cps 80 mg;10128,50;6137,00;-;IPSEN PHARMA;043339062;JGD;
Fattore II/Fattore VII/Fattore IX/Fattore X della coagulazione/Proteina C/Proteina S;FATTORE II+FATTORE VII+FATTORE IX+FATTORE X DELLA COAGULAZIONE+PROTEINA C+PROTEINA S 1000UI 40ML 1UNITA' USO PARENTERALE;CONFIDEX 1000*1 flaconcino polv EV + 1 flaconcino solv 40 ml;759,18;460,00;-;CSL BEHRING GmbH;038844027;JNT;
Fattore II/Fattore VII/Fattore IX/Fattore X della coagulazione/Proteina C/Proteina S;FATTORE II+FATTORE VII+FATTORE IX+FATTORE X DELLA COAGULAZIONE+PROTEINA C+PROTEINA S 500UI 20ML 1 UNITA' USO PARENTERALE;CONFIDEX 500*1 flaconcino polv + 1 flaconcino solv 20 ml;379,59;230,00;-;CSL BEHRING GmbH;038844015;APS;
Pralidoxima;PRALIDOXIMA 200MG 10 UNITA' USO PARENTERALE;CONTRATHION*10 flaconcini EV 200 mg/10 ml;43,78;26,52;-;SERB SAS;021091020;BIK;
Amiodarone;AMIODARONE 150MG 3ML 6 UNITA' USO PARENTERALE;CORDARONE*6 fiale EV 150 mg 3 ml;5,63;3,41;-;SANOFI Srl;025035039;ADU;
Fenoldopam;FENOLDOPAM 20MG 2ML 1 UNITA' USO PARENTERALE;CORLOPAM*1 fiala EV 20 mg 2 ml;235,28;106,95;-;TEVA ITALIA Srl;028026019;APZ;
Secukinumab;SECUKINUMAB 150MG 1ML 1 UNITA' USO PARENTERALE;COSENTYX*1 penna preriempita SC 150 mg 1 ml;781,98;473,81;-;NOVARTIS EUROPHARM LTD;043873049;JOC;
Secukinumab;SECUKINUMAB 300MG 2ML 1 UNITA' USO PARENTERALE;COSENTYX*1 penna preriempita SC 300 mg 2 ml 150 mg/ml;1563,96;947,63;-;NOVARTIS EUROPHARM LTD;043873102;LSI;
Secukinumab;SECUKINUMAB 150MG 1ML 1 UNITA' USO PARENTERALE;COSENTYX*1 siringa preriempita SC 150 mg 1 ml;781,98;473,81;-;NOVARTIS EUROPHARM LTD;043873025;JOC;
Secukinumab;SECUKINUMAB 300MG 2ML 1 UNITA' USO PARENTERALE;COSENTYX*1 siringa preriempita SC 300 mg 2 ml 150 mg/ml;1563,96;947,63;-;NOVARTIS EUROPHARM LTD;043873088;LSI;
Secukinumab;SECUKINUMAB 75MG 0,5ML 1 UNITA' USO PARENTERALE;COSENTYX*1 siringa preriempita SC 75 mg 0,5 ml 150 mg/ml;390,99;236,91;-;NOVARTIS EUROPHARM LTD;043873126;LYO;
Secukinumab;SECUKINUMAB 150MG 1ML 2 UNITA' USO PARENTERALE;COSENTYX*2 penne preriempite SC 150 mg 1 ml;1563,96;947,63;-;NOVARTIS EUROPHARM LTD;043873052;GZM;
Secukinumab;SECUKINUMAB 150MG 1ML 2 UNITA' USO PARENTERALE;COSENTYX*2 siringhe preriempite SC 150 mg 1 ml;1563,96;947,63;-;NOVARTIS EUROPHARM LTD;043873037;GZM;
Dactinomicina;DACTINOMICINA 0,5MG 1 UNITA' USO PARENTERALE;COSMEGEN*1 flaconcino EV 0,5 mg polv;106,50;64,53;-;RECORDATI RARE DISEASES SARL;022738013;AJV;
Cobimetinib;COBIMETINIB 20MG 63 UNITA' USO ORALE;COTELLIC*3x21 cpr riv 20 mg;8636,04;5232,70;-;ROCHE REGISTRATION GMBH;044551012;JGY;
Isavuconazolo;ISAVUCONAZOLO 200MG 10ML 1 UNITA' USO PARENTERALE;CRESEMBA*1 flaconcino polv infus 10 ml 200 mg;595,79;361,00;-;BASILEA PHARM.DEUTSCH.GMBH;044528014;GXT;
Burosumab;BUROSUMAB 10MG/ML 1 UNITA' USO PARENTERALE;CRYSVITA*SC 1 flaconcino 10 mg 1 ml;5046,38;3057,67;-;KYOWA KIRIN HOLDINGS B.V.;046127015;LAC;
Burosumab;BUROSUMAB 20MG/ML 1 UNITA' USO PARENTERALE;CRYSVITA*SC 1 flaconcino 20 mg 1 ml;10091,27;6114,44;-;KYOWA KIRIN HOLDINGS B.V.;046127027;LAD;
Burosumab;BUROSUMAB 30MG/ML 1 UNITA' USO PARENTERALE;CRYSVITA*SC 1 flaconcino 30 mg 1 ml;15137,65;9172,11;-;KYOWA KIRIN HOLDINGS B.V.;046127039;LAE;
Daptomicina;DAPTOMICINA 350MG 1 UNITA' USO PARENTERALE;CUBICIN*1 flaconcino EV 350 mg 50 mg/ml;118,50;71,80;-;MERCK SHARP & DOHME BV;037151014;AJX;
Daptomicina;DAPTOMICINA 500MG 1 UNITA' USO PARENTERALE;CUBICIN*1 flaconcino EV polv 500 mg 10 ml 50 mg/ml;169,30;102,58;-;MERCK SHARP & DOHME BV;037151026;AJY;
Frazione fosfolipidica da polmone di suino;FRAZIONE FOSFOLIPIDICA DA POLMONE DI SUINO 240MG 3ML 1 UNITA' USO ENDOTRACHEALE O ENDOBRONCHIALE;CUROSURF*1 fiala 240 mg 3 ml;1280,32;581,96;-;CHIESI FARMACEUTICI SpA;028221024;ARZ;
Frazione fosfolipidica da polmone di suino;FRAZIONE FOSFOLIPIDICA DA POLMONE DI SUINO 120MG 1,5ML 2 UNITA' USO ENDOTRACHEALE O ENDOBRONCHIALE;CUROSURF*2 fiale 120 mg 1,5 ml;1280,32;581,96;-;CHIESI FARMACEUTICI SpA;028221012;ARY;
Immunoglobulina Umana Normale;IMMUNOGLOBULINA UMANA NORMALE 165MG/ML 1980MG 12ML 1 UNITA' USO PARENTERALE;CUTAQUIG*1 flaconcino SC 12 ml 165 mg/ml;214,55;130,00;-;OCTAPHARMA ITALY SpA;045996030;LWX;
Immunoglobulina Umana Normale;IMMUNOGLOBULINA UMANA NORMALE 165MG/ML 3960MG 24ML 1 UNITA' USO PARENTERALE;CUTAQUIG*1 flaconcino SC 24 ml 165 mg/ml;429,10;260,00;-;OCTAPHARMA ITALY SpA;045996055;LWY;
Immunoglobulina Umana Normale;IMMUNOGLOBULINA UMANA NORMALE 165MG/ML 7920MG 48ML 1 UNITA' USO PARENTERALE;CUTAQUIG*1 flaconcino SC 48 ml 165 mg/ml;858,21;520,00;-;OCTAPHARMA ITALY SpA;045996067;LWZ;
Immunoglobulina Umana Normale;IMMUNOGLOBULINA UMANA NORMALE 165MG/ML 990 MG 6ML 1 UNITA' USO PARENTERALE;CUTAQUIG*1 flaconcino SC 6 ml 165 mg/ml;107,28;65,00;-;OCTAPHARMA ITALY SpA;045996016;LWW;
Immunoglobulina Umana Normale;IMMUNOGLOBULINA UMANA NORMALE 2G 10ML 1 UNITA' USO PARENTERALE;CUVITRU*1 flaconcino SC 10 ml 200 mg/ml;214,55;130,00;-;BAXALTA INNOVATIONS GMBH;044244022;AVM;
Immunoglobulina Umana Normale;IMMUNOGLOBULINA UMANA NORMALE 4G 20ML 1 UNITA' USO PARENTERALE;CUVITRU*1 flaconcino SC 20 ml 200 mg/ml;429,10;260,00;-;BAXALTA INNOVATIONS GMBH;044244034;AVQ;
Immunoglobulina Umana Normale;IMMUNOGLOBULINA UMANA NORMALE 8G 40ML 1 UNITA' USO PARENTERALE;CUVITRU*1 flaconcino SC 40 ml 200 mg/ml;858,21;520,00;-;BAXALTA INNOVATIONS GMBH;044244046;KLI;
Immunoglobulina Umana Normale;IMMUNOGLOBULINA UMANA NORMALE 1G 5ML 1 UNITA' USO PARENTERALE;CUVITRU*1 flaconcino SC 5 ml 200 mg/ml;107,28;65,00;-;BAXALTA INNOVATIONS GMBH;044244010;AVI;
Ramucirumab;RAMUCIRUMAB 100MG 10ML 1 UNITA' USO PARENTERALE;CYRAMZA*1 flaconcino EV 10 ml 10 mg/ml;940,73;570,00;-;ELI LILLY NEDERLAND BV;043797012;JDG;
Ramucirumab;RAMUCIRUMAB 100MG 10ML 1 UNITA' USO PARENTERALE;CYRAMZA*1 flaconcino EV 10 ml 10 mg/ml;831,13;503,60;-;ABACUS MEDICINE A/S COPENHAGEN;051084010;JDG;
Ramucirumab;RAMUCIRUMAB 500MG 50ML 1 UNITA' USO PARENTERALE;CYRAMZA*1 flaconcino EV 50 ml 10 mg/ml;4703,64;2850,00;-;ELI LILLY NEDERLAND BV;043797036;JDH;
Ramucirumab;RAMUCIRUMAB 500MG 50ML 1 UNITA' USO PARENTERALE;CYRAMZA*1 flaconcino EV 50 ml 10 mg/ml;4155,67;2517,98;-;ABACUS MEDICINE A/S COPENHAGEN;051084022;JDH;
Immunoglobulina Umana Citomegalovirus;IMMUNOGLOBULINA UMANA CITOMEGALOVIRUS 1.000UI 10ML 1 UNITA' USO PARENTERALE EV;CYTOMEGATECT*1 flacone EV 1.000 U 10 ml;325,21;197,05;-;BIOTEST PHARMA GMBH;046731016;GWG;
Immunoglobulina Umana Citomegalovirus;IMMUNOGLOBULINA UMANA CITOMEGALOVIRUS 5.000UI 50ML 1 UNITA' USO PARENTERALE EV;CYTOMEGATECT*1 flacone EV 5.000 U 50 ml 100 U/ml;1431,45;867,34;-;BIOTEST PHARMA GMBH;046731028;GWH;
Apomorfina;APOMORFINA 5MG/ML 20ML 5 UNITA' USO PARENTERALE;DACEPTON*5 flaconcini SC 5 mg/ml 20 ml;469,20;284,29;-;EVER NEURO PHARMA GmbH;042035042;LUI;
Decitabina;DECITABINA 50MG 20ML 1 UNITA' USO PARENTERALE;DACOGEN*1 flaconcino EV 50 mg polvere;1832,07;1110,08;-;JANSSEN CILAG INTERNAT.N.V.;042634016;IZR;
Daptomicina;DAPTOMICINA 350MG 1 UNITA' USO PARENTERALE;DAPTOMICINA ACCORDPHARMA*1 flaconcino polv soluz iniett infus 350 mg;82,95;50,26;-;ACCORD HEALTHCARE SLU;048393019;AJX;
Daptomicina;DAPTOMICINA 500MG 1 UNITA' USO PARENTERALE;DAPTOMICINA ACCORDPHARMA*1 flaconcino polv soluz iniett infus 500 mg;118,50;71,80;-;ACCORD HEALTHCARE SLU;048393033;AJY;
Daptomicina;DAPTOMICINA 350MG 1 UNITA' USO PARENTERALE;DAPTOMICINA*1 flaconcino polv soluz iniett infus 350 mg;88,88;53,86;-;DR. REDDY'S Srl;044780017;AJX;
Daptomicina;DAPTOMICINA 350MG 1 UNITA' USO PARENTERALE;DAPTOMICINA*1 flaconcino polv soluz iniett infus 350 mg;82,95;50,27;-;XELLIA PHARMACEUTICALS ApS;045055011;AJX;
Daptomicina;DAPTOMICINA 350MG 1 UNITA' USO PARENTERALE;DAPTOMICINA*1 flaconcino polv soluz iniett infus 350 mg;82,95;50,27;-;HIKMA ITALIA SpA;045059019;AJX;
Daptomicina;DAPTOMICINA 350MG 1 UNITA' USO PARENTERALE;DAPTOMICINA*1 flaconcino polv soluz iniett infus 350 mg;82,95;50,27;-;ACCORD HEALTHCARE SLU;045436019;AJX;
Daptomicina;DAPTOMICINA 350MG 1 UNITA' USO PARENTERALE;DAPTOMICINA*1 flaconcino polv soluz iniett infus 350 mg;82,95;50,27;-;TILLOMED ITALIA Srl;048085017;AJX;
Daptomicina;DAPTOMICINA 500MG 1 UNITA' USO PARENTERALE;DAPTOMICINA*1 flaconcino polv soluz iniett infus 500 mg;126,99;76,94;-;DR. REDDY'S Srl;044780029;AJY;
Daptomicina;DAPTOMICINA 500MG 1 UNITA' USO PARENTERALE;DAPTOMICINA*1 flaconcino polv soluz iniett infus 500 mg;118,50;71,80;-;XELLIA PHARMACEUTICALS ApS;045055035;AJY;
Daptomicina;DAPTOMICINA 500MG 1 UNITA' USO PARENTERALE;DAPTOMICINA*1 flaconcino polv soluz iniett infus 500 mg;118,50;71,80;-;HIKMA ITALIA SpA;045059033;AJY;
Daptomicina;DAPTOMICINA 500MG 1 UNITA' USO PARENTERALE;DAPTOMICINA*1 flaconcino polv soluz iniett infus 500 mg;118,50;71,80;-;ACCORD HEALTHCARE SLU;045436033;AJY;
Daptomicina;DAPTOMICINA 500MG 1 UNITA' USO PARENTERALE;DAPTOMICINA*1 flaconcino polv soluz iniett infus 500 mg;118,50;71,80;-;TILLOMED ITALIA Srl;048085031;AJY;
Daptomicina;DAPTOMICINA 350MG 5 UNITA' USO PARENTERALE;DAPTOMICINA*5 flaconcini polv soluz iniett infus 350 mg;399,96;242,34;-;NORIDEM ENTERPRISES LTD;048789022;KKC;
Daptomicina;DAPTOMICINA 350MG 5 UNITA' USO PARENTERALE;DAPTOMICINA*5 flaconcini polv soluz iniett infus 350 mg;399,96;242,34;-;HAMELN PHARMA GmbH;049653025;KKC;
Daptomicina;DAPTOMICINA 500MG 5 UNITA' USO PARENTERALE;DAPTOMICINA*5 flaconcini polv soluz iniett infus 500 mg;571,41;346,23;-;NORIDEM ENTERPRISES LTD;048789061;KKD;
Daptomicina;DAPTOMICINA 500MG 5 UNITA' USO PARENTERALE;DAPTOMICINA*5 flaconcini polv soluz iniett infus 500 mg;571,41;346,23;-;HAMELN PHARMA GmbH;049653052;KKD;
Darunavir;DARUNAVIR 600MG 60 UNITA' USO ORALE;DARUNAVIR*2x30 cpr riv 600 mg flacone;553,77;335,54;-;TILLOMED ITALIA Srl;048365023;AKD;
Darunavir;DARUNAVIR 800MG 30 UNITA' USO ORALE;DARUNAVIR*30 cpr riv 800 mg flacone;364,53;220,88;-;SANDOZ SpA;044715035;IWP;
Darunavir;DARUNAVIR 800MG 30 UNITA' USO ORALE;DARUNAVIR*30 cpr riv 800 mg flacone;364,53;220,88;-;VIATRIS LIMITED;045250432;IWP;
Darunavir;DARUNAVIR 800MG 30 UNITA' USO ORALE;DARUNAVIR*30 cpr riv 800 mg flacone;364,53;220,88;-;KRKA D.D.NOVO MESTO;045929092;IWP;
Darunavir;DARUNAVIR 800MG 30 UNITA' USO ORALE;DARUNAVIR*30 cpr riv 800 mg flacone;266,11;161,24;-;AUROBINDO PHARMA ITALIA Srl;046290033;IWP;
Darunavir;DARUNAVIR 800MG 30 UNITA' USO ORALE;DARUNAVIR*30 cpr riv 800 mg flacone;364,53;220,88;-;ACCORD HEALTHCARE SLU;046823023;IWP;
Darunavir;DARUNAVIR 800MG 30 UNITA' USO ORALE;DARUNAVIR*30 cpr riv 800 mg flacone;364,53;220,88;-;TILLOMED ITALIA Srl;048365035;IWP;
Darunavir;DARUNAVIR 600MG 60 UNITA' USO ORALE;DARUNAVIR*30x2 cpr riv 600 mg flacone;553,77;335,54;-;KRKA D.D.NOVO MESTO;045929066;AKD;
Darunavir;DARUNAVIR 600MG 60 UNITA' USO ORALE;DARUNAVIR*60 cpr riv 600 mg flacone;553,77;335,54;-;SANDOZ SpA;044715023;AKD;
Darunavir;DARUNAVIR 600MG 60 UNITA' USO ORALE;DARUNAVIR*60 cpr riv 600 mg flacone;553,77;335,54;-;VIATRIS LIMITED;045250370;AKD;
Darunavir;DARUNAVIR 600MG 60 UNITA' USO ORALE;DARUNAVIR*60 cpr riv 600 mg flacone;404,25;244,95;-;AUROBINDO PHARMA ITALIA Srl;046290021;AKD;
Darunavir;DARUNAVIR 600MG 60 UNITA' USO ORALE;DARUNAVIR*60 cpr riv 600 mg flacone;553,77;335,54;-;ACCORD HEALTHCARE SLU;046823011;AKD;
Daratumumab;DARATUMUMAB 400MG 20ML 1 UNITA' USO PARENTERALE;DARZALEX*1 flacone EV 20 ml 20 mg/ml;2806,30;1700,37;-;JANSSEN CILAG INTERNAT.N.V.;044885022;KAD;
Daratumumab;DARATUMUMAB 100MG 5ML 1 UNITA' USO PARENTERALE;DARZALEX*1 flacone EV 5 ml 20 mg/ml;701,56;425,09;-;JANSSEN CILAG INTERNAT.N.V.;044885010;KAC;
Daratumumab;DARATUMUMAB 1800MG 15 ML 120MG/ML 1 UNITA' USO PARENTERALE;DARZALEX*1 flacone SC 15 ml 120 mg/ml;8418,85;5101,10;-;JANSSEN CILAG INTERNAT.N.V.;044885046;LSK;
Dasatinib;DASATINIB 100MG 30 UNITA' USO ORALE;DASATINIB*30 cpr riv 100 mg;3985,10;2414,63;-;EG SpA;045575180;AKE;
Dasatinib;DASATINIB 100MG 30 UNITA' USO ORALE;DASATINIB*30 cpr riv 100 mg;3985,10;2414,63;-;SANDOZ SpA;046281123;AKE;
Dasatinib;DASATINIB 100MG 30 UNITA' USO ORALE;DASATINIB*30 cpr riv 100 mg;3985,10;2414,63;-;MYLAN SpA;047966104;AKE;
Dasatinib;DASATINIB 100MG 30 UNITA' USO ORALE;DASATINIB*30 cpr riv 100 mg;3985,10;2414,63;-;ZENTIVA ITALIA Srl;048157073;AKE;
Dasatinib;DASATINIB 140MG 30 UNITA' USO ORALE;DASATINIB*30 cpr riv 140 mg;3985,10;2414,63;-;EG SpA;045575204;AKF;
Dasatinib;DASATINIB 140MG 30 UNITA' USO ORALE;DASATINIB*30 cpr riv 140 mg;3985,10;2414,63;-;SANDOZ SpA;046281147;AKF;
Dasatinib;DASATINIB 140MG 30 UNITA' USO ORALE;DASATINIB*30 cpr riv 140 mg;3985,10;2414,63;-;MYLAN SpA;047966130;AKF;
Dasatinib;DASATINIB 140MG 30 UNITA' USO ORALE;DASATINIB*30 cpr riv 140 mg;3985,10;2414,63;-;ZENTIVA ITALIA Srl;048157109;AKF;
Dasatinib;DASATINIB 80MG 30 UNITA' USO ORALE;DASATINIB*30 cpr riv 80 mg;3985,10;2414,63;-;EG SpA;045575166;AKM;
Dasatinib;DASATINIB 80MG 30 UNITA' USO ORALE;DASATINIB*30 cpr riv 80 mg;3985,10;2414,63;-;SANDOZ SpA;046281109;AKM;
Dasatinib;DASATINIB 80MG 30 UNITA' USO ORALE;DASATINIB*30 cpr riv 80 mg;3985,10;2414,63;-;MYLAN SpA;047966078;AKM;
Dasatinib;DASATINIB 80MG 30 UNITA' USO ORALE;DASATINIB*30 cpr riv 80 mg;3985,10;2414,63;-;ZENTIVA ITALIA Srl;048157046;AKM;
Dasatinib;DASATINIB 50MG 60 UNITA' USO ORALE;DASATINIB*60 cpr riv 50 mg;3985,10;2414,63;-;EG SpA;045575038;AKJ;
Dasatinib;DASATINIB 50MG 60 UNITA' USO ORALE;DASATINIB*60 cpr riv 50 mg;3985,10;2414,63;-;SANDOZ SpA;046281059;AKJ;
Dasatinib;DASATINIB 50MG 60 UNITA' USO ORALE;DASATINIB*60 cpr riv 50 mg;3985,10;2414,63;-;MYLAN SpA;047966015;AKJ;
Dasatinib;DASATINIB 50MG 60 UNITA' USO ORALE;DASATINIB*60 cpr riv 50 mg;3985,10;2414,63;-;ZENTIVA ITALIA Srl;048157010;AKJ;
Daunorubicina;DAUNORUBICINA 20MG 10ML 1 UNITA' USO PARENTERALE;DAUNOBLASTINA*1 flaconcino EV 20 mg + 1 fiala solv 10 ml;19,50;8,86;-;PFIZER ITALIA Srl;021035023;AKN;
Glasdegib;GLASDEGIB 100MG 30 UNITA' USO ORALE;DAURISMO*30 cpr riv 100 mg flacone;18472,93;11193,00;-;PFIZER EUROPE MA EEIG;048906046;MBJ;
Glasdegib;GLASDEGIB 25MG 60 UNITA' USO ORALE;DAURISMO*60 cpr riv 25 mg;18472,93;11193,00;-;PFIZER EUROPE MA EEIG;048906022;MBK;
Metronidazolo;METRONIDAZOLO 500MG 100ML 25 UNITA' USO PARENTERALE;DEFLAMON*25 flaconi EV 500 mg 100 ml;106,07;48,21;-;SPA (SOC.PRO.ANTIBIOTICI) SpA;021299045;BEB;
Doravirina/lamivudina/tenofovir disoproxil;DORAVIRINA+LAMIVUDINA+TENOFOVIR DISPROXIL 100+300+245MG 30 UNITA' USO ORALE;DELSTRIGO*30 cpr riv 100 mg + 300 mg + 245 mg;1302,06;788,93;-;MERCK SHARP & DOHME Ltd;047426010;KTH;
Delamanid;DELAMANID 50 MG 48 UNITA' USO ORALE;DELTYBA*48 cpr riv 50 mg;2286,91;1385,67;-;OTSUKA NOVEL PRODUCTS GMBH;043367046;JZM;
Sodio valproato;ACIDO VALPROICO (SALE DI SODIO) 400MG 4ML 4 UNITA' USO PARENTERALE;DEPAKIN*4 flaconcini polv EV 400 mg + 4 fiale solv 4 ml;50,42;22,91;-;SANOFI Srl;022483061;ABY;
Emtricitabina/Tenofovir alafenamide;EMTRICITABINA+TENOFOVIR ALAFENAMIDE 200+10MG 30 UNITA' USO ORALE;DESCOVY*30 cpr riv 200 mg + 10 mg;677,71;410,64;-;GILEAD SCIENCES IRELAND UC;044865018;JVX;
Emtricitabina/Tenofovir alafenamide;EMTRICITABINA+TENOFOVIR ALAFENAMIDE 200+25MG 30 UNITA' USO ORALE;DESCOVY*30 cpr riv 200 mg + 25 mg;677,71;410,64;-;GILEAD SCIENCES IRELAND UC;044865032;JVZ;
Dexmedetomidina;DEXMEDETOMIDINA 200MCG 2ML 25 UNITA' USO PARENTERALE;DEXDOR*25 fiale EV 2 ml 100 mcg/ml;586,49;355,36;-;ORION CORPORATION;041468024;DVS;
Dexmedetomidina;DEXMEDETOMIDINA 1.000MCG 10ML 4 UNITA' USO PARENTERALE;DEXDOR*4 flaconi EV 10 ml 100 mcg/ml;469,20;284,29;-;ORION CORPORATION;041468063;CYK;
Dexmedetomidina;DEXMEDETOMIDINA 400MCG 4ML 4 UNITA' USO PARENTERALE;DEXDOR*4 flaconi EV 4 ml 100 mcg/ml;187,67;113,72;-;ORION CORPORATION;041468048;KDN;
Dexmedetomidina;DEXMEDETOMIDINA 200MCG 2ML 25 UNITA' USO PARENTERALE;DEXMEDETOMIDINA*25 fiale EV 100 mcg/ml 2 ml;586,49;355,36;-;ALTAN PHARMA LIMITED;046270029;DVS;
Dexmedetomidina;DEXMEDETOMIDINA 200MCG 2ML 25 UNITA' USO PARENTERALE;DEXMEDETOMIDINA*25 fiale EV 2 ml 100 mcg/ml;586,49;355,36;-;EVER VALINJECT GMBH;045003023;DVS;
Dexmedetomidina;DEXMEDETOMIDINA 1.000MCG 10ML 4 UNITA' USO PARENTERALE;DEXMEDETOMIDINA*4 flaconcini EV 10 ml 100 mcg/ml;469,20;284,29;-;EVER VALINJECT GMBH;045003062;CYK;
Dexmedetomidina;DEXMEDETOMIDINA 400MCG 4ML 4 UNITA' USO PARENTERALE;DEXMEDETOMIDINA*4 flaconcini EV 4 ml 100 mcg/ml;187,67;113,72;-;EVER VALINJECT GMBH;045003047;KDN;
Fidaxomicina;FIDAXOMICINA 200MG 20 UNITA' USO ORALE;DIFICLIR*2x10 cpr riv 200 mg;2244,92;1360,23;-;TILLOTTS PHARMA GMBH;042326049;CLW;
Isosorbide dinitrato;ISOSORBIDE DINITRATO 10MG 10ML 10 UNITA' USO PARENTERALE;DINIKET*10 fiale EV 10 mg 10 ml;22,63;10,29;-;MERUS LABS LUXCO II SARL;026887012;BBW;
Propofol;PROPOFOL 1.000MG 50ML 1 UNITA' USO PARENTERALE;DIPRIVAN*1 flaconcino EV 1.000 mg 50 ml;35,15;15,98;-;ASPEN PHARMA TRADING LIMITED;026114088;BIN;
Propofol;PROPOFOL 500MG 50ML 1 UNITA' USO PARENTERALE;DIPRIVAN*1 flaconcino EV 500 mg 50 ml;20,93;9,51;-;ASPEN PHARMA TRADING LIMITED;026114025;BIQ;
Propofol;PROPOFOL 200MG 20ML 5 UNITA' USO PARENTERALE;DIPRIVAN*5 fiale EV 200 mg 20 ml;43,52;19,78;-;ASPEN PHARMA TRADING LIMITED;026114013;BIP;
Sufentanil;SUFENTANIL 250MCG 5ML 5 UNITA' USO PARENTERALE;DISUFEN*5 fiale 5 ml 50 mcg/ml;36,20;21,94;-;ANGELINI SpA;036323032;BLI;
Sufentanil;SUFENTANIL 50MCG 1ML 5 UNITA' USO PARENTERALE;DISUFEN*5 fiale EV 1 ml 50 mcg/ml;7,37;4,47;-;ANGELINI SpA;036323018;BLJ;
Torasemide;TORASEMIDE 200MG 20ML 1 UNITA' USO PARENTERALE;DIURESIX*1 fiala EV 200 mg 20 ml;9,89;4,49;-;MENARINI INTERNAT. O.L.S.A;028262032;BNL;
Dobutamina;DOBUTAMINA 250MG 20ML 1 UNITA' USO PARENTERALE;DOBUTAMINA*1 flaconcino EV 250 mg 20 ml;9,37;4,26;-;BIOINDUSTRIA L.I.M. SpA;034449013;ALH;
Dobutamina;DOBUTAMINA 250MG 20ML 10 UNITA' USO PARENTERALE;DOBUTAMINA*10 flaconcini EV 20 ml 12,5 mg/ml;63,45;38,45;-;HIKMA FARMACEUTICA S.A.;043294014;LUY;
Docetaxel;DOCETAXEL 160MG 8ML 1 UNITA' USO PARENTERALE;DOCETAXEL*1 flaconcino EV 160 mg/8 ml;585,90;355,01;-;ACCORD HEALTHCARE SLU;042184034;ALK;
Docetaxel;DOCETAXEL 160MG 8ML 1 UNITA' USO PARENTERALE;DOCETAXEL*1 flaconcino EV 160 mg/8 ml;585,90;355,01;-;HIKMA FARMACEUTICA S.A.;044686032;ALK;
Docetaxel;DOCETAXEL 20MG 1ML 1 UNITA' USO PARENTERALE;DOCETAXEL*1 flaconcino EV 20 mg 1 ml;84,37;51,12;-;TEVA B.V.;040577013;ALM;
Docetaxel;DOCETAXEL 20MG 1ML 1 UNITA' USO PARENTERALE;DOCETAXEL*1 flaconcino EV 20 mg/ml;84,37;51,12;-;ACCORD HEALTHCARE SLU;042184010;ALM;
Docetaxel;DOCETAXEL 20MG 1ML 1 UNITA' USO PARENTERALE;DOCETAXEL*1 flaconcino EV 20 mg/ml;84,37;51,12;-;HIKMA FARMACEUTICA S.A.;044686018;ALM;
Docetaxel;DOCETAXEL 80MG 4ML 1 UNITA' USO PARENTERALE;DOCETAXEL*1 flaconcino EV 80 mg 4 ml;315,01;190,87;-;TEVA B.V.;040577025;ALR;
Docetaxel;DOCETAXEL 80MG 4ML 1 UNITA' USO PARENTERALE;DOCETAXEL*1 flaconcino EV 80 mg/4 ml;315,01;190,87;-;ACCORD HEALTHCARE SLU;042184022;ALR;
Docetaxel;DOCETAXEL 80MG 4ML 1 UNITA' USO PARENTERALE;DOCETAXEL*1 flaconcino EV 80 mg/4 ml;315,01;190,87;-;HIKMA FARMACEUTICA S.A.;044686020;ALR;
Docetaxel;DOCETAXEL 140MG 7ML 1 UNITA' USO PARENTERALE;DOCETAXEL*1 flacone EV 140 mg 7 ml 20 mg/ml;512,67;310,63;-;EUGIA PHARMA (MALTA) LIMITED;040113033;ALI;
Docetaxel;DOCETAXEL 20MG 1ML 1 UNITA' USO PARENTERALE;DOCETAXEL*1 flacone EV 20 mg 1 ml 20 mg/ml;84,37;51,12;-;EUGIA PHARMA (MALTA) LIMITED;040113019;ALM;
Docetaxel;DOCETAXEL 80MG 4ML 1 UNITA' USO PARENTERALE;DOCETAXEL*1 flacone EV 80 mg 4 ml 20 mg/ml;315,01;190,87;-;EUGIA PHARMA (MALTA) LIMITED;040113021;ALR;
Docetaxel;DOCETAXEL 160MG 8ML 1 UNITA' USO PARENTERALE;DOCETAXEL*20 mg/ml EV 1 flaconcino 8 ml;585,90;355,55;-;EUGIA PHARMA (MALTA) LIMITED;040113045;ALK;
Dopamina;DOPAMINA 200MG 5ML 10 UNITA' USO PARENTERALE;DOPAMINA CLORIDRATO*10 fiale EV 200 mg 5 ml;10,67;6,46;-;HIKMA FARMACEUTICA S.A.;044098010;ALU;
Dopamina;DOPAMINA 200MG 5ML 10 UNITA' USO PARENTERALE;DOPAMINA*10 fiale EV 200 mg 5 ml;10,67;6,46;-;PFIZER ITALIA Srl;035442019;ALU;
Avatrombopag;AVATROMBOPAG 20MG 10 UNITA' USO ORALE;DOPTELET*10 cpr riv 20 mg;1356,91;822,18;-;SWEDISH ORPHAN BIOVITRUM AB(PU;048079014;LFT;
Avatrombopag;AVATROMBOPAG 20MG 15 UNITA' USO ORALE;DOPTELET*15 cpr riv 20 mg;2035,38;1233,27;-;SWEDISH ORPHAN BIOVITRUM AB(PU;048079026;LFS;
Avatrombopag;AVATROMBOPAG 20MG 30 UNITA' USO ORALE;DOPTELET*30 cpr riv 20 mg;4070,76;2466,53;-;SWEDISH ORPHAN BIOVITRUM AB(PU;048079038;LZN;
Dolutegravir/Lamivudina;DOLUTEGRAVIR+LAMIVUDINA 50+300MG 30 UNITA' USO ORALE;DOVATO*30 cpr riv 50 mg + 300 mg;1050,68;636,62;-;VIIV HEALTHCARE BV;048058034;LBI;
Dolutegravir/Lamivudina;DOLUTEGRAVIR+LAMIVUDINA 50+300MG 30 UNITA' USO ORALE;DOVATO*30 cpr riv 50 mg + 300 mg flacone;1050,68;636,62;-;VIIV HEALTHCARE BV;048058010;LBI;
Pretomanid;PRETOMANID 200MG 26 UNITA' USO ORALE;DOVPRELA*26 cpr 200 mg flacone;4705,28;2851,00;-;MYLAN IRE HEALTHCARE LTD;048955037;LTG;
Doxorubicina;DOXORUBICINA 10MG 5ML 1 UNITA' USO PARENTERALE;DOXORUBICINA*1 flaconcino EV 10 mg 5 ml 2 mg/ml;14,90;9,03;-;TEVA ITALIA Srl;039646017;ALW;
Doxorubicina;DOXORUBICINA 10MG 5ML 1 UNITA' USO PARENTERALE;DOXORUBICINA*1 flaconcino EV 10 mg 5 ml 2 mg/ml;14,90;9,03;-;ACCORD HEALTHCARE SLU;040581011;ALW;
Doxorubicina;DOXORUBICINA 100MG 50ML 1 UNITA' USO PARENTERALE;DOXORUBICINA*1 flaconcino EV 100 mg 50 ml 2 mg/ml;111,27;67,42;-;ACCORD HEALTHCARE SLU;040581050;ALV;
Doxorubicina;DOXORUBICINA 200MG 100ML 1 UNITA' USO PARENTERALE;DOXORUBICINA*1 flaconcino EV 100 ml 2 mg/ml;222,68;134,93;-;EUGIA PHARMA (MALTA) LIMITED;040693083;ALY;
Doxorubicina;DOXORUBICINA 200MG 100ML 1 UNITA' USO PARENTERALE;DOXORUBICINA*1 flaconcino EV 200 mg 100 ml 2 mg/ml;222,68;134,93;-;ACCORD HEALTHCARE SLU;040581035;ALY;
Doxorubicina;DOXORUBICINA 50MG 25ML 1 UNITA' USO PARENTERALE;DOXORUBICINA*1 flaconcino EV 25 ml 2 mg/ml;62,56;37,91;-;EUGIA PHARMA (MALTA) LIMITED;040693057;AMF;
Doxorubicina;DOXORUBICINA 50MG 25ML 1 UNITA' USO PARENTERALE;DOXORUBICINA*1 flaconcino EV 25 ml 2 mg/ml;62,56;37,91;-;HIKMA FARMACEUTICA S.A.;042970020;AMF;
Doxorubicina;DOXORUBICINA 10MG 5ML 1 UNITA' USO PARENTERALE;DOXORUBICINA*1 flaconcino EV 5 ml 2 mg/ml;14,90;9,03;-;EUGIA PHARMA (MALTA) LIMITED;040693018;ALW;
Doxorubicina;DOXORUBICINA 10MG 5ML 1 UNITA' USO PARENTERALE;DOXORUBICINA*1 flaconcino EV 5 ml 2 mg/ml;14,90;9,03;-;HIKMA FARMACEUTICA S.A.;042970018;ALW;
Doxorubicina;DOXORUBICINA 50MG 25ML 1 UNITA' USO PARENTERALE;DOXORUBICINA*1 flaconcino EV 50 mg 25 ml 2 mg/ml;62,56;37,91;-;TEVA ITALIA Srl;039646031;AMF;
Doxorubicina;DOXORUBICINA 50MG 25ML 1 UNITA' USO PARENTERALE;DOXORUBICINA*1 flaconcino EV 50 mg 25 ml 2 mg/ml;62,56;37,91;-;ACCORD HEALTHCARE SLU;040581023;AMF;
Doxorubicina;DOXORUBICINA 100MG 50ML 1 UNITA' USO PARENTERALE;DOXORUBICINA*1 flaconcino EV 50 ml 2 mg/ml;111,27;67,42;-;EUGIA PHARMA (MALTA) LIMITED;040693069;ALV;
Foslevodopa/foscarbidopa;LEVODOPA+CARBIDOPA 240MG/ML+12MG/ML 10ML 7 UNITA' USO PARENTERALE;DUODOPA*7 flaconcini soluz infus SC 10 ml 240 mg/ml + 12 mg/ml;1126,05;682,29;-;ABBVIE Srl;036885034;MWR;
Levodopa/carbidopa;LEVODOPA+CARBIDOPA 20MG/ML+5MG/ML 100ML 7 UNITA' USO INTESTINALE;DUODOPA*7 sacche gel intestinale 100 ml 20 mg/ml + 5 mg/ml;1126,05;682,29;-;ABBVIE Srl;036885010;BCS;
Tossina botulinica di clostridium botulinum Tipo A;TOSSINA BOTULINICA DI CLOSTRIDIUM BOTULINUM TIPO A 500U 2 UNITA' USO PARENTERALE;DYSPORT*2 fiale IM SC 500 U;732,87;444,05;-;IPSEN SpA;028362022;BNO;
Lebrikizumab;LEBRIKIZUMAB 250MG 2ML 2 UNITA' USO PARENTERALE;EBGLYSS*2 penne preriempite SC 250 mg 2 ml;3813,12;2310,40;-;ALMIRALL S.A.;050964081;MYH;
Lebrikizumab;LEBRIKIZUMAB 250MG 2ML 2 UNITA' USO PARENTERALE;EBGLYSS*2 siringhe preriempite SC 250 mg 2 ml;3813,12;2310,40;-;ALMIRALL S.A.;050964028;MYH;
Urapidil;URAPIDIL 50MG 10ML 5 UNITA' USO PARENTERALE;EBRANTIL*5 fiale EV 50 mg 10 ml;22,45;13,60;-;CHEPLAPHARM ARZNEIMITTEL GMBH;026563080;BOI;
Tabelecleucel;TABELECLEUCEL 2,8x10 alla settima 7,3X10 alla settima cellule/ml EV-6FL;EBVALLO*1-6 flaconcini 2,8x10 alla settima - 7,3x10 alla settima cellule/ml;111711,45;67687,50;-;PIERRE FABRE MEDICAMENT;050463013;UZL;
Anidulafungina;ANIDULAFUNGINA 100MG 30ML 1 UNITA' USO PARENTERALE;ECALTA*1 flaconcino EV 100 mg 30 ml;594,15;360,00;-;PFIZER EUROPE MA EEIG;038382026;AEJ;
Rilpivirina;RILPIVIRINA 25MG 30 UNITA' USO ORALE;EDURANT*30 cpr riv 25 mg flacone;407,31;246,80;-;JANSSEN CILAG INTERNAT.N.V.;041664018;BJE;
Efavirenz/emtricitabina/tenofovir disoproxil;EFAVIRENZ+EMTRICITABINA+TENOFOVIR DISOPROXIL 600+200+245MG 30 UNITA' USO ORALE;EFAVIRENZ EMTRICITABINA TENOFOVIR DISOPROXIL*30 cpr riv 600 mg + 200 mg + 245 mg flacone;396,04;239,97;-;ZENTIVA K.S.;045495013;AMM;
Efavirenz/emtricitabina/tenofovir disoproxil;EFAVIRENZ+EMTRICITABINA+TENOFOVIR DISOPROXIL 600+200+245MG 30 UNITA' USO ORALE;EFAVIRENZ EMTRICITABINA TENOFOVIR DISOPROXIL*30 cpr riv 600 mg + 200 mg + 245 mg flacone;742,58;449,94;-;MYLAN PHARMACEUTICALS LIMITED;045670015;AMM;
Efavirenz/emtricitabina/tenofovir disoproxil;EFAVIRENZ+EMTRICITABINA+TENOFOVIR DISOPROXIL 600+200+245MG 30 UNITA' USO ORALE;EFAVIRENZ EMTRICITABINA TENOFOVIR DISOPROXIL*30 cpr riv 600 mg + 200 mg + 245 mg flacone;396,04;239,97;-;KRKA D.D.NOVO MESTO;046104016;AMM;
Efavirenz/emtricitabina/tenofovir disoproxil;EFAVIRENZ+EMTRICITABINA+TENOFOVIR DISOPROXIL 600+200+245MG 30 UNITA' USO ORALE;EFAVIRENZ EMTRICITABINA TENOFOVIR DISOPROXIL*30 cpr riv 600 mg + 200 mg + 245 mg flacone;396,04;239,97;-;AUROBINDO PHARMA ITALIA Srl;047978061;AMM;
Efavirenz;EFAVIRENZ 600MG 30 UNITA' USO ORALE;EFAVIRENZ*30 cpr riv 600 mg;264,76;160,42;-;AUROBINDO PHARMA ITALIA Srl;043379015;AML;
Fluoro 18F desossiglucosio;FLUORO 18F DESOSSIGLUCOSIO 1GBQ/ML 11ML 1 UNITA' USO PARENTERALE;EFDEGE*1 flaconcino multid 11 ml 1 GBq/ml;-;-;-;CURIUM AUSTRIA GMBH;036751016;ARM;
Fluoro 18F desossiglucosio;FLUORO 18F DESOSSIGLUCOSIO 1GBQ/ML 20ML 1 UNITA' USO PARENTERALE;EFDEGE*1 flaconcino multid 20 ml 1 GBq/ml;-;-;-;CURIUM AUSTRIA GMBH;036751028;JDN;
Idrocortisone;IDROCORTISONE 10MG 50 UNITA' USO ORALE RM;EFMODY*50 cps 10 mg rilascio modificato flacone;529,86;321,05;-;NEUROCRINE NETHERLANDS BV;049545027;MBP;
Idrocortisone;IDROCORTISONE 5MG 50 UNITA' USO ORALE RM;EFMODY*50 cps 5 mg rilascio modificato flacone;264,94;160,53;-;NEUROCRINE NETHERLANDS BV;049545015;IWQ;
Idursulfasi;IDURSULFASI 6MG 3ML 1 UNITA' USO PARENTERALE;ELAPRASE*1 flaconcino EV 3 ml 2 mg/ml;4356,75;2639,81;-;TAKEDA PHARM.INT.AG IR.BRANCH;039403011;ATX;
Vindesina;VINDESINA 5MG 1 UNITA' USO PARENTERALE;ELDISINE*1 flaconcino EV 5 mg polv;187,57;85,26;-;EG SpA;025289024;BPR;
Sodio Cloruro/Potassio Acetato/Potassio Fosfato Bibasico/Magnesio Solfato Eptaidrato/Calcio Gluconato Monoidrato/Glucosio Monoidrato;ELETTROLITICA REIDRATANTE CON GLUCOSIO E CALCIO GLUCONATO 2.000ML 6 UNITA' USO PARENTERALE;ELETTROLITICA REIDRATANTE CON GLUCOSIO E CALCIO GLUCONATO*6 sacche EV 2.000 ml;39,91;24,18;-;FRESENIUS KABI ITALIA Srl;031379100;AMN;
Pegunigalsidasi alfa;PEGUNIGALSIDASI ALFA 20MG 10ML 1 UNITA' USO PARENTERALE;ELFABRIO*1 flaconcino EV 2 mg/ml 10 ml;2902,51;1758,67;-;CHIESI FARMACEUTICI SpA;050667017;NAK;
Pimecrolimus;PIMECROLIMUS 1% 30G CREMA USO DERMATOLOGICO;ELIDEL*crema derm 30 g 1%;39,34;23,84;-;VIATRIS HEALTHCARE LIMITED;036006029;BHV;
Citalopram;CITALOPRAM 40MG 1ML 10 UNITA' USO PARENTERALE;ELOPRAM*10 fiale EV 40 mg 1 ml;86,21;39,19;-;LUNDBECK ITALIA SpA;028681043;AIX;
Eltrombopag;ELTROMBOPAG 25MG 28 UNITA' USO ORALE;ELREVOLAN*28 cpr rivestite 25 mg;1194,67;723,87;;G.L. PHARMA GmbH;050662079;AMO;
Eltrombopag;ELTROMBOPAG 50MG 28 UNITA' USO ORALE;ELREVOLAN*28 cpr rivestite 50 mg;2389,35;1447,73;;G.L. PHARMA GmbH;050662117;AMP;
Elranatamab;ELRANATAMAB 40MG/ML 1,1ML 1 UNITA' USO SOTTOCUTANEO;ELREXFIO*1 flaconcino SC 1,1 ml 40 mg/ml;4807,62;2913,00;-;PFIZER EUROPE MA EEIG;050981012;NBE;
Elranatamab;ELRANATAMAB 40MG/ML 1,9ML 1 UNITA' USO SOTTOCUTANEO;ELREXFIO*1 flaconcino SC 1,9 ml 40 mg/ml;8304,81;5032,00;-;PFIZER EUROPE MA EEIG;050981024;NBF;
Eltrombopag;ELTROMBOPAG 25MG 28 UNITA' USO ORALE;ELTROMBOPAG*28 cpr riv 25 mg;1194,67;723,87;;TEVA ITALIA Srl;051759025;AMO;
Eltrombopag;ELTROMBOPAG 25MG 28 UNITA' USO ORALE;ELTROMBOPAG*28 cpr riv 25 mg;1194,67;723,87;;VIATRIS LIMITED;051768063;AMO;
Eltrombopag;ELTROMBOPAG 50MG 28 UNITA' USO ORALE;ELTROMBOPAG*28 cpr riv 50 mg;2389,35;1447,73;;TEVA ITALIA Srl;051759102;AMP;
Eltrombopag;ELTROMBOPAG 50MG 28 UNITA' USO ORALE;ELTROMBOPAG*28 cpr riv 50 mg;2389,35;1447,73;;VIATRIS LIMITED;051768101;AMP;
Eltrombopag;ELTROMBOPAG 25MG 28 UNITA' USO ORALE;ELTROMBOPAG*28 cpr rivestite 25 mg;1194,67;723,87;;ZENTIVA ITALIA Srl;050996026;AMO;
Eltrombopag;ELTROMBOPAG 25MG 28 UNITA' USO ORALE;ELTROMBOPAG*28 cpr rivestite 25 mg;1194,67;723,87;;DR. REDDY'S Srl;051970022;AMO;
Eltrombopag;ELTROMBOPAG 50MG 28 UNITA' USO ORALE;ELTROMBOPAG*28 cpr rivestite 50 mg;2389,35;1447,73;;ZENTIVA ITALIA Srl;050996089;AMP;
Eltrombopag;ELTROMBOPAG 50MG 28 UNITA' USO ORALE;ELTROMBOPAG*28 cpr rivestite 50 mg;2389,35;1.447,73;;DR. REDDY'S Srl;051970073;AMP;
Eltrombopag;ELTROMBOPAG 25MG 28 UNITA' USO ORALE;ELTROMBOPAG*28x1 cpr riv 25 mg;1194,67;723,87;;ACCORD HEALTHCARE SLU;052092095;AMO;
Eltrombopag;ELTROMBOPAG 50MG 28 UNITA' USO ORALE;ELTROMBOPAG*28x1 cpr riv 50 mg;2389,35;1447,73;;ACCORD HEALTHCARE SLU;052092158;AMP;
Tagraxofusp;TAGRAXOFUSP 1MG/ML 1ML 1 UNITA' USO PARENTERALE;ELZONRIS*1 flaconcino EV 1 ml 1 mg/ml;34748,76;21054,75;-;STEMLINE THERAPEUTICS BV;049327012;MLJ;
Poligelina;POLIGELINA 3,5% 500ML 20 UNITA' USO PARENTERALE;EMAGEL*20 flaconi EV 500 ml 35 g/litro;111,11;67,33;-;PIRAMAL CRITICAL CARE B.V.;020310049;LOV;
Azteonam/avibactam;AZTREONAM+AVIBACTAM 1,5G+0,5G SOLUZIONE USO PARENTERALE;EMBLAVEO*10 flaconcini INFUS EV 1,5 g + 0,5 g;3307,62;2004,12;;PFIZER EUROPE MA EEIG;051204016;NUU;
Aprepitant;APREPITANT 125MG 1 UNITA' + 80 MG 2 UNITA' USO ORALE;EMEND*1 cps 125 mg + 2 cps 80 mg;88,77;53,79;-;MERCK SHARP & DOHME BV;036167068;AEP;
Ondansetrone;ONDANSETRONE 4MG 5 UNITA' USO PARENTERALE;EMISTOP*5 fiale 2 ml 2 mg/ml;23,54;14,26;-;BAXTER HOLDING BV;039341019;BGM;
Ondansetrone;ONDANSETRONE 8MG 5 UNITA' USO PARENTERALE;EMISTOP*5 fiale 4 ml 2 mg/ml;47,44;28,75;-;BAXTER HOLDING BV;039341021;BGO;
Elotuzumab;ELOTUZUMAB 300MG 1 UNITA' USO PARENTERALE;EMPLICITI*1 flacone EV 300 mg;1852,37;1122,38;-;BRISTOL M.SQUIBB PHARMA EEIG;044873014;JIE;
Elotuzumab;ELOTUZUMAB 400MG 1 UNITA' USO PARENTERALE;EMPLICITI*1 flacone EV 400 mg;2469,82;1496,50;-;BRISTOL M.SQUIBB PHARMA EEIG;044873026;JIF;
Emtricitabina/Tenofovir disoproxil;EMTRICITABINA+TENOFOVIR DISOPROXIL 200+245MG 30 UNITA' USO ORALE;EMTRICITABINA E TENOFOVIR DISOPROXIL*30 cpr riv 200 mg + 245 mg flacone;60,00;36,36;-;DOC GENERICI Srl;044113013;AMU;
Emtricitabina/Tenofovir disoproxil;EMTRICITABINA+TENOFOVIR DISOPROXIL 200+245MG 30 UNITA' USO ORALE;EMTRICITABINA E TENOFOVIR DISOPROXIL*30 cpr riv 200 mg + 245 mg flacone;60,00;36,36;-;TEVA ITALIA Srl;044373076;AMU;
Emtricitabina/Tenofovir disoproxil;EMTRICITABINA+TENOFOVIR DISOPROXIL 200+245MG 30 UNITA' USO ORALE;EMTRICITABINA E TENOFOVIR DISOPROXIL*30 cpr riv 200 mg + 245 mg flacone;60,00;36,36;-;MYLAN PHARMACEUTICALS LIMITED;045229010;AMU;
Emtricitabina/Tenofovir disoproxil;EMTRICITABINA+TENOFOVIR DISOPROXIL 200+245MG 30 UNITA' USO ORALE;EMTRICITABINA E TENOFOVIR DISOPROXIL*30 cpr riv 200 mg + 245 mg flacone;60,00;36,36;-;AUROBINDO PHARMA ITALIA Srl;046225049;AMU;
Emtricitabina;EMTRICITABINA 200MG 30 UNITA' USO ORALE;EMTRIVA*30 cps 200 mg flacone;253,21;153,43;-;GILEAD SCIENCES IRELAND UC;036585026;AMS;
Emtricitabina;EMTRICITABINA 10MG/ML 170ML USO ORALE;EMTRIVA*orale soluz 170 ml 10 mg/ml;71,27;43,19;-;GILEAD SCIENCES IRELAND UC;036585014;AMR;
Etanercept;ETANERCEPT 25MG 1ML 4 UNITA' USO PARENTERALE;ENBREL*4 flaconcini SC 25 mg + 4 siringhe 1 ml senza ago;760,02;460,51;-;PFIZER EUROPE MA EEIG;034675037;APJ;
Etanercept;ETANERCEPT 50MG 1ML 4 UNITA' USO PARENTERALE;ENBREL*4 penne SC 50 mg 1 ml + 8 tamponi;1520,07;921,02;-;PFIZER EUROPE MA EEIG;034675191;APK;
Etanercept;ETANERCEPT 25MG 0,5ML 4 UNITA' USO PARENTERALE;ENBREL*4 siringhe SC 25 mg 0,5 ml + 8 tamponi;760,02;460,51;-;PFIZER EUROPE MA EEIG;034675102;API;
Etanercept;ETANERCEPT 50MG 1ML 4 UNITA' USO PARENTERALE;ENBREL*4 siringhe SC 50 mg 1 ml + 8 tamponi;1520,05;921,02;-;PFIZER EUROPE MA EEIG;034675140;APK;
Etanercept;ETANERCEPT 10MG 1ML 4 UNITA' USO PARENTERALE;ENBREL*BB 4 flaconcini SC 10 mg + 4 flaconcini solv 1 ml + 8 tamponi;304,01;184,21;-;PFIZER EUROPE MA EEIG;034675215;EMI;
Ciclofosfamide;CICLOFOSFAMIDE 1.000MG 1 UNITA' USO PARENTERALE;ENDOXAN*1 flaconcino 1 g polv;18,22;11,05;-;BAXTER SpA;015628086;AID;
Ciclofosfamide;CICLOFOSFAMIDE 500MG 1 UNITA' USO PARENTERALE;ENDOXAN*1 flaconcino 500 mg polv;11,48;6,95;-;BAXTER SpA;015628074;AIE;
Trastuzumab Deruxtecan;TRASTUZUMAB DERUXTECAN 100MG 1 UNITA' USO PARENTERALE;ENHERTU*1 flaconcino polv EV 100 mg;3474,32;2105,13;-;DAIICHI SANKYO EUROPE GmbH;049328014;MHK;
Sutimlimab;SUTIMLIMAB 1.100MG 22ML 1 UNITA' USO PARENTERALE;ENJAYMO*1 flaconcino INFUS EV 22 ml 50 mg/ml;1513,41;917,00;-;RECORDATI RARE DISEASES SARL;050307014;NEE;
Crisantaspase;CRISANTASPASE 0,5ML 20MG/ML 3 UNITA' USO PARENTERALE;ENRYLAZE*3 flaconcini EV 20 mg/ml 0,5 ml;4480,84;2715,00;-;JAZZ PHARMACEUTICALS IREL.LTD;050901014;NSQ;
Satralizumab;SATRALIZUMAB 120MG 1ML 1 UNITA' USO PARENTERALE;ENSPRYNG*1 siringa preriempita SC 1 ml 120 mg/ml;12064,84;7310,25;-;ROCHE REGISTRATION GMBH;049613019;MFN;
Vedolizumab;VEDOLIZUMAB 300MG 1 UNITA' USO PARENTERALE;ENTYVIO*1 flaconcino polv EV 300 mg;3360,28;2036,04;-;TAKEDA PHARMA A/S;043442019;DXJ;
Vedolizumab;VEDOLIZUMAB 108MG 2 UNITA' USO PARENTERALE;ENTYVIO*2 penne preriempite SC 108 mg;2419,40;1465,95;-;TAKEDA PHARMA A/S;043442060;LLT;
Epirubicina;EPIRUBICINA 10MG 5ML 1 UNITA' USO PARENTERALE;EPIRUBICINA*1 flaconcino 10 mg 5 ml 2 mg/ml;19,66;11,91;-;ACCORD HEALTHCARE SLU;039244013;ANJ;
Epirubicina;EPIRUBICINA 200MG 100ML 1 UNITA' USO PARENTERALE;EPIRUBICINA*1 flaconcino 100 ml 2 mg/ml;330,96;200,54;-;TEVA ITALIA Srl;039000056;ANL;
Epirubicina;EPIRUBICINA 200MG 100ML 1 UNITA' USO PARENTERALE;EPIRUBICINA*1 flaconcino 100 ml 2 mg/ml;330,96;200,54;-;HIKMA FARMACEUTICA S.A.;048425045;ANL;
Epirubicina;EPIRUBICINA 200MG 100ML 1 UNITA' USO PARENTERALE;EPIRUBICINA*1 flaconcino 200 mg 100 ml 2mg/ml;330,96;200,54;-;ACCORD HEALTHCARE SLU;039244049;ANL;
Epirubicina;EPIRUBICINA 50MG 25ML 1 UNITA' USO PARENTERALE;EPIRUBICINA*1 flaconcino 25 ml 2 mg/ml;81,18;49,19;-;TEVA ITALIA Srl;039000031;ANM;
Epirubicina;EPIRUBICINA 50MG 25ML 1 UNITA' USO PARENTERALE;EPIRUBICINA*1 flaconcino 25 ml 2 mg/ml;81,18;49,19;-;HIKMA FARMACEUTICA S.A.;048425033;ANM;
Epirubicina;EPIRUBICINA 10MG 5ML 1 UNITA' USO PARENTERALE;EPIRUBICINA*1 flaconcino 5 ml 2 mg/ml;19,66;11,91;-;HIKMA FARMACEUTICA S.A.;048425019;ANJ;
Epirubicina;EPIRUBICINA 50MG 25ML 1 UNITA' USO PARENTERALE;EPIRUBICINA*1 flaconcino 50 mg 25 ml 2 mg/ml;81,18;49,19;-;ACCORD HEALTHCARE SLU;039244037;ANM;
Lamivudina;LAMIVUDINA 300MG 30 UNITA' USO ORALE;EPIVIR*30 cpr riv div 300 mg flacone;230,59;139,73;-;VIIV HEALTHCARE BV;031984038;BCH;
Lamivudina;LAMIVUDINA 150MG 60 UNITA' USO ORALE;EPIVIR*60 cpr riv div 150 mg flacone;173,00;104,82;-;VIIV HEALTHCARE BV;031984026;BCG;
Lamivudina;LAMIVUDINA 10MG/ML 240ML USO ORALE;EPIVIR*orale soluz 240 ml 10 mg/ml;46,43;28,13;-;VIIV HEALTHCARE BV;031984014;BCF;
Epoprostenolo;EPOPROSTENOLO 1,5MG 1 UNITA' USO PARENTERALE;EPOPROSTENOLO*1 flaconcino 1,5 mg polv per soluz infus;178,59;108,21;-;SUN PHARMACEUTICAL IND.EU.B.V.;045956024;AOL;
Eparina sodica;EPARINA SODICA 25.000UI 10 UNITA' USO PARENTERALE;EPSOCLAR*10 fiale EV 25.000 UI 5 ml;53,62;32,49;-;PFIZER ITALIA Srl;030705026;AMZ;
Eparina sodica;EPARINA SODICA 25.000UI 10 UNITA' USO PARENTERALE;EPSOCLAR*10 flaconi EV 25.000 UI/5 ml 5 ml;53,62;32,49;-;PFIZER ITALIA Srl;030705040;AMZ;
Eparina sodica;EPARINA SODICA 250UI 10 UNITA' USO PARENTERALE;EPSODILAVE*10 fiale 250 UI 5 ml;6,55;2,98;-;PFIZER ITALIA Srl;034630018;ANF;
Eparina sodica;EPARINA SODICA 500UI 10 UNITA' USO PARENTERALE;EPSODILAVE*10 fiale 500 UI 2 ml;6,55;2,98;-;PFIZER ITALIA Srl;034630032;ANH;
Metadone;METADONE 10MG 1ML 5 UNITA' USO PARENTERALE;EPTADONE*5 fiale IM 10 mg 1 ml;2,94;1,34;-;MOLTENI & C. F.LLI ALITTI SpA;006105011;BDV;
Eculizumab;ECULIZUMAB 300MG 30ML 1 UNITA' USO PARENTERALE;EPYSQLI*1 flaconcino EV 300 mg 30 ml;4110,98;2490,90;-;SAMSUNG BIOEPIS NL B.V.;050699014;AMG;
Immunoglobulina Equina linfocitaria;IMMUNOGLOBULINA EQUINA LINFOCITARIA 250MG 5ML 5 UNITA' USO PARENTERALE;EQUINGAM*5 fiale EV 5 ml 50 mg/ml;4641,75;2812,49;-;PFIZER Srl;044176016;MYS;
Cetuximab;CETUXIMAB 100MG 20ML 1 UNITA' USO PARENTERALE;ERBITUX*1 flaconcino infus 20 ml 5 mg/ml;296,41;179,60;-;MERCK EUROPE BV;036584035;AHY;
Etanercept;ETANERCEPT 50MG 1ML 4 UNITA' USO PARENTERALE;ERELZI*4 penne preriempite SC 50 mg 1 ml;988,03;598,66;-;SANDOZ GMBH;045451111;APK;
Etanercept;ETANERCEPT 25MG 0,5ML 4 UNITA' USO PARENTERALE;ERELZI*4 siringhe preriempite SC 25 mg 0,5 ml;494,02;299,34;-;SANDOZ GMBH;045451034;API;
Etanercept;ETANERCEPT 50MG 1ML 4 UNITA' USO PARENTERALE;ERELZI*4 siringhe preriempite SC 50 mg 1 ml;988,03;598,66;-;SANDOZ GMBH;045451073;APK;
Eribulina;ERIBULINA 0,88MG 2ML 1 UNITA' USO PARENTERALE;ERIBULINA*1 flaconcino EV 2 ml 0,44 mg/ml;417,05;252,70;-;ADVANZ PHARMA LIMITED;050248018;AOS;
Eribulina;ERIBULINA 0,88MG 2ML 1 UNITA' USO PARENTERALE;ERIBULINA*1 flaconcino EV 2 ml 0,44 mg/ml;417,05;252,70;-;GLENMARK PHARMACEUTICALS S.R.O;050886011;AOS;
Eribulina;ERIBULINA 0,88MG 2ML 1 UNITA' USO PARENTERALE;ERIBULINA*1 flaconcino EV 2 ml 0,44 mg/ml;417,05;252,70;-;ZENTIVA ITALIA Srl;051021018;AOS;
Eribulina;ERIBULINA 0,88MG 2ML 1 UNITA' USO PARENTERALE;ERIBULINA*1 flaconcino EV 2 ml 0,44 mg/ml;417,05;252,70;-;EVER VALINJECT GMBH;051122012;AOS;
Eribulina;ERIBULINA 0,88MG 2ML 1 UNITA' USO PARENTERALE;ERIBULINA*1 flaconcino EV 2 ml 0,44 mg/ml;417,05;252,70;-;BAXTER HOLDING BV;051306013;AOS;
Vismodegib;VISMODEGIB 150MG 28 UNITA' USO ORALE;ERIVEDGE*28 cps 150 mg flacone;11022,19;6678,50;-;ROCHE REGISTRATION GMBH;042881019;CGW;
Apalutamide;APALUTAMIDE 60MG 112 UNITA' USO ORALE;ERLEADA*112 cpr riv 60 mg;5351,83;3242,75;-;JANSSEN CILAG INTERNAT.N.V.;047525011;KYI;
Erlotinib;ERLOTINIB 100MG 30 UNITA' USO ORALE;ERLOTINIB*30 cpr riv 100 mg;1726,61;1046,18;-;MYLAN SpA;044995013;AOT;
Erlotinib;ERLOTINIB 100MG 30 UNITA' USO ORALE;ERLOTINIB*30 cpr riv 100 mg;1726,61;1046,18;-;SANDOZ SpA;045838012;AOT;
Erlotinib;ERLOTINIB 100MG 30 UNITA' USO ORALE;ERLOTINIB*30 cpr riv 100 mg;1726,61;1046,18;-;TILLOMED ITALIA Srl;048126027;AOT;
Erlotinib;ERLOTINIB 150MG 30 UNITA' USO ORALE;ERLOTINIB*30 cpr riv 150 mg;2154,10;1305,20;-;MYLAN SpA;044995037;AOU;
Erlotinib;ERLOTINIB 150MG 30 UNITA' USO ORALE;ERLOTINIB*30 cpr riv 150 mg;2154,15;1305,23;-;SANDOZ SpA;045838024;AOU;
Erlotinib;ERLOTINIB 150MG 30 UNITA' USO ORALE;ERLOTINIB*30 cpr riv 150 mg;2154,10;1305,20;-;TILLOMED ITALIA Srl;048126039;AOU;
Ertapenem;ERTAPENEM 1 G 1 UNITA' USO PARENTERALE;ERTAPENEM*1 flaconcino EV 1 g;46,92;28,43;-;EUGIA PHARMA (MALTA) LIMITED;045004013;AOV;
Ertapenem;ERTAPENEM 1 G 1 UNITA' USO PARENTERALE;ERTAPENEM*1 flaconcino polv EV 1 g;46,92;28,43;-;SUN PHARMACEUTICAL IND.EU.B.V.;050216011;AOV;
Crisantaspase;CRISANTASPASE 10.000 U 5 UNITA' USO PARENTERALE;ERWINASE*5 flaconi EV IM 10.000 U;6758,39;4095,00;;PORTON BIOPHARMA LIMITED;050520016;NUT;
Pirfenidone;PIRFENIDONE 267MG 63 UNITA' USO ORALE;ESBRIET*21x1 + 21x2 cpr riv 267 mg;945,09;572,64;-;ROCHE REGISTRATION GMBH;041271154;UWA;
Pirfenidone;PIRFENIDONE 801MG 84 UNITA' USO ORALE;ESBRIET*21x4 cpr riv 801 mg;3780,34;2290,55;-;ROCHE REGISTRATION GMBH;041271178;UWC;
Pirfenidone;PIRFENIDONE 267MG 252 UNITA' USO ORALE;ESBRIET*252 cpr riv 267 mg confezione di mantenimento;3780,34;2290,55;-;ROCHE REGISTRATION GMBH;041271166;UWB;
Pirfenidone;PIRFENIDONE 267MG 252 UNITA' USO ORALE;ESBRIET*4x63 cps 267 mg;3780,34;2290,55;-;ROCHE REGISTRATION GMBH;041271026;UWB;
Pirfenidone;PIRFENIDONE 267MG 63 UNITA' USO ORALE;ESBRIET*63 cps 267 mg;945,09;572,64;-;ROCHE REGISTRATION GMBH;041271014;UWA;
Rocuronio;ROCURONIO 100MG 10ML 10 UNITA' USO PARENTERALE;ESMERON*10 fiale EV 10 ml 10 mg/ml;191,95;87,25;-;MSD ITALIA Srl;029209044;BJN;
Rocuronio;ROCURONIO 50MG 5ML 10 UNITA' USO PARENTERALE;ESMERON*10 flaconcini EV 5 ml 10 mg/ml;69,98;42,40;-;MSD ITALIA Srl;029209057;BJO;
Esmololo;ESMOLOLO 2.500MG 1 UNITA' USO PARENTERALE;ESMOCARD*1 fiala polv soluz infus 2.500 mg;140,40;85,07;-;ORPHA-DEVEL HANDELS VERTRIEBS;037869031;AOZ;
Esmololo;ESMOLOLO 100MG 10 UNITA' USO PARENTERALE;ESMOLOLO CLORIDRATO*10 flaconcini vetro soluz iniett 10 ml 10 mg/ml;63,14;38,26;-;HIKMA FARMACEUTICA S.A.;044287011;KFC;
Esomeprazolo;ESOMEPRAZOLO 40MG 1 UNITA' USO PARENTERALE;ESOMEPRAZOLO*1 flaconcino polv EV 40 mg 5 ml;6,43;3,90;-;SUN PHARMACEUTICAL IND.EU.B.V.;040438018;APF;
Esomeprazolo;ESOMEPRAZOLO 40MG 1 UNITA' USO PARENTERALE;ESOMEPRAZOLO*1 flaconcino polv soluz iniett/infus 40 mg;6,43;3,90;-;SUN PHARMACEUTICAL IND.EU.B.V.;044527012;APF;
Esomeprazolo;ESOMEPRAZOLO 40MG 10 UNITA' USO PARENTERALE;ESOMEPRAZOLO*10 flaconcini polv EV 40 mg 5 ml;64,35;38,99;-;TILLOMED ITALIA Srl;047977020;ELP;
Etoposide;ETOPOSIDE 1.000MG 50ML 1 UNITA' USO PARENTERALE;ETOPOSIDE*1 flaconcino EV 1.000 mg 50 ml 20 mg/ml;101,87;61,72;-;TEVA PHARMA B.V.;034410050;APM;
Etoposide;ETOPOSIDE 100MG 5ML 1 UNITA' USO PARENTERALE;ETOPOSIDE*1 flaconcino EV 100 mg 5 ml 20 mg/ml;11,70;7,10;-;TEVA PHARMA B.V.;034410011;APN;
Etoposide;ETOPOSIDE 200MG 10ML 1 UNITA' USO PARENTERALE;ETOPOSIDE*1 flaconcino EV 200 mg 10 ml 20 mg/ml;21,23;12,87;-;TEVA PHARMA B.V.;034410023;APO;
Etoposide;ETOPOSIDE 200MG 10ML 1 UNITA' USO PARENTERALE;ETOPOSIDE*1 flaconcino EV 200 mg 10 ml 20 mg/ml;21,23;12,87;-;ACCORD HEALTHCARE SLU;042673032;APO;
Etoposide;ETOPOSIDE 1.000MG 50ML 1 UNITA' USO PARENTERALE;ETOPOSIDE*1 flacone EV 1.000 mg 50 ml 20 mg/ml;101,87;61,72;-;SANDOZ SpA;036622049;APM;
Etoposide;ETOPOSIDE 1.000MG 50ML 1 UNITA' USO PARENTERALE;ETOPOSIDE*1 flacone EV 1.000 mg 50 ml 20 mg/ml;101,87;61,72;-;ACCORD HEALTHCARE SLU;042673069;APM;
Etoposide;ETOPOSIDE 100MG 5ML 1 UNITA' USO PARENTERALE;ETOPOSIDE*1 flacone EV 100 mg 5 ml 20 mg/ml;11,70;7,10;-;SANDOZ SpA;036622013;APN;
Etoposide;ETOPOSIDE 100MG 5ML 1 UNITA' USO PARENTERALE;ETOPOSIDE*1 flacone EV 100 mg 5 ml 20 mg/ml;11,70;7,10;-;ACCORD HEALTHCARE SLU;042673018;APN;
Etoposide;ETOPOSIDE 200MG 10ML 1 UNITA' USO PARENTERALE;ETOPOSIDE*1 flacone EV 200 mg 10 ml 20 mg/ml;21,23;12,87;-;SANDOZ SpA;036622025;APO;
Etoposide;ETOPOSIDE 400MG 20ML 1 UNITA' USO PARENTERALE;ETOPOSIDE*1 flacone EV 400 mg 20 ml 20 mg/ml;42,48;25,74;-;SANDOZ SpA;036622037;APP;
Etoposide;ETOPOSIDE 200MG 10ML 1 UNITA' USO PARENTERALE;ETOPOSIDE*1 flacone INFUS EV 10 ml 20 mg/ml;21,23;12,87;-;HIKMA FARMACEUTICA S.A.;048368029;APO;
Etoposide;ETOPOSIDE 100MG 5ML 1 UNITA' USO PARENTERALE;ETOPOSIDE*1 flacone INFUS EV 5 ml 20 mg/ml;11,70;7,10;-;HIKMA FARMACEUTICA S.A.;048368017;APN;
Etoposide;ETOPOSIDE 1.000MG 50ML 1 UNITA' USO PARENTERALE;ETOPOSIDE*1 flacone INFUS EV 50 ml 20 mg/ml;101,87;61,72;-;HIKMA FARMACEUTICA S.A.;048368056;APM;
Everolimus;EVEROLIMUS 10MG 30 UNITA' USO ORALE;EVEROLIMUS*30 cpr 10 mg;3437,66;2082,95;-;ETHYPHARM S.A.;045608078;APQ;
Everolimus;EVEROLIMUS 10MG 30 UNITA' USO ORALE;EVEROLIMUS*30 cpr 10 mg;3906,50;2367,00;-;MEDAC PHARMA Srl;046460022;APQ;
Everolimus;EVEROLIMUS 10MG 30 UNITA' USO ORALE;EVEROLIMUS*30 cpr 10 mg;3906,50;2367,00;-;SANDOZ GMBH;046892081;APQ;
Everolimus;EVEROLIMUS 5MG 30 UNITA' USO ORALE;EVEROLIMUS*30 cpr 5 mg;2417,02;1464,50;-;ETHYPHARM S.A.;045608041;APR;
Everolimus;EVEROLIMUS 5MG 30 UNITA' USO ORALE;EVEROLIMUS*30 cpr 5 mg;2746,76;1664,31;-;MEDAC PHARMA Srl;046460010;APR;
Everolimus;EVEROLIMUS 5MG 30 UNITA' USO ORALE;EVEROLIMUS*30 cpr 5 mg;2746,76;1664,31;-;SANDOZ GMBH;046892055;APR;
Emtricitabina/rilpivirina/tenofovir disoproxil;EMTRICITABINA+RILPIVIRINA+TENOFOVIR DISOPROXIL 200MG+25MG+245MG 30 UNITA' USO ORALE;EVIPLERA*30 cpr riv 25 mg + 200 mg + 245 mg flacone;1085,03;657,44;-;GILEAD SCIENCES IRELAND UC;041711019;AMT;
Evinacumab;EVINACUMAB 2,3ML 150MG/ML 1 UNITA' USO PARENTERALE;EVKEEZA*1 flaconcino EV 150 mg/ml 2,3 ml;11277,75;6833,35;-;ULTRAGENYX GERMANY GMBH;049619012;MVC;
Clofarabina;CLOFARABINA 20MG 20ML 4 UNITA' USO PARENTERALE;EVOLTRA*4 flaconcini EV 20 mg 20 ml 1 mg/ml;9979,63;6046,75;-;GENZYME EUROPE B.V.;037409012;AJK;
Atazanavir/Cobicistat;ATAZANAVIR+COBICISTAT 300MG+150MG 30 UNITA' USO ORALE;EVOTAZ*30 cpr riv 300 mg + 150 mg flacone;616,50;373,55;-;BRISTOL M.SQUIBB PHARMA EEIG;044318018;GXS;
Risdiplam;RISDIPLAM 60MG 0,75MG/ML SOLUZIONE USO ORALE;EVRYSDI*1 flaconcino orale polv 0,75 mg/ml + adattatore + 2 siringhe da 1 ml + 2 siringhe da 6 ml + 1 siringa da 12 ml;12340,39;7477,21;-;ROCHE REGISTRATION GMBH;049370012;LLY;
Cefepime/Enmetazobactam;CEFEPIME+ENMETAZOBACTAM 2G+0,5G 10 UNITA' USO PARENTERALE;EXBLIFEP*10 flaconcini INFUS EV 2 g + 0,5 g;1897,96;1150,00;;ADVANZ PHARMA LIMITED;051167017;NVC;
C-13 Urea;C-13 UREA 100MG 1 UNITA' USO ORALE;EXPIROBACTER*1 cpr 100 mg;40,32;18,33;-;ALFASIGMA SpA;034183018;BOJ;
C-13 Urea;C-13 UREA 100MG 1 UNITA' USO ORALE;EXPIROBACTER*1 cpr solub 100 mg;40,32;18,33;-;ALFASIGMA SpA;034183020;BOJ;
Aflibercept;AFLIBERCEPT 8MG/DOSE 0,07ML 1 UNITA' USO INTRAVITREALE;EYLEA*1 flaconcino intravitreale 0,263 ml 114,3 mg/ml;1102,23;667,85;-;BAYER AG;042510038;MZX;
Aflibercept;AFLIBERCEPT 2MG/DOSE 0,05ML 1 UNITA' USO INTRAVITREALE;EYLEA*1 flaconcino intravitreale 3,6 mg 40 mg/ml;1102,23;667,85;-;BAYER AG;042510026;CDY;
Aflibercept;AFLIBERCEPT 8MG/DOSE 0,07ML 1 UNITA' USO INTRAVITREALE;EYLEA*1 siringa preriempita 0,184 ml 114,3 mg/ml;1102,23;667,85;-;BAYER AG;042510040;MZX;
Aflibercept;AFLIBERCEPT 2MG/DOSE 0,05ML 1 UNITA' USO INTRAVITREALE;EYLEA*1 siringa preriempita intravitreale 40 mg/ml;1102,23;667,85;-;BAYER AG;042510014;CDY;
Iptacopan;IPTACOPAN 200MG 56 UNITA' USO ORALE;FABHALTA*56 cps 200 mg;43419,54;26308,49;-;NOVARTIS EUROPHARM LTD;051155024;NSG;
Agalsidasi Beta;AGALSIDASI BETA 35MG 1 UNITA' USO PARENTERALE;FABRAZYME*1 flaconcino EV 35 mg;5079,38;3077,67;-;GENZYME EUROPE B.V.;035275015;ACP;
Epirubicina;EPIRUBICINA 10MG 5ML 1 UNITA' USO PARENTERALE;FARMORUBICINA*1 flacone 10 mg 5 ml;37,81;17,19;-;PFIZER ITALIA Srl;025197068;ANJ;
Epirubicina;EPIRUBICINA 50MG 25ML 1 UNITA' USO PARENTERALE;FARMORUBICINA*1 flacone 50 mg 25ml;155,67;70,76;-;PFIZER ITALIA Srl;025197070;ANM;
Epirubicina;EPIRUBICINA 50MG 1 UNITA' USO PARENTERALE;FARMORUBICINA*1 flacone EV 50 mg polv;119,68;54,41;-;PFIZER ITALIA Srl;025197043;79A;
Epirubicina;EPIRUBICINA 200MG 100ML 1 UNITA' USO PARENTERALE;FARMORUBICINA*1 flacone infus EV 200 mg 100 ml;630,10;286,41;-;PFIZER ITALIA Srl;025197082;ANL;
Fulvestrant;FULVESTRANT 250MG 5ML 2 UNITA' USO PARENTERALE;FASLODEX*2 siringhe IM 5 ml + 2 aghi;1191,59;722,00;-;ASTRAZENECA AB;036387025;ASE;
Adrenalina;ADRENALINA 150MCG 0,30ML 1 UNITA' USO PARENTERALE;FASTJEKT*1 penna preriempita 150 mcg;77,90;47,20;-;VIATRIS HEALTHCARE LIMITED;042416014;ACI;
Adrenalina;ADRENALINA 300MCG 0,30ML 1 UNITA' USO PARENTERALE;FASTJEKT*1 penna preriempita 300 mcg;77,90;47,20;-;VIATRIS HEALTHCARE LIMITED;042416038;ACL;
Fenitoina;FENITOINA 250MG 5ML 5 UNITA' USO PARENTERALE EV;FENITOINA*5 fiale EV 5 ml 250 mg;16,76;10,16;-;HIKMA FARMACEUTICA S.A.;038935019;APX;
Fentanil;FENTANIL 0,1MG 2ML 5 UNITA' USO PARENTERALE IM EV;FENTANEST*5 fiale EV IM 0,1 mg 2 ml;3,14;1,90;-;PIRAMAL CRITICAL CARE IT.SpA;020473029;AQF;
Fentanil;FENTANIL 500MCG 10ML 10 UNITA' USO PARENTERALE;FENTANIL*10 fiale 50 mcg/ml 10 ml;20,67;12,53;-;AS KALCEKS;049642022;MAO;
Fentanil;FENTANIL 100MCG 2ML 10 UNITA' USO PARENTERALE EV;FENTANIL*10 fiale 50 mcg/ml 2 ml;4,77;2,89;-;AS KALCEKS;049642010;MAN;
Fentanil;FENTANIL 2,5MG 50ML 1 UNITA' USO PARENTERALE EV;FENTANYL*1 flaconcino EV 2,5 mg 50 ml;42,15;25,55;-;HAMELN PHARMA GmbH;035693035;KRU;
Fentanil;FENTANIL 100MCG 2ML 10 UNITA' USO PARENTERALE EV;FENTANYL*10 fiale EV 50 mcg/ml 2 ml;4,77;2,89;-;HAMELN PHARMA GmbH;035693062;MAN;
Fentanil;FENTANIL 0,1MG 2ML 5 UNITA' USO PARENTERALE EV;FENTANYL*5 fiale EV 100 mcg 2 ml;2,51;1,52;-;HAMELN PHARMA GmbH;035693011;AQE;
Carbossimaltosio ferrico;CARBOSSIMALTOSIO FERRICO 50MG/ML 10ML 1 UNITA' USO PARENTERALE;FERINJECT*1 flaconcino EV 10 ml 50 mg/ml;135,55;82,13;-;VIFOR FRANCE SAS;040251035;CLY;
Carbossimaltosio ferrico;CARBOSSIMALTOSIO FERRICO 50MG/ML 2ML 5 UNITA' USO PARENTERALE;FERINJECT*5 flaconcini EV 2 ml 50 mg/ml;135,55;82,13;-;VIFOR FRANCE SAS;040251023;CLZ;
Sodio ferrigluconato;SODIO FERRIGLUCONATO 177,5MG 5ML 5 UNITA' USO PARENTERALE O ORALE;FERLIXIT*5 fiale orale EV 62,5 mg 5 ml;6,50;3,93;-;SANOFI Srl;021455023;BKN;
Cefiderocol;CEFIDEROCOL 1G 10 UNITA' USO PARENTERALE;FETCROJA*10 flaconcini EV polv 1 g;2234,23;1353,75;-;SHIONOGI B.V.;048722019;LNT;
Fibrinogeno Umano;FIBRINOGENO UMANO 100ML 1,5G SOLUZIONE USO PARENTERALE;FIBRICLOTTE*1 flaconcino polv 1,5 g + 1 flaconcino solv 100 ml + sistema di trasferimento;1343,36;813,96;-;LFB LABORATOIRE FRANC.DU FRACT;044380018;LFZ;
Fibrinogeno Umano;FIBRINOGENO UMANO 100ML 1G SOLUZIONE USO PARENTERALE;FIBRYGA*1 flaconcino polv 1 g + 1 flaconcino solv 50 ml;693,17;420,00;-;OCTAPHARMA (IP) SPRL;048798019;LEW;
Ceftriaxone;CEFTRIAXONE 1.000MG 1 UNITA' USO PARENTERALE EV;FIDATO*1 fiala EV 1 g + fiala solv 10 ml;7,44;4,50;-;FIDIA FARMACEUTICI SpA;035867047;AHU;
Ceftriaxone;CEFTRIAXONE 2.000MG 1 UNITA' USO PARENTERALE;FIDATO*1 flacone EV 2 g;14,95;9,06;-;FIDIA FARMACEUTICI SpA;035867050;AHW;
Ceftriaxone;CEFTRIAXONE 2.000MG 10 UNITA' USO PARENTERALE EV;FIDATO*10 flaconi EV 2 g;134,55;81,52;-;FIDIA FARMACEUTICI SpA;035867062;GSC;
Betulla corteccia estratto secco;BETULLA CORTECCIA ESTRATTO SECCO 10% 23,4 G USO DERMATOLOGICO;FILSUVEZ*gel cutaneo 30 tubi 23,4 g 10%;12377,61;7499,78;-;CHIESI FARMACEUTICI SpA;050219056;MYE;
Dabrafenib;DABRAFENIB 10MG 210 UNITA' USO ORALE;FINLEE*210 cpr dispersibili 10 mg flacone;4138,56;2507,60;-;NOVARTIS EUROPHARM LTD;050958014;NGS;
Icatibant;ICATIBANT 30MG 3ML 1 UNITA' USO PARENTERALE;FIRAZYR*1 siringa preriemp SC 30 mg 3 ml 10 mg/ml;2524,70;1529,74;-;TAKEDA PHARM.INT.AG IR.BRANCH;038631014;ATT;
Immunoglobulina Umana Normale;IMMUNOGLOBULINA UMANA NORMALE 10G 100ML 1 UNITA' USO PARENTERALE;FLEBOGAMMA DIF*1 flacone EV 100 ml 100 mg/ml;1072,76;650,00;-;INSTITUTO GRIFOLS S.A.;040267078;AUY;
Immunoglobulina Umana Normale;IMMUNOGLOBULINA UMANA NORMALE 5G 100ML 1 UNITA' USO PARENTERALE;FLEBOGAMMA DIF*1 flacone EV 100 ml 50 mg/ml;536,38;325,00;-;INSTITUTO GRIFOLS S.A.;040267039;AVR;
Immunoglobulina Umana Normale;IMMUNOGLOBULINA UMANA NORMALE 20G 200ML 1 UNITA' USO PARENTERALE;FLEBOGAMMA DIF*1 flacone EV 200 ml 100 mg/ml;2145,52;1300,00;-;INSTITUTO GRIFOLS S.A.;040267080;AVL;
Immunoglobulina Umana Normale;IMMUNOGLOBULINA UMANA NORMALE 10G 200ML 1 UNITA' USO PARENTERALE;FLEBOGAMMA DIF*1 flacone EV 200 ml 50 mg/ml;1072,76;650,00;-;INSTITUTO GRIFOLS S.A.;040267041;AVC;
Immunoglobulina Umana Normale;IMMUNOGLOBULINA UMANA NORMALE 20G 400ML 1 UNITA' USO PARENTERALE;FLEBOGAMMA DIF*1 flacone EV 400 ml 50 mg/ml;2145,52;1300,00;-;INSTITUTO GRIFOLS S.A.;040267054;BQP;
Immunoglobulina Umana Normale;IMMUNOGLOBULINA UMANA NORMALE 5G 50ML 1 UNITA' USO PARENTERALE;FLEBOGAMMA DIF*1 flacone EV 50 ml 100 mg/ml;536,38;325,00;-;INSTITUTO GRIFOLS S.A.;040267066;AVS;
Immunoglobulina Umana Normale;IMMUNOGLOBULINA UMANA NORMALE 2,5G 50ML 1 UNITA' USO PARENTERALE;FLEBOGAMMA DIF*1 flacone EV 50 ml 50 mg/ml;268,19;162,50;-;INSTITUTO GRIFOLS S.A.;040267027;AVK;
Ketoprofene;KETOPROFENE 100MG 6 UNITA' USO PARENTERALE EV;FLEXEN*6 fiale EV 100 mg + 6 fiale solv 5 ml;4,85;2,20;-;ITALFARMACO SpA;023401096;BCD;
Infliximab;INFLIXIMAB 100MG 10 ML 1 UNITA' USO PARENTERALE;FLIXABI*1 flaconcino polv EV 100 mg;637,52;386,28;-;SAMSUNG BIOEPIS NL B.V.;044892014;IZW;
Epoprostenolo;EPOPROSTENOLO 1,5MG 1 UNITA' USO PARENTERALE;FLOLAN*1 flaconcino EV 1,5 mg + 2 flaconcini solv 50 ml;343,31;156,05;-;GLAXOSMITHKLINE TRADING SERVICES LTD;027750037;AOL;
Flucloxacillina;FLUCOXACILLINA 1.000MG 50 UNITA' USO PARENTERALE;FLUCLOXACILLINA*50 flaconi polv soluz iniett 1 g;147,38;66,99;-;K24 PHARMACEUTICALS Srl;033446028;ERU;
Fluconazolo;FLUCONAZOLO 400MG 200ML 10 UNITA' USO PARENTERALE;FLUCONAZOLO*10 flaconi EV 200 ml 2 mg/ml;299,45;181,44;-;B.BRAUN MELSUNGEN AG;038838076;AQV;
Fluconazolo;FLUCONAZOLO 100MG 50ML 10 UNITA' USO PARENTERALE;FLUCONAZOLO*10 sacche 100 mg/50 ml;90,79;55,01;-;GALENICA SENESE Srl;041039037;AQN;
Fluconazolo;FLUCONAZOLO 200MG 100ML 20 UNITA' USO PARENTERALE;FLUCONAZOLO*20 flaconi EV 100 ml 2 mg/ml;296,92;179,90;-;B.BRAUN MELSUNGEN AG;038838052;AQS;
Fluconazolo;FLUCONAZOLO 100MG 50ML 20 UNITA' USO PARENTERALE;FLUCONAZOLO*20 flaconi EV 50 ml 2 mg/ml;163,89;99,30;-;B.BRAUN MELSUNGEN AG;038838025;AQO;
Fluconazolo;FLUCONAZOLO 200MG 100ML 25 UNITA' USO PARENTERALE;FLUCONAZOLO*25 flaconi EV 100 ml 200 mg/100 ml;411,09;249,09;-;BIOINDUSTRIA L.I.M. SpA;037296023;AQT;
Fluconazolo;FLUCONAZOLO 400MG 200ML 25 UNITA' USO PARENTERALE;FLUCONAZOLO*25 flaconi EV 200 ml 400 mg/200 ml;829,55;502,69;-;BIOINDUSTRIA L.I.M. SpA;037296035;AQW;
Fludarabina;FLUDARABINA 50MG 5 UNITA' USO PARENTERALE;FLUDARA*5 flaconcini polv EV 50 mg;1269,65;577,12;-;SANOFI B.V.;029552015;ARC;
Fludarabina;FLUDARABINA 50MG 2ML 1 UNITA' USO PARENTERALE;FLUDARABINA*1 flaconcino EV 2 ml 25 mg/ml;114,30;69,26;-;ACCORD HEALTHCARE SLU;043104013;AQX;
Fludarabina;FLUDARABINA 50MG 2ML 1 UNITA' USO PARENTERALE;FLUDARABINA*1 flaconcino EV 50 mg 2 ml 25 mg/ml;133,34;80,79;-;TEVA ITALIA Srl;038033015;AQX;
Flumazenil;FLUMAZENIL 1MG 10ML 5 UNITA' USO PARENTERALE;FLUMAZENIL*5 fiala 10 ml 0,1 mg/ml;101,80;61,68;-;FRESENIUS KABI ITALIA Srl;037075037;ARG;
Flumazenil;FLUMAZENIL 0,5MG 5ML 5 UNITA' USO PARENTERALE;FLUMAZENIL*5 fiale 0,5 mg 5 ml;53,07;32,16;-;HAMELN PHARMA GmbH;037498019;ARE;
Flumazenil;FLUMAZENIL 1MG 10ML 5 UNITA' USO PARENTERALE;FLUMAZENIL*5 fiale 1 mg 10 ml;101,80;61,68;-;HAMELN PHARMA GmbH;037498033;ARG;
Flumazenil;FLUMAZENIL 1MG 10ML 5 UNITA' USO PARENTERALE;FLUMAZENIL*5 fiale 10 ml 0,1 mg/ml;101,80;61,68;-;B.BRAUN MELSUNGEN AG;037756032;ARG;
Flumazenil;FLUMAZENIL 1MG 10ML 5 UNITA' USO PARENTERALE;FLUMAZENIL*5 fiale 10 ml 0,1 mg/ml;101,80;61,68;-;HIKMA FARMACEUTICA S.A.;040279046;ARG;
Flumazenil;FLUMAZENIL 0,5MG 5ML 5 UNITA' USO PARENTERALE;FLUMAZENIL*5 fiale 5 ml 0,1 mg/ml;50,91;30,85;-;FRESENIUS KABI ITALIA Srl;037075013;ARE;
Flumazenil;FLUMAZENIL 0,5MG 5ML 5 UNITA' USO PARENTERALE;FLUMAZENIL*5 fiale 5 ml 0,1 mg/ml;50,91;30,85;-;HIKMA FARMACEUTICA S.A.;040279010;ARE;
Flumazenil;FLUMAZENIL 0,5MG 5ML 5 UNITA' USO PARENTERALE;FLUMAZENIL*5 fiale EV 5 ml 0,1 mg/ml;50,91;30,85;-;B.BRAUN MELSUNGEN AG;037756018;ARE;
Fluoro 18F desossiglucosio;FLUORO 18F DESOSSIGLUCOSIO 185MBQ/ML 15ML 1 UNITA' USO PARENTERALE;FLUODEOSSIGLUCOSIO*1 flaconcino multid 15 ml 185 MBq/ml;-; - ;-;CURIUM INTERNATIONAL;036946010;ARL;
Fluoro 18F desossiglucosio;FLUORO 18F DESOSSIGLUCOSIO 250MBQ/ML 10ML 1 UNITA' USO PARENTERALE;FLUODESOSSIGLUCOSIO*1 flaconcino multidose 10 ml 250 mbq/ml;-;2800,00;-;ITEL TELECOMUNICAZIONI Srl;044466011;ARN;
Fluoresceina;FLUORESCEINA 20% 1G 5ML 10 UNITA' USO PARENTERALE;FLUORESCEINA SODICA*10 fiale EV 1 g/5 ml;115,43;69,95;-;MONICO SpA;034416014;ARJ;
Fluorodopa 18F;FLUORODOPA (18F) 90MBQ/ML 10ML 1 UNITA' USO PARENTERALE;FLUORODOPA 18F*1 flaconcino multid 10 ml 90 MBq/ml;-; - ;-;CURIUM ITALY Srl;040383010;ETL;
Fluorouracile;FLUOROURACILE 500MG 10ML 1 UNITA' USO PARENTERALE;FLUOROURACILE*1 flaconcino 10 ml 500 mg;2,84;1,72;-;ACCORD HEALTHCARE SLU;040593028;ARS;
Fluorouracile;FLUOROURACILE 5.000MG 100ML 1 UNITA' USO PARENTERALE;FLUOROURACILE*1 flaconcino 100 ml 5 g;19,05;11,54;-;ACCORD HEALTHCARE SLU;040593042;ARR;
Fluorouracile;FLUOROURACILE 1.000MG 20ML 1 UNITA' USO PARENTERALE;FLUOROURACILE*1 flaconcino 20 ml 1 g;4,20;2,54;-;ACCORD HEALTHCARE SLU;040593030;ARP;
Fluorouracile;FLUOROURACILE 1.000MG 20ML 1 UNITA' USO PARENTERALE;FLUOROURACILE*1 flaconcino EV 1 g 20 ml 50 mg/ml;5,68;3,44;-;TEVA PHARMA B.V.;026542047;ARP;
Fluorouracile;FLUOROURACILE 5.000MG 100ML 1 UNITA' USO PARENTERALE;FLUOROURACILE*1 flaconcino EV 5 g 100 ml 50 mg/ml;28,41;17,21;-;TEVA PHARMA B.V.;026542050;ARR;
Fluorouracile;FLUOROURACILE 500MG 10ML 1 UNITA' USO PARENTERALE;FLUOROURACILE*1 flaconcino INFUS EV 10 ml 500 mg;2,84;1,72;-;HIKMA FARMACEUTICA S.A.;044062026;ARS;
Fluorouracile;FLUOROURACILE 5.000MG 100ML 1 UNITA' USO PARENTERALE;FLUOROURACILE*1 flaconcino INFUS EV 100 ml 5 g;19,05;11,54;-;HIKMA FARMACEUTICA S.A.;044062040;ARR;
Fluorouracile;FLUOROURACILE 1.000MG 20ML 1 UNITA' USO PARENTERALE;FLUOROURACILE*1 flaconcino INFUS EV 20 ml 1 g;4,20;2,54;-;HIKMA FARMACEUTICA S.A.;044062038;ARP;
Fosaprepitant;FOSAPREPITANT 150MG 10 ML 1 UNITA' USO PARENTERALE;FOSAPREPITANT*1 flaconcino EV polv 150 mg;71,02;43,04;-;ACCORD HEALTHCARE SLU;046542015;BYX;
Fosaprepitant;FOSAPREPITANT 150MG 10 ML 1 UNITA' USO PARENTERALE;FOSAPREPITANT*1 flaconcino EV polv 150 mg;71,02;43,04;-;HIKMA FARMACEUTICA S.A.;049581010;BYX;
Foscarnet sodico;FOSCARNET SODICO 6.000MG 250ML 1 UNITA' USO PARENTERALE;FOSCAVIR*1 flacone EV infus 250 ml 24 mg/ml;104,63;63,40;-;CLINIGEN HEALTHCARE B.V.;028192019;ARW;
Fulvestrant;FULVESTRANT 250MG 5ML 2 UNITA' USO PARENTERALE;FULVESTRANT*2 siringhe preriemp IM 5 ml 250 mg;941,36;570,38;-;ACCORD HEALTHCARE SLU;047437013;ASE;
Fulvestrant;FULVESTRANT 250MG 5ML 2 UNITA' USO PARENTERALE;FULVESTRANT*2 siringhe preriempite IM 250 mg + 2 aghi;941,36;570,38;-;ZENTIVA ITALIA Srl;048121026;ASE;
Fulvestrant;FULVESTRANT 250MG 5ML 2 UNITA' USO PARENTERALE;FULVESTRANT*2 siringhe preriempite IM 5 ml 250 mg;941,36;570,38;-;DR. REDDY'S Srl;045435029;ASE;
Fulvestrant;FULVESTRANT 250MG 5ML 2 UNITA' USO PARENTERALE;FULVESTRANT*2 siringhe preriempite IM 5 ml 250 mg;941,36;570,38;-;MYLAN PHARMACEUTICALS LIMITED;045924026;ASE;
Fulvestrant;FULVESTRANT 250MG 5ML 1 UNITA' USO PARENTERALE;FULVESTRANT*IM 1 siringa preriempita 5 ml 250 mg;470,68;285,19;-;EVER PHARMA ITALIA Srl;046910016;ASD;
Fulvestrant;FULVESTRANT 250MG 5ML 2 UNITA' USO PARENTERALE;FULVESTRANT*IM 2 siringhe preriempite 5 ml 250 mg;941,36;570,38;-;EVER PHARMA ITALIA Srl;046910028;ASE;
Furosemide;FUROSEMIDE 20MG 10 UNITA' USO PARENTERALE (EV);FUROSEMIDE*10 fiale 20 mg 2 ml;3,36;2,04;-;FISIOPHARMA Srl;031422025;ASF;
Enfuvirtide;ENFUVIRTIDE 90MG 1ML 60 UNITA' USO PARENTERALE;FUZEON*60 flaconi SC polv + 60 flaconi solv + 60 siringhe 1 ml;2230,66;1351,58;-;ROCHE REGISTRATION GMBH;035930015;AMW;
Gabesato;GABESATO 100MG 5ML 1 UNITA' USO PARENTERALE;GABESATO MESILATO*1 fiala EV 100 mg + 1 fiala solv 5 ml;8,98;5,44;-;I.B.I.GIOVANNI LORENZINI SpA;035969017;ASG;
Gabesato;GABESATO 100MG 5ML 1 UNITA' USO PARENTERALE;GABESATO MESILATO*1 fiala EV 100 mg + 1 fiala solv 5 ml;8,98;5,44;-;BIOINDUSTRIA L.I.M. SpA;041445014;ASG;
Immunoglobulina Umana Normale;IMMUNOGLOBULINA UMANA NORMALE 10G 192ML 1 UNITA' USO PARENTERALE;GAMMAGARD*1 flacone EV 10 g + 1 flacone solv 192 ml;1072,76;650,00;-;BAXALTA INNOVATIONS GMBH;033240045;AUZ;
Immunoglobulina Umana Normale;IMMUNOGLOBULINA UMANA NORMALE 5G 96ML 1 UNITA' USO PARENTERALE;GAMMAGARD*1 flacone EV 5 g + 1 flacone solv 96 ml;536,38;325,00;-;BAXALTA INNOVATIONS GMBH;033240033;AVT;
Immunoglobulina umana normale;IMMUNOGLOBULINA UMANA NORMALE 10G 100ML 1 UNITA' USO PARENTERALE;GAMTEN*1 flacone EV 100 ml 100 mg/ml;1072,76;650,00;;OCTAPHARMA ITALY SpA;039457039;AUY;
Immunoglobulina umana normale;IMMUNOGLOBULINA UMANA NORMALE 5G 50ML 1 UNITA' USO PARENTERALE;GAMTEN*1 flacone EV 50 ml 100 mg/ml;536,38;325,00;;OCTAPHARMA ITALY SpA;039457027;AVS;
Immunoglobulina Umana Normale;IMMUNOGLOBULINA UMANA NORMALE 10G 100ML 1 UNITA' USO PARENTERALE;GAMUNEX*1 flacone EV 100 ml 100 mg/ml;1072,76;650,00;-;GRIFOLS DEUTSCHLAND GmbH;045410040;AUY;
Immunoglobulina Umana Normale;IMMUNOGLOBULINA UMANA NORMALE 5G 50ML 1 UNITA' USO PARENTERALE;GAMUNEX*1 flacone EV 50 ml 100 mg/ml;536,38;325,00;-;GRIFOLS DEUTSCHLAND GmbH;045410026;AVS;
Ganciclovir;GANCICLOVIR 500MG 1 UNITA' USO PARENTERALE;GANCICLOVIR*1 flaconcino EV 500 mg;40,36;24,46;-;MEDAC PHARMA Srl;047414014;ASW;
Ganciclovir;GANCICLOVIR 500MG 5 UNITA' USO PARENTERALE;GANCICLOVIR*5 flaconcini EV 500 mg;147,05;89,10;-;ACCORD HEALTHCARE SLU;046009027;LSH;
Vaccino Papillomavirus Umano;VACCINO PAPILLOMAVIRUS UM.16,18, 31, 33, 45, 52, 58 0,5ML 1 UNITA' USO PARENTERALE;GARDASIL 9*1 siringa preriemp 0,5 ml + 2 aghi;198,00;119,97;-;MERCK SHARP & DOHME BV;044268023;JJO;
Obinutuzumab;OBINUTUZUMAB 1.000MG 40ML 1 UNITA' USO PARENTERALE;GAZYVARO*1 flaconcino soluz EV 1.000 mg/40 ml;4434,94;2687,20;-;ROCHE REGISTRATION GMBH;043533013;FHW;
Gefitinib;GEFITINIB 250MG 30 UNITA' USO ORALE;GEFITINIB*30 cpr riv 250 mg;2469,03;1496,02;-;EG SpA;045992029;ASX;
Gefitinib;GEFITINIB 250MG 30 UNITA' USO ORALE;GEFITINIB*30 cpr riv 250 mg;2469,03;1496,02;-;MEDAC PHARMA Srl;046409013;ASX;
Gemcitabina;GEMCITABINA 1.000MG 25ML 1 UNITA' USO PARENTERALE;GEMCITABINA*1 flaconcino EV 1 g;100,13;60,69;-;EUGIA PHARMA (MALTA) LIMITED;044078020;ATC;
Gemcitabina;GEMCITABINA 2.000MG 50ML 1 UNITA' USO PARENTERALE;GEMCITABINA*1 flaconcino EV 2 g;200,29;121,36;-;EUGIA PHARMA (MALTA) LIMITED;044078032;ATF;
Gemcitabina;GEMCITABINA 200MG 1 UNITA' USO PARENTERALE;GEMCITABINA*1 flaconcino EV 200 mg;20,03;12,14;-;EUGIA PHARMA (MALTA) LIMITED;044078018;BQR;
Gemcitabina;GEMCITABINA 1.000MG 1 UNITA' USO PARENTERALE;GEMCITABINA*1 flaconcino INFUS EV 1 g;112,46;68,14;-;HIKMA FARMACEUTICA S.A.;039727033;ASY;
Gemcitabina;GEMCITABINA 1.000MG 10ML 1 UNITA' USO PARENTERALE;GEMCITABINA*1 flaconcino soluz infus 10 ml 100 mg/ml;100,15;60,69;-;ACCORD HEALTHCARE SLU;040928020;ATB;
Gemcitabina;GEMCITABINA 200MG 1 UNITA' USO PARENTERALE;GEMCITABINA*1 flaconcino soluz infus 2 ml 100 mg/ml;20,03;12,14;-;ACCORD HEALTHCARE SLU;040928018;BQR;
Gemcitabina;GEMCITABINA 2.000MG 20ML 1 UNITA' USO PARENTERALE;GEMCITABINA*1 flaconcino soluz infus 20 ml 100 mg/ml;200,29;121,36;-;ACCORD HEALTHCARE SLU;040928044;BQQ;
Gemcitabina;GEMCITABINA 1.000MG 1 UNITA' USO PARENTERALE;GEMCITABINA*1 flacone EV 1 g polv;113,22;68,60;-;SUN PHARMACEUTICAL IND.EU.B.V.;038815027;ASY;
Gemcitabina;GEMCITABINA 1.200MG 120ML 1 UNITA' USO PARENTERALE;GEMCITABINA*1 sacca EV 1,2 g 120 ml 10 mg/ml;120,18;72,83;-;SUN PHARMACEUTICAL IND.EU.B.V.;044167017;JWZ;
Gemcitabina;GEMCITABINA 1.600MG 160ML 1 UNITA' USO PARENTERALE;GEMCITABINA*1 sacca EV 1,6 g 160 ml 10 mg/ml;160,24;97,09;-;SUN PHARMACEUTICAL IND.EU.B.V.;044167029;JXD;
Gemcitabina;GEMCITABINA 1.800MG 180ML 1 UNITA' USO PARENTERALE;GEMCITABINA*1 sacca EV 1,8 g 180 ml 10 mg/ml;180,27;109,23;-;SUN PHARMACEUTICAL IND.EU.B.V.;044167043;JXE;
Gemcitabina;GEMCITABINA 1.400MG 140ML 1 UNITA' USO PARENTERALE;GEMCITABINA*1 sacca EV 10 mg/ml 140 ml;140,21;84,95;-;SUN PHARMACEUTICAL IND.EU.B.V.;044167195;LBH;
Gemcitabina;GEMCITABINA 2.000MG 200ML 1 UNITA' USO PARENTERALE;GEMCITABINA*1 sacca EV 2 g 200 ml 10 mg/ml;200,30;121,37;-;SUN PHARMACEUTICAL IND.EU.B.V.;044167056;JXF;
Gemcitabina;GEMCITABINA 2.200MG 220ML 1 UNITA' USO PARENTERALE;GEMCITABINA*1 sacca EV 2,2 g 220 ml 10 mg/ml;220,32;133,49;-;SUN PHARMACEUTICAL IND.EU.B.V.;044167068;JXG;
Gemcitabina;GEMCITABINA 1.000MG 5 UNITA' USO PARENTERALE;GEMCITABINA*5 flaconcini INFUS EV 1 g;537,71;325,90;-;HIKMA FARMACEUTICA S.A.;039727045;EWD;
Gemcitabina;GEMCITABINA 200MG 5 UNITA' USO PARENTERALE;GEMCITABINA*5 flaconcini INFUS EV 200 mg;111,58;67,60;-;HIKMA FARMACEUTICA S.A.;039727021;EWI;
Gemcitabina;GEMCITABINA 1.000MG 25ML 1 UNITA' USO PARENTERALE;GEMSOL*1 flaconcino EV 1.000 mg 25 ml;101,90;61,74;-;SANDOZ SpA;040278044;ATC;
Gemcitabina;GEMCITABINA 2.000MG 50ML 1 UNITA' USO PARENTERALE;GEMSOL*1 flaconcino EV 2.000 mg 50 ml;201,97;122,37;-;SANDOZ SpA;040278057;ATF;
Gemcitabina;GEMCITABINA 200MG 5ML 5 UNITA' USO PARENTERALE;GEMSOL*5 flaconcini EV 200 mg 5 ml;111,58;67,60;-;SANDOZ SpA;040278020;ATM;
Gentamicina;GENTAMICINA 80MG 2ML 10 UNITA' USO PARENTERALE;GENTAMICINA SOLFATO*10 fiale 80 mg 2 ml;11,88;5,40;-;FISIOPHARMA Srl;031423066;ATN;
Elvitegravir/Cobicistat/Emtricitabina/Tenofovir Alafenamide;ELVITEGRAVIR+COBICISTAT+EMTRICITABINA+TENOFOVIR ALAFENAMIDE 150+150+200+10MG 30 UNITA' USO ORALE;GENVOYA*30 cpr riv 150 mg + 150 mg + 200 mg + 10 mg flacone;1578,11;956,20;-;GILEAD SCIENCES IRELAND UC;044559019;JVU;
Angiotensina II;ANGIOTENSINA II 2,5MG/ML 10 UNITA' USO PARENTERALE;GIAPREZA*10 flaconcini EV 2,5 mg/ml 1 ml;16504,01;10000,00;-;PAION PHARMA GMBH;048208033;MOK;
Afatinib;AFATINIB 20MG 28 UNITA' USO ORALE;GIOTRIF*28 cpr riv 20 mg;3373,98;2044,34;-;BOEHRINGER INGELHEIM INT.GMBH;043023035;JAK;
Afatinib;AFATINIB 30MG 28 UNITA' USO ORALE;GIOTRIF*28 cpr riv 30 mg;3373,98;2044,34;-;BOEHRINGER INGELHEIM INT.GMBH;043023062;JAL;
Afatinib;AFATINIB 40MG 28 UNITA' USO ORALE;GIOTRIF*28 cpr riv 40 mg;3373,98;2044,34;-;BOEHRINGER INGELHEIM INT.GMBH;043023098;JAM;
Givosiran;GIVOSIRAN 189MG 1 UNITA' USO PARENTERALE;GIVLAARI*1 flaconcino SC 1 ml 189 mg/ml;68556,35;41539,23;-;ALNYLAM NETHERLANDS B.V.;048516013;LGG;
Ceftazidima;CEFTAZIDIMA 1.000MG 1 UNITA' USO PARENTERALE EV;GLAZIDIM VENA 1*1 flaconcino EV 1 g + 1 fiala solv 10 ml;19,21;8,73;-;SANDOZ SpA;025212046;AHP;
Ceftazidima;CEFTAZIDIMA 2.000MG 1 UNITA' USO PARENTERALE EV;GLAZIDIM VENA 2*1 flaconcino soluz infus 2 g;40,83;18,55;-;SANDOZ SpA;025212059;AHR;
Carmustina;CARMUSTINA 7,7MG 8 UNITA' USO INTRALESIONALE;GLIADEL*8 impianti intralesionali 7,7 mg;13107,47;7942,00;-;CLINIGEN HEALTHCARE B.V.;034709016;AGZ;
Terlipressina;TERLIPRESSINA 0,85MG 8,5ML 5 UNITA' USO PARENTERALE;GLIPRESSINA*5 fiale EV 1 mg 8,5 ml;171,29;103,79;-;FERRING SpA;026346039;BMD;
Glucagone;GLUCAGONE 1MG 1 UNITA' USO PARENTERALE;GLUCAGEN*1 fiala 1 mg + 1 fiala solv 1 ml;23,97;10,90;-;NOVO NORDISK A/S;027489020;MKA;
Fluoro 18F desossiglucosio;FLUORO 18F DESOSSIGLUCOSIO 250MBQ/ML 10ML 1 UNITA' USO PARENTERALE;GLUCOMPET*1 flaconcino multid 250 mbq/ml;-; - ;-;CURIUM ITALY Srl;038827022;ARN;
Fluoro 18F desossiglucosio;FLUORO 18F DESOSSIGLUCOSIO 600MBQ/ML 10ML 1 UNITA' USO PARENTERALE;GLUSCAN*1 flaconcino multid 600 MBq/ml 10 ml;-; - ;-;ADVANCED ACCELERATOR APPLICATIONS MOLECULAR IMAGING FRANCE Sas;037149010;ARO;
Granisetrone;GRANISETRONE 3MG 5 UNITA' USO PARENTERALE;GRANISETRON*5 fiale 3 ml 1 mg/ml;65,91;39,94;-;FRESENIUS KABI ITALIA Srl;039053020;ATR;
Granisetrone;GRANISETRONE 3MG 5 UNITA' USO PARENTERALE;GRANISETRON*infus 5 fiale 3 ml 1 mg/ml;65,91;39,94;-;HIKMA FARMACEUTICA S.A.;039737034;ATR;
Acido para-aminosalicilico;ACIDO PARA-AMINOSALICILICO 4G 30 UNITA' USO ORALE;GRANUPAS*orale grat gastrores 30 bust 4 g;558,56;338,44;-;EUROCEPT INTERNATIONAL B.V.;043376019;CUP;
Eribulina;ERIBULINA 0,88MG 2ML 1 UNITA' USO PARENTERALE;HALAVEN*1 flaconcino EV 0,88 mg 2 ml 0,44 mg/ml;595,79;361,00;-;EISAI GMBH;041021015;AOS;
C-13 Urea;C-13 UREA 75MG 1 UNITA' USO ORALE;HELICOKIT*1 cpr 75 mg + kit;38,19;17,37;-;ITC FARMA Srl;034837017;BOL;
C-13 Urea;C-13 UREA 75MG 18 UNITA' USO ORALE;HELICOKIT*18 cpr 75 mg;381,94;173,60;-;ITC FARMA Srl;034837029;BON;
C-13 Urea;C-13 UREA 37,5MG 2 UNITA' USO ORALE;HELICOKIT*2 cpr 37,5 mg;28,65;17,37;-;ITC FARMA Srl;034837031;BOK;
C-13 Urea;C-13 UREA 50MG 1 UNITA' USO ORALE;HELIDIAG*1 cpr 50 mg;27,55;16,70;-;LABORATOIRES MAYOLY SPINDLER;048022014;MAF;
C-13 Urea;C-13 UREA 50MG 10 UNITA' USO ORALE;HELIDIAG*10x1 cpr 50 mg;220,45;133,57;-;LABORATOIRES MAYOLY SPINDLER;048022026;MAG;
Etranacogene Dezaparvovec;ETRANACOGENE DEZAPARVOVEC 10.000 MLD COPIE GENOMA/ML USO PARENTERALE;HEMGENIX*1 trattamento EV 10.000.000.000.000 cg/ml;4621120,00;2800000,00;;CSL BEHRING GmbH;050548015;NET;
Trastuzumab;TRASTUZUMAB 150MG 1 UNITA' USO PARENTERALE;HERCEPTIN*1 flaconcino polv EV 150 mg;953,88;577,97;-;ROCHE REGISTRATION GMBH;034949014;BNT;
Trastuzumab;TRASTUZUMAB 600MG 1 UNITA' USO PARENTERALE;HERCEPTIN*1 flaconcino SC 600 mg 5 ml;2728,10;1652,99;-;ROCHE REGISTRATION GMBH;034949026;IXW;
Trastuzumab;TRASTUZUMAB 150MG 1 UNITA' USO PARENTERALE;HERZUMA*1 flaconcino polv EV 150 mg;763,10;462,37;-;CELLTRION HEALTHCARE HUNG.KFT;046106011;BNT;
Trastuzumab;TRASTUZUMAB 420MG 1 UNITA' USO PARENTERALE;HERZUMA*1 flaconcino polv EV 420 mg;2136,68;1294,64;-;CELLTRION HEALTHCARE HUNG.KFT;046106023;KOC;
Esaminolevulinato;ESAMINOLEVULINATO 85MG 50ML 1 UNITA' USO ENDOVESCICALE;HEXVIX*1 flaconcino polv sosp endovescicale 85 mg 10 ml + 1 siringa solv 50 ml senza dispositivo;708,99;429,59;-;PHOTOCURE ASA;037598048;DKW;
Immunoglobulina Umana Normale;IMMUNOGLOBULINA UMANA NORMALE 2G 10ML 1 UNITA' USO PARENTERALE;HIZENTRA*1 flaconcino SC 10 ml 200 mg/ml;214,55;130,00;-;CSL BEHRING GmbH;041157049;AVM;
Immunoglobulina Umana Normale;IMMUNOGLOBULINA UMANA NORMALE 4G 20ML 1 UNITA' USO PARENTERALE;HIZENTRA*1 flaconcino SC 20 ml 200 mg/ml;429,10;260,00;-;CSL BEHRING GmbH;041157102;AVQ;
Immunoglobulina Umana Normale;IMMUNOGLOBULINA UMANA NORMALE 1G 5ML 1 UNITA' USO PARENTERALE;HIZENTRA*1 flaconcino SC 5 ml 200 mg/ml;107,28;65,00;-;CSL BEHRING GmbH;041157013;AVI;
Immunoglobulina Umana Normale;IMMUNOGLOBULINA UMANA NORMALE 10G 50ML 1 UNITA' USO PARENTERALE;HIZENTRA*1 flaconcino SC 50 ml 200 mg/ml;1072,76;650,00;-;CSL BEHRING GmbH;041157138;GOZ;
Immunoglobulina Umana Normale;IMMUNOGLOBULINA UMANA NORMALE 2G 10ML 1 UNITA' USO PARENTERALE;HIZENTRA*1 siringa preriempita SC 10 ml 200 mg/ml;214,55;130,00;-;CSL BEHRING GmbH;041157177;AVM;
Immunoglobulina Umana Normale;IMMUNOGLOBULINA UMANA NORMALE 4G 20ML 1 UNITA' USO PARENTERALE;HIZENTRA*1 siringa preriempita SC 20 ml 200 mg/ml;429,10;260,00;-;CSL BEHRING GmbH;041157191;AVQ;
Cellule epiteliali corneali umane autologhe vitali;CELLULE EPITELIALI CORNEALI UMANE AUTOLOGHE - EL;HOLOCLAR*impianto 79.000-316.000 cellule/cm2 3,8 cm2;141501,17;85737,50;-;HOLOSTEM Srl;043909011;JXZ;
Ifosfamide;IFOSFAMIDE 1.000MG 1 UNITA' USO PARENTERALE;HOLOXAN*1 flaconcino EV 1 g polv;47,71;28,91;-;BAXTER SpA;023779061;ATY;
Adalimumab;ADALIMUMAB 80MG 0,8ML 1 UNITA' USO PARENTERALE;HUMIRA*1 penna preriempita 0,8 ml 80 mg + 2 tamponi;1591,60;964,37;-;ABBVIE DEUTSCHLAND GmbH&CO.KG;035946209;KGC;
Adalimumab;ADALIMUMAB 40MG 2 UNITA' USO PARENTERALE;HUMIRA*2 penne preriempite 0,4 ml 40 mg + 2 tamponi;1591,60;964,37;-;ABBVIE DEUTSCHLAND GmbH&CO.KG;035946161;ACG;
Adalimumab;ADALIMUMAB AD-BB 20MG 0,2ML 2 UNITA' USO PARENTERALE;HUMIRA*2 siringhe SC 20 mg 0,2 ml + 2 tamponi;795,81;482,19;-;ABBVIE DEUTSCHLAND GmbH&CO.KG;035946211;KPU;
Adalimumab;ADALIMUMAB AD-BB 40MG 2 UNITA' USO PARENTERALE;HUMIRA*2 siringhe SC 40 mg 0,4 ml + 2 tamponi;1591,60;964,37;-;ABBVIE DEUTSCHLAND GmbH&CO.KG;035946122;BVG;
Topotecan;TOPOTECAN 4MG 5 UNITA' USO PARENTERALE;HYCAMTIN*5 flaconcini EV 4 mg polv;1752,75;1062,01;-;SANDOZ PHARMACEUTICALS D.D.;033306010;BNK;
Immunoglobulina umana normale;IMMUNOGLOBULINA UMANA NORMALE 10G 100ML 1 UNITA' USO PARENTERALE SC;HYQVIA*1 flaconcino INFUS SC 100 ml + 1 flaconcino 5 ml;1072,76;650,00;-;BAXALTA INNOVATIONS GMBH;042804031;HQG;
Immunoglobulina umana normale;IMMUNOGLOBULINA UMANA NORMALE 20G 200ML 1 UNITA' USO PARENTERALE SC;HYQVIA*1 flaconcino INFUS SC 200 ml + 1 flaconcino 10 ml;2145,52;1300,00;-;BAXALTA INNOVATIONS GMBH;042804043;HQQ;
Immunoglobulina umana normale;IMMUNOGLOBULINA UMANA NORMALE 2,5G 1,25ML 1 UNITA' USO PARENTERALE SC;HYQVIA*1 flaconcino INFUS SC 25 ml + 1 flaconcino 1,25 ml;268,19;162,50;-;BAXALTA INNOVATIONS GMBH;042804017;JDK;
Immunoglobulina umana normale;IMMUNOGLOBULINA UMANA NORMALE 30G 300ML 1 UNITA' USO PARENTERALE SC;HYQVIA*1 flaconcino INFUS SC 300 ml + 1 flaconcino 15 ml;3218,28;1950,00;-;BAXALTA INNOVATIONS GMBH;042804056;HQS;
Immunoglobulina umana normale;IMMUNOGLOBULINA UMANA NORMALE 5G 50ML 1 UNITA' USO PARENTERALE SC;HYQVIA*1 flaconcino INFUS SC 50 ml + 1 flaconcino 2,5 ml;536,38;325,00;-;BAXALTA INNOVATIONS GMBH;042804029;HQC;
Adalimumab;ADALIMUMAB 40MG 2 UNITA' USO PARENTERALE;HYRIMOZ*2 penne preriempite SC 0,4 ml 40 mg;1130,03;684,71;-;SANDOZ GMBH;046889162;ACG;
Adalimumab;ADALIMUMAB 40MG 2 UNITA' USO PARENTERALE;HYRIMOZ*2 penne preriempite SC 0,8 ml 40 mg;1130,03;684,71;-;SANDOZ GMBH;046889059;ACG;
Adalimumab;ADALIMUMAB 80MG 0,8ML 2 UNITA' USO PARENTERALE;HYRIMOZ*2 penne preriempite SC 0,8 ml 80 mg;2260,09;1369,42;-;SANDOZ GMBH;046889111;MXO;
Adalimumab;ADALIMUMAB 20MG 2 UNITA' USO PARENTERALE;HYRIMOZ*2 siringhe preriempite SC 0,2 ml 20 mg;565,02;342,35;-;SANDOZ GMBH;046889198;MNI;
Adalimumab;ADALIMUMAB 20MG 2 UNITA' USO PARENTERALE;HYRIMOZ*2 siringhe preriempite SC 0,4 ml 20 mg con dispositivo di sicurezza dell'ago;565,02;342,35;-;SANDOZ GMBH;046889073;MNI;
Adalimumab;ADALIMUMAB 40MG 2 UNITA' USO PARENTERALE;HYRIMOZ*2 siringhe preriempite SC 0,4 ml 40 mg;1130,03;684,71;-;SANDOZ GMBH;046889135;ACG;
Adalimumab;ADALIMUMAB 40MG 2 UNITA' USO PARENTERALE;HYRIMOZ*2 siringhe preriempite SC 0,8 ml 40 mg;1130,03;684,71;-;SANDOZ GMBH;046889022;ACG;
Sodio fluoruro 18F;SODIO FLUORURO (18F) 2,0 GBq/ml 25ML 1 UNITA' USO PARENTERALE;IASONFLUORIDE*1 flaconcino multid 2,0 GBq/ml;-;-;-;CURIUM AUSTRIA GMBH;040986022;IAJ;
Ketoprofene;KETOPROFENE 100MG 5 UNITA' USO PARENTERALE EV;IBIFEN*5 fiale EV 100 mg 5 ml;2,96;1,79;-;I.B.I.GIOVANNI LORENZINI SpA;024994244;LQG;
Ketoprofene;KETOPROFENE 100MG 6 UNITA' USO PARENTERALE EV;IBIFEN*6 fiale EV 100 mg 5 ml;4,71;2,14;-;I.B.I.GIOVANNI LORENZINI SpA;024994194;BCD;
Palbociclib;PALBOCICLIB 100MG 21 UNITA' USO ORALE;IBRANCE*21 cpr riv 100 mg;5941,43;3600,00;-;PFIZER EUROPE MA EEIG;045172121;JYS;
Palbociclib;PALBOCICLIB 125MG 21 UNITA' USO ORALE;IBRANCE*21 cpr riv 125 mg;5941,43;3600,00;-;PFIZER EUROPE MA EEIG;045172145;JYT;
Palbociclib;PALBOCICLIB 75MG 21 UNITA' USO ORALE;IBRANCE*21 cpr riv 75 mg;5941,43;3600,00;-;PFIZER EUROPE MA EEIG;045172107;JYU;
Icatibant;ICATIBANT 30MG 3ML 1 UNITA' USO PARENTERALE;ICATIBANT*1 siringa preriemp SC 30 mg 3 ml 10 mg/ml;1767,28;1070,82;-;ACCORD HEALTHCARE SLU;049609011;ATT;
Icatibant;ICATIBANT 30MG 3ML 1 UNITA' USO PARENTERALE;ICATIBANT*1 siringa preriempita 30 mg 3 ml con ago;1767,28;1070,82;-;FRESENIUS KABI ITALIA Srl;048962017;ATT;
Icatibant;ICATIBANT 30MG 3ML 1 UNITA' USO PARENTERALE;ICATIBANT*1 siringa preriempita 30 mg 3 ml con ago;1767,28;1070,82;-;PIRAMAL CRITICAL CARE IT.SpA;049045014;ATT;
Icatibant;ICATIBANT 30MG 3ML 1 UNITA' USO PARENTERALE;ICATIBANT*1 siringa preriempita 30 mg 3 ml con ago;1767,28;1070,82;-;ZENTIVA ITALIA Srl;049047018;ATT;
Icatibant;ICATIBANT 30MG 3ML 1 UNITA' USO PARENTERALE;ICATIBANT*1 siringa preriempita 30 mg 3 ml con ago ipodermico;1767,28;1070,82;-;MYLAN SpA;049627019;ATT;
Icatibant;ICATIBANT 30MG 3ML 1 UNITA' USO PARENTERALE;ICATIBANT*1 siringa preriempita SC 30 mg 3 ml 10 mg/ml;1767,28;1070,82;-;TEVA B.V.;049039011;ATT;
Icatibant;ICATIBANT 30MG 3ML 1 UNITA' USO PARENTERALE;ICATIBANT*1 siringa preriempita SC 30 mg 3 ml con 1 ago ipodermico;1767,28;1070,82;-;HIKMA FARMACEUTICA S.A.;049185010;ATT;
Ponatinib;PONATINIB 15MG 30 UNITA' USO ORALE;ICLUSIG*30 cpr riv 15 mg flacone;4431,22;2684,94;-;INCYTE BIOSCIENCES DISTRIB BV;042853059;KMB;
Ponatinib;PONATINIB 30MG 30 UNITA' USO ORALE;ICLUSIG*30 cpr riv 30 mg flacone;8862,55;5369,88;-;INCYTE BIOSCIENCES DISTRIB BV;042853061;KLK;
Ponatinib;PONATINIB 45MG 30 UNITA' USO ORALE;ICLUSIG*30 cpr riv 45 mg flacone;8862,55;5369,88;-;INCYTE BIOSCIENCES DISTRIB BV;042853034;JBE;
Adalimumab;ADALIMUMAB BB 40MG 1 UNITA' USO PARENTERALE;IDACIO*1 flaconcino SC 0,8 ml 40 mg + 1 siringa + 1 ago + 1 adattatore + 2 tamponi;565,02;342,35;-;FRESENIUS KABI DEUTSCH.GMBH;047805015;LDC;
Adalimumab;ADALIMUMAB 40MG 2 UNITA' USO PARENTERALE;IDACIO*2 penne preriempite SC 0,8 ml 40 mg + 2 tamponi imbevuti di alcool;1130,04;684,71;-;FRESENIUS KABI DEUTSCH.GMBH;047805039;ACG;
Adalimumab;ADALIMUMAB 40MG 2 UNITA' USO PARENTERALE;IDACIO*2 siringhe SC 0,8 ml 40 mg + 2 tamponi imbevuti di alcool;1130,04;684,71;-;FRESENIUS KABI DEUTSCH.GMBH;047805027;ACG;
Imlifidase;IMLIFIDASE 11MG 1 UNITA' USO PARENTERALE;IDEFIRIX*1 flaconcino EV polv 11 mg;245084,44;148500,06;-;HANSA BIOPHARMA AB;048988012;MKL;
Imlifidase;IMLIFIDASE 11MG 2 UNITA' USO PARENTERALE;IDEFIRIX*2 flaconcini EV polv 11 mg;490168,96;297000,12;-;HANSA BIOPHARMA AB;048988024;MKM;
Immunoglobulina Umana Normale;IMMUNOGLOBULINA UMANA NORMALE 5G 100ML 1 UNITA' USO PARENTERALE;IG VENA*1 flacone EV 100 ml 50 g/litro + set infusionale;536,38;325,00;-;KEDRION SpA;025266166;AVR;
Immunoglobulina Umana Normale;IMMUNOGLOBULINA UMANA NORMALE 1G 20ML 1 UNITA' USO PARENTERALE;IG VENA*1 flacone EV 20 ml 50 g/litro;107,27;65,00;-;KEDRION SpA;025266141;AVG;
Immunoglobulina Umana Normale;IMMUNOGLOBULINA UMANA NORMALE 10G 200ML 1 UNITA' USO PARENTERALE;IG VENA*1 flacone EV 200 ml 50 g/litro + set infusionale;1072,76;650,00;-;KEDRION SpA;025266178;AVC;
Immunoglobulina Umana Normale;IMMUNOGLOBULINA UMANA NORMALE 2,5G 50ML 1 UNITA' USO PARENTERALE;IG VENA*1 flacone EV 50 ml 50 g/litro + set infusionale;268,19;162,50;-;KEDRION SpA;025266154;AVK;
Canakinumab;CANAKINUMAB 150MG 1 UNITA' USO PARENTERALE;ILARIS*1 flaconcino SC 150 mg 1 ml;17246,68;10450,00;-;NOVARTIS EUROPHARM LTD;039472042;AGS;
Tildrakizumab;TILDRAKIZUMAB 100MG/ML 1ML 1 UNITA' USO PARENTERALE;ILUMETRI*1 siringa SC 1 ml 100 mg/ml;5146,70;3118,45;-;ALMIRALL S.A.;047196011;LAG;
Tildrakizumab;TILDRAKIZUMAB 100MG/ML 2ML1 UNITA' USO PARENTERALE;ILUMETRI*1 siringa SC 200 mg 2 ml 100 mg/ml;5146,70;3118,45;-;ALMIRALL S.A.;047196035;MMP;
Fluocinolone Acetonide;FLUOCINOLONE ACETONIDE 190MCG 1 UNITA' USO INTRAVITREALE;ILUVIEN*impianto intravitreale 190 mcg;11284,72;6837,57;-;ALIMERA SCIENCES EUROPE LTD;042616019;JUO;
Ibrutinib;IBRUTINIB 140MG 120 UNITA' USO ORALE;IMBRUVICA*120 cps 140 mg flacone;12047,25;7299,60;-;JANSSEN CILAG INTERNAT.N.V.;043693023;HDL;
Ibrutinib;IBRUTINIB 140MG 30 UNITA' USO ORALE;IMBRUVICA*30x1 cpr riv 140 mg;3011,81;1824,90;-;JANSSEN CILAG INTERNAT.N.V.;043693086;LZC;
Ibrutinib;IBRUTINIB 280MG 30 UNITA' USO ORALE;IMBRUVICA*30x1 cpr riv 280 mg;6023,63;3649,81;-;JANSSEN CILAG INTERNAT.N.V.;043693100;MXT;
Ibrutinib;IBRUTINIB 420MG 30 UNITA' USO ORALE;IMBRUVICA*30x1 cpr riv 420 mg;9035,44;5474,70;-;JANSSEN CILAG INTERNAT.N.V.;043693050;LYY;
Ibrutinib;IBRUTINIB 560MG 30 UNITA' USO ORALE;IMBRUVICA*30x1 cpr riv 560 mg;12047,25;7299,60;-;JANSSEN CILAG INTERNAT.N.V.;043693062;LYZ;
Ibrutinib;IBRUTINIB 140MG 90 UNITA' USO ORALE;IMBRUVICA*90 cps 140 mg flacone;9035,44;5474,70;-;JANSSEN CILAG INTERNAT.N.V.;043693011;HDI;
Setmelanotide;SETMELANOTIDE 10MG 1ML 1 UNITA' USO PARENTERALE;IMCIVREE*1 flacone SC 1 ml 10 mg/ml;4538,63;2750,00;-;RHYTHM PHARMACEUTICALS LTD;049605013;MFL;
Durvalumab;DURVALUMAB 50MG/ML 10ML SOLUZIONE USO PARENTERALE;IMFINZI*1 flaconcino EV 10 ml 50 mg/ml;4343,17;2631,59;-;ASTRAZENECA AB;047089014;KQZ;
Durvalumab;DURVALUMAB 2,4ML 50MG/ML SOLUZIONE USO PARENTERALE;IMFINZI*1 flaconcino EV 2,4 ml 50 mg/ml;1042,36;631,58;-;ASTRAZENECA AB;047089026;KRB;
Imipenem/cilastatina;IMIPENEM+CILASTATINA 500+500MG 30ML 1 UNITA' USO PARENTERALE;IMIPENEM E CILASTATINA*1 flaconcino EV 500 mg + 500 mg;11,29;6,84;-;SUN PHARMACEUTICAL IND.EU.B.V.;039449044;AUJ;
Imipenem/cilastatina;IMIPENEM+CILASTATINA 500+500MG 10 UNITA' USO PARENTERALE;IMIPENEM E CILASTATINA*10 flaconcini EV 500 mg + 500 mg;107,99;65,44;-;EUGIA PHARMA (MALTA) LIMITED;040005023;AUG;
Imipenem/cilastatina;IMIPENEM+CILASTATINA 500+500MG 10 UNITA' USO PARENTERALE;IMIPENEM E CILASTATINA*10 flaconcini soluz infus 500 mg + 500 mg;107,99;65,44;-;HIKMA FARMACEUTICA S.A.;040844021;AUG;
Tremelimumab;TREMELIMUMAB 1,25ML 20MG/ML 1 UNITA' USO PARENTERALE;IMJUDO*1 flaconcino EV 1,25 ml 20 mg/ml;2750,67;1666,66;-;ASTRAZENECA AB;050595014;MWU;
Tremelimumab;TREMELIMUMAB 15ML 20MG/ML 1 UNITA' USO PARENTERALE;IMJUDO*1 flaconcino EV 15 ml 20 mg/ml;33008,00;20000,00;-;ASTRAZENECA AB;050595026;MWV;
Pomalidomide;POMALIDOMIDE 1MG 14 UNITA' USO ORALE;IMNOVID*14 cps 1 mg;9775,99;5923,40;-;BRISTOL M.SQUIBB PHARMA EEIG;042927057;LEM;
Pomalidomide;POMALIDOMIDE 2MG 14 UNITA' USO ORALE;IMNOVID*14 cps 2 mg;9775,99;5923,40;-;BRISTOL M.SQUIBB PHARMA EEIG;042927069;LEN;
Pomalidomide;POMALIDOMIDE 3MG 14 UNITA' USO ORALE;IMNOVID*14 cps 3 mg;9775,99;5923,40;-;BRISTOL M.SQUIBB PHARMA EEIG;042927071;LEO;
Pomalidomide;POMALIDOMIDE 4MG 14 UNITA' USO ORALE;IMNOVID*14 cps 4 mg;9775,99;5923,40;-;BRISTOL M.SQUIBB PHARMA EEIG;042927083;LEP;
Pomalidomide;POMALIDOMIDE 1MG 21 UNITA' USO ORALE;IMNOVID*21 cps 1 mg;14663,99;8885,11;-;BRISTOL M.SQUIBB PHARMA EEIG;042927018;HAQ;
Pomalidomide;POMALIDOMIDE 2MG 21 UNITA' USO ORALE;IMNOVID*21 cps 2 mg;14663,99;8885,11;-;BRISTOL M.SQUIBB PHARMA EEIG;042927020;HJF;
Pomalidomide;POMALIDOMIDE 3MG 21 UNITA' USO ORALE;IMNOVID*21 cps 3 mg;14663,99;8885,11;-;BRISTOL M.SQUIBB PHARMA EEIG;042927032;HLW;
Pomalidomide;POMALIDOMIDE 4MG 21 UNITA' USO ORALE;IMNOVID*21 cps 4 mg;14663,99;8885,11;-;BRISTOL M.SQUIBB PHARMA EEIG;042927044;HNB;
Adalimumab;ADALIMUMAB 40MG 2 UNITA' USO PARENTERALE;IMRALDI*2 penne preriemp SC 0,4 ml 40 mg + 2 tamponi imbevuti di alcool;1130,03;684,71;-;SAMSUNG BIOEPIS NL B.V.;045616152;ACG;
Adalimumab;ADALIMUMAB 40MG 2 UNITA' USO PARENTERALE;IMRALDI*2 penne preriempite SC 0,8 ml 40 mg;1130,03;684,71;-;SAMSUNG BIOEPIS NL B.V.;045616063;ACG;
Adalimumab;ADALIMUMAB 40MG 2 UNITA' USO PARENTERALE;IMRALDI*2 siringhe preriemp SC 0,4 ml 40 mg + 2 tamponi imbevuti di alcool;1130,03;684,71;-;SAMSUNG BIOEPIS NL B.V.;045616113;ACG;
Adalimumab;ADALIMUMAB 40MG 2 UNITA' USO PARENTERALE;IMRALDI*2 siringhe preriempite SC 0,8 ml 40 mg;1130,03;684,71;-;SAMSUNG BIOEPIS NL B.V.;045616024;ACG;
Interferone Gamma 1B;INTERFERONE GAMMA 1B 100MCG 0,5ML 6 UNITA' USO PARENTERALE;IMUKIN*6 fiale SC 2 x 1.000.000 UI;761,09;461,16;-;CLINIGEN HEALTHCARE B.V.;028138016;AVZ;
Ustekinumab;USTEKINUMAB 130MG 26ML 1 UNITA' USO PARENTERALE;IMULDOSA*1 flaconcino EV 26 ml 130 mg;2815,14;1705,73;-;ACCORD HEALTHCARE SLU;051802039;KOD;
Ustekinumab;USTEKINUMAB 45MG 0,5ML 1 UNITA' USO PARENTERALE;IMULDOSA*1 siringa preriempita SC 0,5 ml 45 mg;2815,14;1705,73;-;ACCORD HEALTHCARE SLU;051802015;BOS;
Ustekinumab;USTEKINUMAB 90MG 1ML 1 UNITA' USO PARENTERALE;IMULDOSA*1 siringa preriempita SC 1 ml 90 mg;2815,14;1705,73;-;ACCORD HEALTHCARE SLU;051802027;BOT;
Decitabina/cedazuridina;DECITABINA/CEDAZURIDINA 35MG+100MG 5UNITA' USO ORALE;INAQOVI*5 cpr 35 mg + 100 mg;11923,34;7224,51;-;OTSUKA PHARMACEUT.NETHER.BV;050889017;NAT;
Mecasermina;MECASERMINA 40MG 4ML 1 UNITA' USO PARENTERALE;INCRELEX*1 flaconcino SC 4 ml 10 mg/ml;973,74;590,00;-;ESTEVE PHARMACEUTICALS SA;038095016;BDN;
Fosfomicina;FOSFOMICINA 8G 40MG/ML 200ML 1 UNITA' USO PARENTERALE;INFECTOFOS*1 flacone polv infus 40 mg/ml 8 g per soluzione in 200 ml di solvente non incluso;91,45;55,41;-;INFECTOPHARM ARZ.UND CONS.GmbH;043646076;MNL;
Fosfomicina;FOSFOMICINA 2G 10 UNITA' USO PARENTERALE;INFECTOFOS*10 flaconi polv infus 40 mg/ml 2 g per soluzione in 50 ml di solvente non incluso;228,64;138,54;-;INFECTOPHARM ARZ.UND CONS.GmbH;043646049;EPV;
Fosfomicina;FOSFOMICINA 4G 10 UNITA' USO PARENTERALE;INFECTOFOS*10 flaconi polv infus 40 mg/ml 4 g per soluzione in 100 ml di solvente non incluso;457,27;277,07;-;INFECTOPHARM ARZ.UND CONS.GmbH;043646052;EPW;
Infliximab;INFLIXIMAB 100MG 10 ML 1 UNITA' USO PARENTERALE;INFLECTRA*1 flaconcino polv EV 100 mg 10 ml;637,52;386,28;-;PFIZER EUROPE MA EEIG;043010014;IZW;
Axitinib;AXITINIB 1MG 56 UNITA' USO ORALE;INLYTA*56 cpr riv 1 mg;1317,03;798,01;-;PFIZER EUROPE MA EEIG;042233027;DUM;
Axitinib;AXITINIB 3MG 56 UNITA' USO ORALE;INLYTA*56 cpr riv 3 mg;3951,11;2394,03;-;PFIZER EUROPE MA EEIG;042233080;GZT;
Axitinib;AXITINIB 5MG 56 UNITA' USO ORALE;INLYTA*56 cpr riv 5 mg;6585,15;3990,01;-;PFIZER EUROPE MA EEIG;042233054;DUN;
Axitinib;AXITINIB 7MG 56 UNITA' USO ORALE;INLYTA*56 cpr riv 7 mg;9219,22;5586,01;-;PFIZER EUROPE MA EEIG;042233116;GZU;
Fedratinib;FEDRATINIB 100MG 120 UNITA' USO ORALE;INREBIC*120 cps 100 mg flacone;6814,40;4128,94;-;BRISTOL M.SQUIBB PHARMA EEIG;049373018;LXK;
Eptifibatide;EPTIFIBATIDE 20MG 10ML 1 UNITA' USO PARENTERALE;INTEGRILIN*1 flacone EV 10 ml 2 mg/ml;30,40;18,42;-;GLAXOSMITHKLINE (IRELAND) LTD;034489029;AOQ;
Eptifibatide;EPTIFIBATIDE 75MG 100ML 1 UNITA' USO PARENTERALE;INTEGRILIN*1 flacone EV 100 ml 0,75 mg/ml;96,01;58,18;-;GLAXOSMITHKLINE (IRELAND) LTD;034489017;AOR;
Etravirina;ETRAVIRINA 200MG 60 UNITA' USO ORALE;INTELENCE*60 cpr 200 mg flacone;670,27;406,13;-;JANSSEN CILAG INTERNAT.N.V.;038703029;APG;
Immunoglobulina Umana Normale;IMMUNOGLOBULINA UMANA NORMALE 1G 10ML 1 UNITA' USO PARENTERALE;INTRATECT*1 flaconcino soluz infus 100 g/l 10 ml;107,27;65,00;-;BIOTEST PHARMA GMBH;037240090;FKK;
Immunoglobulina Umana Normale;IMMUNOGLOBULINA UMANA NORMALE 10G 100ML 1 UNITA' USO PARENTERALE;INTRATECT*1 flaconcino soluz infus 100 g/l 100 ml;1072,76;650,00;-;BIOTEST PHARMA GMBH;037240114;FKJ;
Immunoglobulina Umana Normale;IMMUNOGLOBULINA UMANA NORMALE 20G 200ML 1 UNITA' USO PARENTERALE;INTRATECT*1 flaconcino soluz infus 100 g/l 200 ml;2145,52;1300,00;-;BIOTEST PHARMA GMBH;037240126;FKN;
Immunoglobulina Umana Normale;IMMUNOGLOBULINA UMANA NORMALE 5G 50ML 1 UNITA' USO PARENTERALE;INTRATECT*1 flaconcino soluz infus 100 g/l 50 ml;536,38;325,00;-;BIOTEST PHARMA GMBH;037240102;AVS;
Immunoglobulina Umana Normale;IMMUNOGLOBULINA UMANA NORMALE 5G 100ML 1 UNITA' USO PARENTERALE;INTRATECT*1 flacone infus 50 g/l 100 ml;536,38;325,00;-;BIOTEST PHARMA GMBH;037240076;AVR;
Immunoglobulina Umana Normale;IMMUNOGLOBULINA UMANA NORMALE 1G 20ML 1 UNITA' USO PARENTERALE;INTRATECT*1 flacone infus 50 g/l 20 ml;107,27;65,00;-;BIOTEST PHARMA GMBH;037240052;AVG;
Immunoglobulina Umana Normale;IMMUNOGLOBULINA UMANA NORMALE 10G 200ML 1 UNITA' USO PARENTERALE;INTRATECT*1 flacone infus 50 g/l 200 ml;1072,76;650,00;-;BIOTEST PHARMA GMBH;037240088;AVC;
Immunoglobulina Umana Normale;IMMUNOGLOBULINA UMANA NORMALE 2,5G 50ML 1 UNITA' USO PARENTERALE;INTRATECT*1 flacone infus 50 g/l 50 ml;268,19;162,50;-;BIOTEST PHARMA GMBH;037240064;AVK;
Ertapenem;ERTAPENEM 1 G 1 UNITA' USO PARENTERALE;INVANZ*1 flaconcino EV 1 g;67,03;40,61;-;MERCK SHARP & DOHME BV;035851017;AOV;
Iopamidolo;IOPAMIDOLO 4.080MG IODIO 10ML 10 UNITA' USO PARENTERALE;IOPASEN*10 fiale EV 10 ml 408 mg/ml;23,77;14,40;-;GALENICA SENESE Srl;034620195;FPQ;
Elafibranor;ELAFIBRANOR 80MG 30 UNITA' USO ORALE;IQIRVO*30 cpr riv 80 mg flacone;5014,05;3038,09;-;IPSEN PHARMA;051464016;NRX;
Immunoglobulina Umana Normale;IMMUNOGLOBULINA UMANA NORMALE 10G 100ML 1 UNITA' USO PARENTERALE;IQYMUNE*1 flacone EV 100 ml 100 mg/ml;970,72;550,00;-;LFB LABORATOIRE FRANC.DU FRACT;043736038;AUY;
Immunoglobulina Umana Normale;IMMUNOGLOBULINA UMANA NORMALE 2G 20ML 1 UNITA' USO PARENTERALE;IQYMUNE*1 flacone EV 20 ml 100 mg/ml;181,54;110,00;-;LFB LABORATOIRE FRANC.DU FRACT;043736014;AVN;
Immunoglobulina Umana Normale;IMMUNOGLOBULINA UMANA NORMALE 20G 200ML 1 UNITA' USO PARENTERALE;IQYMUNE*1 flacone EV 200 ml 100 mg/ml;1815,44;1100,00;-;LFB LABORATOIRE FRANC.DU FRACT;043736040;AVL;
Immunoglobulina Umana Normale;IMMUNOGLOBULINA UMANA NORMALE 5G 50ML 1 UNITA' USO PARENTERALE;IQYMUNE*1 flacone EV 50 ml 100 mg/ml;453,86;275,00;-;LFB LABORATOIRE FRANC.DU FRACT;043736026;AVS;
Gefitinib;GEFITINIB 250MG 30 UNITA' USO ORALE;IRESSA*30 cpr riv 250 mg;3614,98;2190,37;-;ASTRAZENECA AB;039260017;ASX;
Irinotecan;IRINOTECAN 300MG 15ML 1 UNITA' USO PARENTERALE;IRINOTECAN KABI*1 flaconcino 300 mg 15 ml 20 mg/ml;310,75;188,29;-;FRESENIUS KABI ITALIA Srl;038398032;BBP;
Irinotecan;IRINOTECAN 40MG 2ML 1 UNITA' USO PARENTERALE;IRINOTECAN KABI*1 flaconcino 40 mg 2 ml 20 mg/ml;67,60;40,96;-;FRESENIUS KABI ITALIA Srl;038398018;BBQ;
Irinotecan;IRINOTECAN 500MG 25ML 1 UNITA' USO PARENTERALE;IRINOTECAN KABI*1 flaconcino 500 mg 25 ml 20 mg/ml;767,20;464,85;-;FRESENIUS KABI ITALIA Srl;038398044;BBS;
Irinotecan;IRINOTECAN 100MG 5ML 1 UNITA' USO PARENTERALE;IRINOTECAN KABI*1 flacone 100 mg 5 ml 20 mg/ml;153,46;92,99;-;FRESENIUS KABI ITALIA Srl;038398020;BBO;
Irinotecan;IRINOTECAN 40MG 2ML 1 UNITA' USO PARENTERALE;IRINOTECAN*1 flaconcino 40 mg 2 ml 20 mg/ml;50,70;30,72;-;MYLAN SpA;038804011;BBQ;
Irinotecan;IRINOTECAN 1.000MG 50ML 1 UNITA' USO PARENTERALE;IRINOTECAN*1 flaconcino EV 1.000 mg 50 ml 20 mg/ml;828,57;502,05;-;ACCORD HEALTHCARE SLU;044241053;LUB;
Irinotecan;IRINOTECAN 100MG 5ML 1 UNITA' USO PARENTERALE;IRINOTECAN*1 flaconcino EV 100 mg 5 ml 20 mg/ml;153,46;92,99;-;EUGIA PHARMA (MALTA) LIMITED;038143020;BBO;
Irinotecan;IRINOTECAN 100MG 5ML 1 UNITA' USO PARENTERALE;IRINOTECAN*1 flaconcino EV 100 mg 5 ml 20 mg/ml;115,09;69,74;-;ACCORD HEALTHCARE SLU;044241026;BBO;
Irinotecan;IRINOTECAN 300MG 15ML 1 UNITA' USO PARENTERALE;IRINOTECAN*1 flaconcino EV 300 mg 15 ml 20 mg/ml;305,00;184,80;-;EUGIA PHARMA (MALTA) LIMITED;038143044;BBP;
Irinotecan;IRINOTECAN 300MG 15ML 1 UNITA' USO PARENTERALE;IRINOTECAN*1 flaconcino EV 300 mg 15 ml 20 mg/ml;305,00;184,80;-;ACCORD HEALTHCARE SLU;044241038;BBP;
Irinotecan;IRINOTECAN 40MG 2ML 1 UNITA' USO PARENTERALE;IRINOTECAN*1 flaconcino EV 40 mg 2 ml 20 mg/ml;67,60;40,96;-;EUGIA PHARMA (MALTA) LIMITED;038143018;BBQ;
Irinotecan;IRINOTECAN 40MG 2ML 1 UNITA' USO PARENTERALE;IRINOTECAN*1 flaconcino EV 40 mg 2 ml 20 mg/ml;50,70;30,72;-;ACCORD HEALTHCARE SLU;044241014;BBQ;
Irinotecan;IRINOTECAN 500MG 25ML 1 UNITA' USO PARENTERALE;IRINOTECAN*1 flaconcino EV 500 mg 25 ml 20 mg/ml;767,20;464,85;-;EUGIA PHARMA (MALTA) LIMITED;038143032;BBS;
Irinotecan;IRINOTECAN 500MG 25ML 1 UNITA' USO PARENTERALE;IRINOTECAN*1 flaconcino EV 500 mg 25 ml 20 mg/ml;767,20;464,86;-;MYLAN SpA;038804136;BBS;
Irinotecan;IRINOTECAN 500MG 25ML 1 UNITA' USO PARENTERALE;IRINOTECAN*1 flaconcino EV 500 mg 25 ml 20 mg/ml;767,20;464,85;-;ACCORD HEALTHCARE SLU;044241040;BBS;
Irinotecan;IRINOTECAN 100MG 5ML 1 UNITA' USO PARENTERALE;IRINOTECAN*1 flacone 100 mg 5 ml 20 mg/ml;115,09;69,74;-;MYLAN SpA;038804050;BBO;
Irinotecan;IRINOTECAN 270MG 180ML 1 UNITA' USO PARENTERALE;IRINOTECAN*1 sacca EV 180 ml 1,5 mg/ml;274,50;166,33;-;SUN PHARMACEUTICAL IND.EU.B.V.;048419016;LUO;
Irinotecan;IRINOTECAN 300MG 200ML 1 UNITA' USO PARENTERALE;IRINOTECAN*1 sacca EV 200 ml 1,5 mg/ml;305,00;184,80;-;SUN PHARMACEUTICAL IND.EU.B.V.;048419028;LUP;
Irinotecan;IRINOTECAN 330MG 220ML 1 UNITA' USO PARENTERALE;IRINOTECAN*1 sacca EV 220 ml 1,5 mg/ml;335,50;203,29;-;SUN PHARMACEUTICAL IND.EU.B.V.;048419030;LUQ;
Irinotecan;IRINOTECAN 360MG 240ML 1 UNITA' USO PARENTERALE;IRINOTECAN*1 sacca EV 240 ml 1,5 mg/ml;366,00;221,76;-;SUN PHARMACEUTICAL IND.EU.B.V.;048419042;LUR;
Irinotecan;IRINOTECAN 300MG 15ML 1 UNITA' USO PARENTERALE;IRINTO*1 flaconcino EV 15 ml 20 mg/ml;305,00;184,80;-;HIKMA FARMACEUTICA S.A.;045935032;BBP;
Irinotecan;IRINOTECAN 40MG 2ML 1 UNITA' USO PARENTERALE;IRINTO*1 flaconcino EV 2 ml 20 mg/ml;50,70;30,72;-;HIKMA FARMACEUTICA S.A.;045935018;BBQ;
Irinotecan;IRINOTECAN 500MG 25ML 1 UNITA' USO PARENTERALE;IRINTO*1 flaconcino EV 25 ml 20 mg/ml;767,20;464,85;-;HIKMA FARMACEUTICA S.A.;045935044;BBS;
Irinotecan;IRINOTECAN 100MG 5ML 1 UNITA' USO PARENTERALE;IRINTO*1 flaconcino EV 5 ml 20 mg/ml;115,09;69,74;-;HIKMA FARMACEUTICA S.A.;045935020;BBO;
Raltegravir;RALTEGRAVIR 100MG 60 UNITA' USO ORALE;ISENTRESS*60 cpr mast 100 mg flacone;225,10;136,39;-;MERCK SHARP & DOHME BV;038312043;IWH;
Raltegravir;RALTEGRAVIR 25MG 60 UNITA' USO ORALE;ISENTRESS*60 cpr mast 25 mg flacone;56,27;34,10;-;MERCK SHARP & DOHME BV;038312031;IWI;
Raltegravir;RALTEGRAVIR 400MG 60 UNITA' USO ORALE;ISENTRESS*60 cpr riv 400 mg flacone;900,40;545,57;-;MERCK SHARP & DOHME BV;038312017;BIY;
Raltegravir;RALTEGRAVIR 600MG 60 UNITA' USO ORALE;ISENTRESS*60 cpr riv 600 mg flacone;900,40;545,57;-;MERCK SHARP & DOHME BV;038312068;KHT;
Raltegravir;RALTEGRAVIR 100MG 60 UNITA' USO ORALE;ISENTRESS*orale grat 60 bust 100 mg;307,82;186,51;-;MERCK SHARP & DOHME BV;038312056;IWH;
Fosaprepitant;FOSAPREPITANT 150MG 10 ML 1 UNITA' USO PARENTERALE;IVEMEND*1 flaconcino EV 10 ml 150 mg;88,77;53,79;-;MERCK SHARP & DOHME BV;041018033;BYX;
Ruxolitinib;RUXOLITINIB 10MG 56 UNITA' USO ORALE;JAKAVI*56 cpr 10 mg;6567,54;3979,36;-;NOVARTIS EUROPHARM LTD;042226151;KEM;
Ruxolitinib;RUXOLITINIB 15MG 56 UNITA' USO ORALE;JAKAVI*56 cpr 15 mg;6567,54;3979,36;-;NOVARTIS EUROPHARM LTD;042226086;GYM;
Ruxolitinib;RUXOLITINIB 20MG 56 UNITA' USO ORALE;JAKAVI*56 cpr 20 mg;6567,54;3979,36;-;NOVARTIS EUROPHARM LTD;042226112;GYN;
Ruxolitinib;RUXOLITINIB 5MG 56 UNITA' USO ORALE;JAKAVI*56 cpr 5 mg;3283,77;1989,68;-;NOVARTIS EUROPHARM LTD;042226050;GTW;
Vinflunina;VINFLUNINA 250MG 10ML 1 UNITA' USO PARENTERALE;JAVLOR*1 flaconcino EV 250 mg 10 ml 25 mg/ml;1824,62;1105,56;-;PIERRE FABRE MEDICAMENT;039540051;BPS;
Vinflunina;VINFLUNINA 50MG 2ML 1 UNITA' USO PARENTERALE;JAVLOR*1 flaconcino EV 50 mg 2 ml 25 mg/ml;364,92;221,11;-;PIERRE FABRE MEDICAMENT;039540012;BPT;
Pirtobrutinib;PIRTOBRUTINIB 100MG 56 UNITA' USO ORALE;JAYPIRCA*56 cpr riv 100 mg;14633,24;8866,48;-;ELI LILLY NEDERLAND BV;050942061;NEF;
Dostarlimab;DOSTARLIMAB 500MG 10ML SOLUZIONE USO PARENTERALE;JEMPERLI*EV 1 flacone 10 ml 50 mg/ml;10352,01;6272,38;-;GLAXOSMITHKLINE TRADING SERVICES LTD;049453018;MAI;
Cabazitaxel;CABAZITAXEL 60MG 1 UNITA' USO PARENTERALE;JEVTANA*1 flaconcino EV 60 mg 1,5 ml + 1 flaconcino solv 4,5 ml;6553,74;3971,00;-;SANOFI WINTHROP INDUSTRIE;041013018;AGO;
Adrenalina;ADRENALINA 150MCG 0,15ML 1 UNITA' USO PARENTERALE;JEXT*1 penna IM 150 mcg;74,01;44,84;-;ALK-ABELLO' A/S;040585022;JVO;
Adrenalina;ADRENALINA 300MCG 0,30ML 1 UNITA' USO PARENTERALE;JEXT*1 penna IM 300 mcg;74,01;44,84;-;ALK-ABELLO' A/S;040585010;ACL;
Dolutegravir/rilpivirina;DOLUTEGRAVIR+RILPIVIRINA 50+25MG 30 UNITA' USO ORALE;JULUCA*30 cpr riv 50 mg + 25 mg flacone;1308,11;792,60;-;VIIV HEALTHCARE BV;046638019;KWV;
Filgotinib;FILGOTINIB 100MG 30 UNITA' USO ORALE;JYSELECA*30 cpr riv 100 mg flacone;1064,41;644,94;-;ALFASIGMA SpA;049054012;LFY;
Filgotinib;FILGOTINIB 200MG 30 UNITA' USO ORALE;JYSELECA*30 cpr riv 200 mg flacone;1064,41;644,94;-;ALFASIGMA SpA;049054036;LFX;
Trastuzumab Emtansine;TRASTUZUMAB EMTANSINE 100MG 1 UNITA' USO PARENTERALE;KADCYLA*1 flaconcino polv EV 100 mg 5 ml;3032,33;1837,34;-;ROCHE REGISTRATION GMBH;043092016;GTE;
Trastuzumab Emtansine;TRASTUZUMAB EMTANSINE 160MG 1 UNITA' USO PARENTERALE;KADCYLA*1 flaconcino polv EV 160 mg 8 ml;4851,74;2939,73;-;ROCHE REGISTRATION GMBH;043092028;GTG;
Lopinavir/ritonavir;LOPINAVIR+RITONAVIR 200+50MG 120 UNITA' USO ORALE;KALETRA*120 cpr riv 200 mg + 50 mg flacone;536,55;325,11;-;ABBVIE DEUTSCHLAND GmbH&CO.KG;035187044;BDF;
Lopinavir/ritonavir;LOPINAVIR+RITONAVIR 100+25MG 60 UNITA' USO ORALE;KALETRA*60 cpr riv 100 mg + 25 mg flacone;134,14;81,28;-;ABBVIE DEUTSCHLAND GmbH&CO.KG;035187069;BDE;
Lopinavir/ritonavir;LOPINAVIR+RITONAVIR 80MG/ML + 20MG/ML 60ML 5 UNITA' USO ORALE;KALETRA*orale soluz 5 flaconcini 60 ml 80 mg/ml + 20 mg/ml + 5 siringhe;536,55;325,11;-;ABBVIE DEUTSCHLAND GmbH&CO.KG;035187032;BDG;
Trastuzumab;TRASTUZUMAB 420MG 1 UNITA' USO PARENTERALE;KANJINTI*1 flaconcino polv EV 420 mg;2136,68;1294,64;-;AMGEN EUROPE B.V.;046547028;KOC;
Potassio canrenoato;POTASSIO CANRENOATO 200MG 2ML 6 UNITA' USO PARENTERALE;KANRENOL*6 fiale EV 200 mg + 6 fiale solv 2 ml;9,71;5,88;-;TEOFARMA Srl;023745019;BIJ;
Sebelipasi Alfa;SEBELIPASI ALFA 20MG 10ML 1 UNITA' USO PARENTERALE;KANUMA*1 flaconcino EV 10 ml 2 mg/ml;9781,60;5926,81;-;ALEXION EUROPE Sas;044493017;KHL;
Difelikefalin;DIFELIKEFALIN 50MCG 1ML 12 UNITA' USO PARENTERALE;KAPRUVIA*12 flaconcini EV 50 mcg 1 ml;534,73;324,00;-;VIFOR FRESENIUS M.C.R.P.FRANCE;050051022;NTY;
Fattore II/Fattore IX/Fattore X della coagulazione;FATTORE II+FATTORE IX+FATTORE X DELLA COAGULAZIONE 500UI 1 UNITA' USO PARENTERALE;KEDCOM*1 flaconcino EV 500 Unita' Internazionali + 1 flaconcino solv 20 ml + set infusionale;208,13;126,10;-;KEDRION SpA;041850013;JQA;
Cangrelor;CANGRELOR 50MG 10 UNITA' USO PARENTERALE;KENGREXAL*10 flaconcini EV soluz infus 50 mg;4951,21;3000,01;-;CHIESI FARMACEUTICI SpA;044016018;DOL;
Ofatumumab;OFATUMUMAB 20MG 0,4ML 1 UNITA' USO PARENTERALE;KESIMPTA*1 penna SC 20 mg 0,4 ml 50 mg/ml;2035,31;1233,21;-;NOVARTIS EUROPHARM LTD;049429032;LSZ;
Ketamina;KETAMINA 100MG 2ML 5 UNITA' USO PARENTERALE;KETAMINA*5 fiale 2ml 50 mg/ml;24,58;14,90;-;MOLTENI & C. F.LLI ALITTI SpA;038890012;BBZ;
Aminoacidi chetoanaloghi/aminoacidi;AMINOACIDI CHETOANALOGHI+AMINOACIDI 100 UNITA' USO ORALE;KETOSTERIL*100 cpr riv;66,40;40,23;-;FRESENIUS KABI ITALIA Srl;049277015;LXC;
Sarilumab;SARILUMAB 150MG 2 UNITA' USO PARENTERALE;KEVZARA*SC 2 penne SC 1,14 ml 150 mg;1555,28;942,36;-;SANOFI WINTHROP INDUSTRIE;045491053;KJL;
Sarilumab;SARILUMAB 200MG 2 UNITA' USO PARENTERALE;KEVZARA*SC 2 penne SC 1,14 ml 200 mg;1555,28;942,36;-;SANOFI WINTHROP INDUSTRIE;045491077;KJM;
Sarilumab;SARILUMAB 150MG 2 UNITA' USO PARENTERALE;KEVZARA*SC 2 siringhe SC 1,14 ml 150 mg;1555,28;942,36;-;SANOFI WINTHROP INDUSTRIE;045491014;KJL;
Sarilumab;SARILUMAB 200MG 2 UNITA' USO PARENTERALE;KEVZARA*SC 2 siringhe SC 1,14 ml 200 mg;1555,28;942,36;-;SANOFI WINTHROP INDUSTRIE;045491038;KJM;
Immunoglobulina Umana Normale;IMMUNOGLOBULINA UMANA NORMALE 4G 25ML 1 UNITA' USO PARENTERALE;KEYCUTE*1 flaconcino SC 25 ml 160 mg/ml;363,09;220,00;-;KEDRION SpA;043398027;JUY;
Pembrolizumab;PEMBROLIZUMAB 100MG 1 UNITA' USO PARENTERALE;KEYTRUDA*1 flaconcino infus EV 4 ml 25 mg/ml;5657,57;3428,00;-;MERCK SHARP & DOHME BV;044386023;JZS;
Immunoglobulina Umana antiepatite B;IMMUNOGLOBULINA UMANA ANTIEPATITE B 500UI 10ML 1 UNITA' USO PARENTERALE;KEYVEN B*1 flaconcino EV 10 ml 50 UI/ml + set infusionale;288,82;175,00;-;KEDRION SpA;038059034;MXG;
Immunoglobulina Umana Antiepatite B;IMMUNOGLOBULINA UMANA ANTIEPATITE B 2.500UI 50ML 1 UNITA' USO PARENTERALE EV;KEYVEN B*1 flacone EV 50 ml 50 UI/ml + set infusionale;1444,11;875,00;-;KEDRION SpA;038059046;AUO;
Tebentafusp;TEBENTAFUSP 100MCG 0,5ML 1 UNITA' USO PARENTERALE;KIMMTRAK*1 flaconcino EV 100 mcg 0,5 ml;18515,79;11218,98;-;IMMUNOCORE IRELAND LTD;050004011;MFM;
Anakinra;ANAKINRA 100MG 0,67ML 7 UNITA' USO PARENTERALE;KINERET*7 siringhe preriempite SC 100 mg 0,67 ml;328,96;199,32;-;SWEDISH ORPHAN BIOVITRUM AB(PU;035607062;AEI;
Immunoglobulina Umana Normale;IMMUNOGLOBULINA UMANA NORMALE 1G 10ML 1 UNITA' USO PARENTERALE;KIOVIG*1 flacone EV 10 ml 100 mg/ml;107,28;65,00;-;BAXTER AG;037107012;AVF;
Immunoglobulina Umana Normale;IMMUNOGLOBULINA UMANA NORMALE 10G 100ML 1 UNITA' USO PARENTERALE;KIOVIG*1 flacone EV 100 ml 100 mg/ml;1072,76;650,00;-;BAXTER AG;037107048;AUY;
Immunoglobulina Umana Normale;IMMUNOGLOBULINA UMANA NORMALE 20G 200ML 1 UNITA' USO PARENTERALE;KIOVIG*1 flacone EV 200 ml 100 mg/ml;2145,52;1300,00;-;BAXTER AG;037107051;AVL;
Immunoglobulina Umana Normale;IMMUNOGLOBULINA UMANA NORMALE 2,5G 25ML 1 UNITA' USO PARENTERALE;KIOVIG*1 flacone EV 25 ml 100 mg/ml;268,19;162,50;-;BAXTER AG;037107024;AVJ;
Immunoglobulina Umana Normale;IMMUNOGLOBULINA UMANA NORMALE 30G 300ML 1 UNITA' USO PARENTERALE;KIOVIG*1 flacone EV 300 ml 100 mg/ml;3218,28;1950,00;-;BAXTER AG;037107063;AVO;
Immunoglobulina Umana Normale;IMMUNOGLOBULINA UMANA NORMALE 5G 50ML 1 UNITA' USO PARENTERALE;KIOVIG*1 flacone EV 50 ml 100 mg/ml;536,38;325,00;-;BAXTER AG;037107036;AVS;
Lenvatinib;LENVATINIB 10MG 30 UNITA' USO ORALE;KISPLYX*30 cps 10 mg;2792,59;1692,07;-;EISAI GMBH;045060023;HWU;
Lenvatinib;LENVATINIB 4MG 30 UNITA' USO ORALE;KISPLYX*30 cps 4 mg;2792,59;1692,07;-;EISAI GMBH;045060011;HWR;
Ribociclib;RIBOCICLIB 200MG 42 UNITA' USO ORALE;KISQALI*42 cpr rivestite 200 mg;5016,01;3039,27;-;NOVARTIS EUROPHARM LTD;045618030;KGE;
Ribociclib;RIBOCICLIB 200MG 63 UNITA' USO ORALE;KISQALI*63 cpr rivestite 200 mg;7524,01;4558,90;-;NOVARTIS EUROPHARM LTD;045618055;KGD;
Abacavir/lamivudina;ABACAVIR+LAMIVUDINA 600+300MG 30 UNITA' USO ORALE;KIVEXA*30 cpr riv 600 mg + 300 mg;567,56;343,89;-;VIIV HEALTHCARE BV;036644019;AAD;
Claritromicina;CLARITROMICINA 500MG 10ML 1 UNITA' USO PARENTERALE;KLACID*1 fiala EV 500 mg + 1 fiala solv 10 ml;19,77;8,98;-;VIATRIS ITALIA Srl;027370042;AJI;
Lenalidomide;LENALIDOMIDE 5MG 21 UNITA' USO ORALE;KLEDER*21 cps 5 mg;3941,18;2388,02;-;EG SpA;048467043;BCQ;
Lenalidomide;LENALIDOMIDE 10MG 7 UNITA' USO ORALE;KLEDER*7 cps 10 mg;1386,71;840,23;-;EG SpA;048467070;KLU;
Lenalidomide;LENALIDOMIDE 5MG 7 UNITA' USO ORALE;KLEDER*7 cps 5 mg;1313,73;796,01;-;EG SpA;048467031;HUY;
Selumetinib;SELUMETINIB 10MG 60 UNITA' USO ORALE;KOSELUGO*60 cps 10 mg flacone;7634,75;4626,00;-;ASTRAZENECA AB;049540014;MWF;
Selumetinib;SELUMETINIB 25MG 60 UNITA' USO ORALE;KOSELUGO*60 cps 25 mg flacone;19086,88;11565,00;-;ASTRAZENECA AB;049540026;MWG;
Adagrasib;ADAGRASIB 200MG 180 UNITA' USO ORALE;KRAZATI*180 cpr rivestite 200 mg flacone;11523,35;6982,10;;BRISTOL M.SQUIBB PHARMA EEIG;051058028;NVT;
Antitrombina III Umana;ANTITROMBINA III UMANA 1.000UI 20ML USO PARENTERALE;KYBERNIN P*1 flaconcino EV 1.000 UI + 1 flaconcino solv 20 ml;-;-;330,00;CSL BEHRING GmbH;025766027;AEK;
Antitrombina III Umana;ANTITROMBINA III UMANA 500UI 10ML USO PARENTERALE;KYBERNIN P*1 flaconcino EV 500 UI + 1 flaconcino solv 10 ml;-;-;165,00;CSL BEHRING GmbH;025766039;AEN;
Tisagenlecleucel;TISAGENLECLEUCEL 1-3 SACCHE SOLUZIONE USO EV;KYMRIAH*1-3 sacche 1,2x10 alla sesta - 6x10 alla ottava cellule EV paziente specifico;476635,52;288800,00;-;NOVARTIS EUROPHARM LTD;046996017;KWD;
Brodalumab;BRODALUMAB 210MG 1,5ML 2 UNITA' USO PARENTERALE;KYNTHEUM*2 siringhe preriempite 210 mg 1,5 ml;1824,11;1105,26;-;LEO PHARMA A/S;045484019;KJS;
Carfilzomib;CARFILZOMIB 10MG 1 UNITA' USO PARENTERALE;KYPROLIS*1 flaconcino EV 10 mg polv;315,55;191,20;-;AMGEN EUROPE B.V.;044553028;KHO;
Carfilzomib;CARFILZOMIB 30MG 1 UNITA' USO PARENTERALE;KYPROLIS*1 flaconcino EV 30 mg polv;946,64;573,58;-;AMGEN EUROPE B.V.;044553030;KHP;
Carfilzomib;CARFILZOMIB 60MG 1 UNITA' USO PARENTERALE;KYPROLIS*1 flaconcino EV 60 mg polv;1893,30;1147,17;-;AMGEN EUROPE B.V.;044553016;JJP;
Lamivudina/zidovudina;LAMIVUDINA+ZIDOVUDINA 150+300MG 60 UNITA' USO ORALE;LAMIVUDINA E ZIDOVUDINA*60 cpr riv 150 mg + 300 mg;212,31;128,64;-;MYLAN SpA;041389026;BCI;
Lamivudina/zidovudina;LAMIVUDINA+ZIDOVUDINA 150+300MG 60 UNITA' USO ORALE;LAMIVUDINA ZIDOVUDINA*60 cpr riv 150 mg + 300 mg;212,31;128,64;-;AUROBINDO PHARMA ITALIA Srl;042057012;BCI;
Lamivudina;LAMIVUDINA 300MG 30 UNITA' USO ORALE;LAMIVUDINA*30 cpr riv 300 mg;149,89;90,82;-;MYLAN SpA;040485082;BCH;
Lamivudina;LAMIVUDINA 300MG 30 UNITA' USO ORALE;LAMIVUDINA*30 cpr riv 300 mg;149,89;90,82;-;AUROBINDO PHARMA ITALIA Srl;042161113;BCH;
Lamivudina;LAMIVUDINA 150MG 60 UNITA' USO ORALE;LAMIVUDINA*60 cpr riv 150 mg;112,45;68,14;-;MYLAN SpA;040485029;BCG;
Lamivudina;LAMIVUDINA 150MG 60 UNITA' USO ORALE;LAMIVUDINA*60 cpr riv 150 mg;112,45;68,14;-;AUROBINDO PHARMA ITALIA Srl;042161048;BCG;
Velmanase Alfa;VELMANASE ALFA 10MG 2MG/ML 1 UNITA' ISO PARENTERALE;LAMZEDE*1 flaconcino polv EV 2 mg/ml 10 mg;1452,25;879,94;-;CHIESI FARMACEUTICI SpA;046349015;KPH;
Lattulosio;LATTULOSIO 20% 1 UNITA' USO RETTALE;LATTULAC EPS*1 sacca soluz rett 200 g;16,31;9,88;-;ALFASIGMA SpA;030727034;BCM;
Levodopa/carbidopa/entacapone;LEVODOPA+CARBIDOPA 20MG/ML+5MG/ML 100ML 7 UNITA' USO INTESTINALE;LECIGIMON*gel intestinale 7 cartucce monodose 47 ml 20 mg/ml + 5 mg/ml + 20 mg/ml;1126,05;682,29;-;LOBSOR PHARMACEUTICALS AB;049491018;BCS;
Clormetina;CLORMETINA 60G 160MCG/G GEL USO ESTERNO;LEDAGA*1 tubo gel topico 60 g 160 mcg/g;3960,97;2400,00;-;HELSINN BIREX PHARMAC.LTD;045315013;KVU;
Calcio levofolinato;CALCIO LEVOFOLINATO 100MG 1 UNITA' USO PARENTERALE;LEDERFOLIN*1 flaconcino EV 100 mg;33,13;15,06;-;PFIZER ITALIA Srl;024659195;AGP;
Calcio levofolinato;CALCIO LEVOFOLINATO 175MG 1 UNITA' USO PARENTERALE;LEDERFOLIN*1 flaconcino EV 175 mg;59,00;26,81;-;PFIZER ITALIA Srl;024659183;AGQ;
Alemtuzumab;ALEMTUZUMAB 12MG 1,2ML 1 UNITA' USO PARENTERALE;LEMTRADA*EV 12 mg 1,2 ml 1 flaconcino;13126,09;7953,29;-;SANOFI BELGIUM;043027010;CKY;
Lenalidomide;LENALIDOMIDE 10MG 21 UNITA' USO ORALE;LENALIDOMIDE*21 cps 10 mg;4160,14;2520,68;-;TEVA B.V.;045985138;BCN;
Lenalidomide;LENALIDOMIDE 10MG 21 UNITA' USO ORALE;LENALIDOMIDE*21 cps 10 mg;4160,14;2520,68;-;SANDOZ SpA;045986130;BCN;
Lenalidomide;LENALIDOMIDE 10MG 21 UNITA' USO ORALE;LENALIDOMIDE*21 cps 10 mg;4160,14;2520,68;-;ACCORD HEALTHCARE SLU;047188077;BCN;
Lenalidomide;LENALIDOMIDE 10MG 21 UNITA' USO ORALE;LENALIDOMIDE*21 cps 10 mg;4160,14;2520,68;-;ZENTIVA ITALIA Srl;048350084;BCN;
Lenalidomide;LENALIDOMIDE 10MG 21 UNITA' USO ORALE;LENALIDOMIDE*21 cps 10 mg;4160,14;2520,68;-;MYLAN PHARMACEUTICALS LIMITED;049282092;BCN;
Lenalidomide;LENALIDOMIDE 10MG 21 UNITA' USO ORALE;LENALIDOMIDE*21 cps 10 mg;4160,13;2520,68;-;AS GRINDEKS;049360086;BCN;
Lenalidomide;LENALIDOMIDE 10MG 21 UNITA' USO ORALE;LENALIDOMIDE*21 cps 10 mg;4160,14;2520,68;-;KRKA D.D.NOVO MESTO;049379086;BCN;
Lenalidomide;LENALIDOMIDE 10MG 21 UNITA' USO ORALE;LENALIDOMIDE*21 cps 10 mg;4160,14;2520,68;-;EUGIA PHARMA (MALTA) LIMITED;049727136;BCN;
Lenalidomide;LENALIDOMIDE 15MG 21 UNITA' USO ORALE;LENALIDOMIDE*21 cps 15 mg;4379,09;2653,35;-;TEVA B.V.;045985177;BCO;
Lenalidomide;LENALIDOMIDE 15MG 21 UNITA' USO ORALE;LENALIDOMIDE*21 cps 15 mg;4379,09;2653,35;-;SANDOZ SpA;045986181;BCO;
Lenalidomide;LENALIDOMIDE 15MG 21 UNITA' USO ORALE;LENALIDOMIDE*21 cps 15 mg;4379,09;2653,35;-;ACCORD HEALTHCARE SLU;047188091;BCO;
Lenalidomide;LENALIDOMIDE 15MG 21 UNITA' USO ORALE;LENALIDOMIDE*21 cps 15 mg;4379,09;2653,35;-;ZENTIVA ITALIA Srl;048350108;BCO;
Lenalidomide;LENALIDOMIDE 15MG 21 UNITA' USO ORALE;LENALIDOMIDE*21 cps 15 mg;4379,09;2653,35;-;MYLAN PHARMACEUTICALS LIMITED;049282116;BCO;
Lenalidomide;LENALIDOMIDE 15MG 21 UNITA' USO ORALE;LENALIDOMIDE*21 cps 15 mg;4379,08;2653,35;-;AS GRINDEKS;049360100;BCO;
Lenalidomide;LENALIDOMIDE 15MG 21 UNITA' USO ORALE;LENALIDOMIDE*21 cps 15 mg;4379,09;2653,35;-;KRKA D.D.NOVO MESTO;049379100;BCO;
Lenalidomide;LENALIDOMIDE 15MG 21 UNITA' USO ORALE;LENALIDOMIDE*21 cps 15 mg;4379,09;2653,35;-;EUGIA PHARMA (MALTA) LIMITED;049727187;BCO;
Lenalidomide;LENALIDOMIDE 2,5MG 21 UNITA' USO ORALE;LENALIDOMIDE*21 cps 2,5 mg;3783,30;2292,35;-;TEVA B.V.;045985037;HNZ;
Lenalidomide;LENALIDOMIDE 2,5MG 21 UNITA' USO ORALE;LENALIDOMIDE*21 cps 2,5 mg;3783,30;2292,35;-;SANDOZ SpA;045986039;HNZ;
Lenalidomide;LENALIDOMIDE 2,5MG 21 UNITA' USO ORALE;LENALIDOMIDE*21 cps 2,5 mg;3783,30;2292,35;-;ACCORD HEALTHCARE SLU;047188026;HNZ;
Lenalidomide;LENALIDOMIDE 2,5MG 21 UNITA' USO ORALE;LENALIDOMIDE*21 cps 2,5 mg;3783,30;2292,35;-;ZENTIVA ITALIA Srl;048350021;HNZ;
Lenalidomide;LENALIDOMIDE 2,5MG 21 UNITA' USO ORALE;LENALIDOMIDE*21 cps 2,5 mg;3783,30;2292,35;-;MYLAN PHARMACEUTICALS LIMITED;049282027;HNZ;
Lenalidomide;LENALIDOMIDE 2,5MG 21 UNITA' USO ORALE;LENALIDOMIDE*21 cps 2,5 mg;3783,29;2292,35;-;AS GRINDEKS;049360023;HNZ;
Lenalidomide;LENALIDOMIDE 2,5MG 21 UNITA' USO ORALE;LENALIDOMIDE*21 cps 2,5 mg;3783,30;2292,35;-;KRKA D.D.NOVO MESTO;049379023;HNZ;
Lenalidomide;LENALIDOMIDE 20MG 21 UNITA' USO ORALE;LENALIDOMIDE*21 cps 20 mg;4590,59;2781,51;-;TEVA B.V.;045985191;KAF;
Lenalidomide;LENALIDOMIDE 20MG 21 UNITA' USO ORALE;LENALIDOMIDE*21 cps 20 mg;4590,59;2781,51;-;ACCORD HEALTHCARE SLU;047188103;KAF;
Lenalidomide;LENALIDOMIDE 20MG 21 UNITA' USO ORALE;LENALIDOMIDE*21 cps 20 mg;4590,59;2781,51;-;ZENTIVA ITALIA Srl;048350122;KAF;
Lenalidomide;LENALIDOMIDE 20MG 21 UNITA' USO ORALE;LENALIDOMIDE*21 cps 20 mg;4590,59;2781,51;-;MYLAN PHARMACEUTICALS LIMITED;049282142;KAF;
Lenalidomide;LENALIDOMIDE 20MG 21 UNITA' USO ORALE;LENALIDOMIDE*21 cps 20 mg;4590,60;2781,51;-;AS GRINDEKS;049360124;KAF;
Lenalidomide;LENALIDOMIDE 20MG 21 UNITA' USO ORALE;LENALIDOMIDE*21 cps 20 mg;4590,59;2781,51;-;KRKA D.D.NOVO MESTO;049379124;KAF;
Lenalidomide;LENALIDOMIDE 20MG 21 UNITA' USO ORALE;LENALIDOMIDE*21 cps 20 mg;4590,59;2781,51;;SANDOZ SpA;049522042;KAF;
Lenalidomide;LENALIDOMIDE 25MG 21 UNITA' USO ORALE;LENALIDOMIDE*21 cps 25 mg;4801,36;2909,21;-;TEVA B.V.;045985215;BCP;
Lenalidomide;LENALIDOMIDE 25MG 21 UNITA' USO ORALE;LENALIDOMIDE*21 cps 25 mg;4801,36;2909,21;-;SANDOZ SpA;045986231;BCP;
Lenalidomide;LENALIDOMIDE 25MG 21 UNITA' USO ORALE;LENALIDOMIDE*21 cps 25 mg;4801,36;2909,21;-;ACCORD HEALTHCARE SLU;047188115;BCP;
Lenalidomide;LENALIDOMIDE 25MG 21 UNITA' USO ORALE;LENALIDOMIDE*21 cps 25 mg;4801,36;2909,21;-;ZENTIVA ITALIA Srl;048350146;BCP;
Lenalidomide;LENALIDOMIDE 25MG 21 UNITA' USO ORALE;LENALIDOMIDE*21 cps 25 mg;4801,36;2909,21;-;MYLAN PHARMACEUTICALS LIMITED;049282179;BCP;
Lenalidomide;LENALIDOMIDE 25MG 21 UNITA' USO ORALE;LENALIDOMIDE*21 cps 25 mg;4801,36;2909,21;-;AS GRINDEKS;049360148;BCP;
Lenalidomide;LENALIDOMIDE 25MG 21 UNITA' USO ORALE;LENALIDOMIDE*21 cps 25 mg;4801,36;2909,21;-;KRKA D.D.NOVO MESTO;049379148;BCP;
Lenalidomide;LENALIDOMIDE 25MG 21 UNITA' USO ORALE;LENALIDOMIDE*21 cps 25 mg;4801,36;2909,21;-;EUGIA PHARMA (MALTA) LIMITED;049727288;BCP;
Lenalidomide;LENALIDOMIDE 5MG 21 UNITA' USO ORALE;LENALIDOMIDE*21 cps 5 mg;3941,18;2388,02;-;TEVA B.V.;045985076;BCQ;
Lenalidomide;LENALIDOMIDE 5MG 21 UNITA' USO ORALE;LENALIDOMIDE*21 cps 5 mg;3941,18;2388,02;-;SANDOZ SpA;045986080;BCQ;
Lenalidomide;LENALIDOMIDE 5MG 21 UNITA' USO ORALE;LENALIDOMIDE*21 cps 5 mg;3941,18;2388,02;-;ACCORD HEALTHCARE SLU;047188040;BCQ;
Lenalidomide;LENALIDOMIDE 5MG 21 UNITA' USO ORALE;LENALIDOMIDE*21 cps 5 mg;3941,18;2388,02;-;ZENTIVA ITALIA Srl;048350045;BCQ;
Lenalidomide;LENALIDOMIDE 5MG 21 UNITA' USO ORALE;LENALIDOMIDE*21 cps 5 mg;3941,18;2388,02;-;MYLAN PHARMACEUTICALS LIMITED;049282041;BCQ;
Lenalidomide;LENALIDOMIDE 5MG 21 UNITA' USO ORALE;LENALIDOMIDE*21 cps 5 mg;3941,18;2388,02;-;AS GRINDEKS;049360047;BCQ;
Lenalidomide;LENALIDOMIDE 5MG 21 UNITA' USO ORALE;LENALIDOMIDE*21 cps 5 mg;3941,18;2388,02;-;KRKA D.D.NOVO MESTO;049379047;BCQ;
Lenalidomide;LENALIDOMIDE 5MG 21 UNITA' USO ORALE;LENALIDOMIDE*21 cps 5 mg;3941,18;2388,02;-;EUGIA PHARMA (MALTA) LIMITED;049727086;BCQ;
Lenalidomide;LENALIDOMIDE 10MG 21 UNITA' USO ORALE;LENALIDOMIDE*21x1 cps 10 mg;4160,14;2520,68;-;SUN PHARMACEUTICAL IND.EU.B.V.;049623539;BCN;
Lenalidomide;LENALIDOMIDE 15MG 21 UNITA' USO ORALE;LENALIDOMIDE*21x1 cps 15 mg;4379,09;2653,35;-;SUN PHARMACEUTICAL IND.EU.B.V.;049623580;BCO;
Lenalidomide;LENALIDOMIDE 2,5MG 21 UNITA' USO ORALE;LENALIDOMIDE*21x1 cps 2,5 mg;3783,30;2292,35;-;SUN PHARMACEUTICAL IND.EU.B.V.;049623388;HNZ;
Lenalidomide;LENALIDOMIDE 20MG 21 UNITA' USO ORALE;LENALIDOMIDE*21x1 cps 20 mg;4590,59;2781,51;-;SUN PHARMACEUTICAL IND.EU.B.V.;049623630;KAF;
Lenalidomide;LENALIDOMIDE 25MG 21 UNITA' USO ORALE;LENALIDOMIDE*21x1 cps 25 mg;4801,36;2909,21;-;SUN PHARMACEUTICAL IND.EU.B.V.;049623681;BCP;
Lenalidomide;LENALIDOMIDE 5MG 21 UNITA' USO ORALE;LENALIDOMIDE*21x1 cps 5 mg;3941,18;2388,02;-;SUN PHARMACEUTICAL IND.EU.B.V.;049623438;BCQ;
Lenalidomide;LENALIDOMIDE 10MG 7 UNITA' USO ORALE;LENALIDOMIDE*7 cps 10 mg;1386,71;840,23;-;ACCORD HEALTHCARE SLU;047188065;KLU;
Lenalidomide;LENALIDOMIDE 10MG 7 UNITA' USO ORALE;LENALIDOMIDE*7 cps 10 mg;1386,71;840,23;-;KRKA D.D.NOVO MESTO;049379074;KLU;
Lenalidomide;LENALIDOMIDE 15MG 7 UNITA' USO ORALE;LENALIDOMIDE*7 cps 15 mg;1459,69;884,45;-;ACCORD HEALTHCARE SLU;047188089;KLV;
Lenalidomide;LENALIDOMIDE 15MG 7 UNITA' USO ORALE;LENALIDOMIDE*7 cps 15 mg;1459,69;884,45;-;KRKA D.D.NOVO MESTO;049379098;KLV;
Lenalidomide;LENALIDOMIDE 2,5MG 7 UNITA' USO ORALE;LENALIDOMIDE*7 cps 2,5 mg;1261,10;764,12;-;KRKA D.D.NOVO MESTO;049379011;HRK;
Lenalidomide;LENALIDOMIDE 20MG 7 UNITA' USO ORALE;LENALIDOMIDE*7 cps 20 mg;1530,19;927,17;-;KRKA D.D.NOVO MESTO;049379112;LGU;
Lenalidomide;LENALIDOMIDE 25MG 7 UNITA' USO ORALE;LENALIDOMIDE*7 cps 25 mg;1600,45;969,74;-;KRKA D.D.NOVO MESTO;049379136;LGT;
Lenalidomide;LENALIDOMIDE 5MG 7 UNITA' USO ORALE;LENALIDOMIDE*7 cps 5 mg;1313,73;796,01;-;ACCORD HEALTHCARE SLU;047188038;HUY;
Lenalidomide;LENALIDOMIDE 5MG 7 UNITA' USO ORALE;LENALIDOMIDE*7 cps 5 mg;1313,73;796,01;-;KRKA D.D.NOVO MESTO;049379035;HUY;
Lenvatinib;LENVATINIB 10MG 30 UNITA' USO ORALE;LENVIMA*30 cps 10 mg;2792,59;1692,07;-;EISAI GMBH;044200020;HWU;
Lenvatinib;LENVATINIB 4MG 30 UNITA' USO ORALE;LENVIMA*30 cps 4 mg;2792,59;1692,07;-;EISAI GMBH;044200018;HWR;
Bendamustina;BENDAMUSTINA 25MG 20 UNITA' USO PARENTERALE;LEVACT*20 flaconcini EV 25 mg 2,5 mg/ml;2033,16;1231,91;-;PHARMAAND GMBH;040175034;AFW;
Bendamustina;BENDAMUSTINA 100MG 5 UNITA' USO PARENTERALE;LEVACT*5 flaconcini EV 100 mg 2,5 mg/ml;2033,16;1231,91;-;PHARMAAND GMBH;040175046;AFV;
Bendamustina;BENDAMUSTINA 25MG 5 UNITA' USO PARENTERALE;LEVACT*5 flaconcini EV 25 mg 2,5 mg/ml;508,30;307,98;-;PHARMAAND GMBH;040175010;AFX;
Levofloxacina;LEVOFLOXACINA 500MG 100ML 10 UNITA' USO PARENTERALE;LEVOFLOXACINA*10 flaconcini EV 100 ml 5 mg/ml;226,08;136,98;-;EUGIA PHARMA (MALTA) LIMITED;044762060;BCW;
Levofloxacina;LEVOFLOXACINA 500MG 100ML 10 UNITA' USO PARENTERALE;LEVOFLOXACINA*10 flaconi EV 100 ml 5 mg/ml;226,08;136,98;-;FRESENIUS KABI ITALIA Srl;040359085;BCW;
Levofloxacina;LEVOFLOXACINA 500MG 100ML 10 UNITA' USO PARENTERALE;LEVOFLOXACINA*10 sacche soluz infus 100 ml 5 mg/ml;226,08;136,98;-;GALENICA SENESE Srl;040911036;BCW;
Frazione cellulare arricchita di cellule autologhe CD34+ codificante per il gene umano arisulfatasi A  ;FRAZIONE CELLULARE ARRICCHITA DI CELLULE AUTOLOGHE CD34+ CODIFICANTE PER ARISULFATASI A (ARSA);LIBMELDY*2-10 milioni cellule/ml dispersione per infus 1 o piu' sacche;4282304,95;2594687,50;-;ORCHARD THERAPEUTICS (NL) B.V.;049239015;LVN;
Cemiplimab;CEMIPLIMAB 350MG 1 UNITA' USO PARENTERALE;LIBTAYO*1 flaconcino INFUS EV 350 mg;10935,96;6626,25;-;REGENERON IRELAND DAC;048070015;LBJ;
Lidocaina;LIDOCAINA 200MG 10ML 10 UNITA' USO PARENTERALE;LIDOCAINA CLORIDRATO*10 fiale 10 ml 20 mg/ml;5,39;3,27;-;GALENICA SENESE Srl;029856059;BCY;
Lidocaina;LIDOCAINA 200MG 10ML 10 UNITA' USO PARENTERALE;LIDOCAINA CLORIDRATO*10 fiale soluz iniett 200 mg 10 ml;7,19;3,27;-;FISIOPHARMA Srl;031425061;BCY;
Linezolid;LINEZOLID 600MG 300ML 10 UNITA' USO PARENTERALE;LINEZOLID*10 sacche EV 300 ml 2 mg/ml;624,44;378,35;-;KRKA D.D.NOVO MESTO;044463026;BCZ;
Linezolid;LINEZOLID 600MG 300ML 10 UNITA' USO PARENTERALE;LINEZOLID*10 sacche EV 300 ml 2 mg/ml;624,44;378,36;-;EUGIA PHARMA (MALTA) LIMITED;045433036;BCZ;
Linezolid;LINEZOLID 600MG 300ML 20 UNITA' USO PARENTERALE;LINEZOLID*20 sacche EV 300 ml 2 mg/ml;992,75;529,32;-;SALF SpA;045477015;NDY;
Baclofene;BACLOFENE 10MG 5ML 1 UNITA' USO INTRATECALE;LIORESAL*1 fiala 10 mg 5 ml soluzione intratecale;120,72;54,87;-;NOVARTIS FARMA SpA;022999041;AFK;
Cladribina;CLADRIBINA 10MG 5ML 5 UNITA' USO PARENTERALE;LITAK*5 flaconcini SC 10 mg 5 ml 2 mg/ml;2219,34;1344,73;-;LIPOMED GmbH;038237020;AJH;
Ritlecitinib;RITLECITINIB 50MG 30 UNITA' USO ORALE;LITFULO*30 cps 50 mg;1228,11;744,13;-;PFIZER EUROPE MA EEIG;050899020;MXV;
Maralixibat;MARALIXIBAT 30ML 9,5MG/ML SOLUZIONE USO ORALE;LIVMARLI*orale soluz 1 flacone 30 ml 9,5 mg/ml + 3 siringhe per somministrazione orale: 0,5 ml, 1 ml, 3 ml;52429,91;31768,00;-;MIRUM PHARMACEUTICALS INT.B.V.;050418019;MVO;
Pegzilarginasi;PEGZILARGINASI 5MG/ML 0,4 ML 1 UNITA' USO PARENTERALE;LOARGYS*1 flaconcino EV SC 5 mg/ml 0,4 ml;8093,87;4904,19;-;IMMEDICA PHARMA AB;050980010;NQG;
Gozetotide;GOZETOTIDE 25MCG 1 UNITA' USO PARENTERALE;LOCAMETZ*1 flaconcino polv EV 25 mcg;7921,92;4800,00;-;NOVARTIS EUROPHARM LTD;050420013;MNK;
Lopinavir/ritonavir;LOPINAVIR+RITONAVIR 200+50MG 120 UNITA' USO ORALE;LOPINAVIR E RITONAVIR*120 cpr riv 200 mg + 50 mg;418,51;253,58;-;VIATRIS LIMITED;044696045;BDF;
Lorlatinib;LORLATINIB 100MG 30 UNITA' USO ORALE;LORVIQUA*30 cpr riv 100 mg;7426,80;4500,00;-;PFIZER EUROPE MA EEIG;047942026;LRF;
Lorlatinib;LORLATINIB 25MG 90 UNITA' USO ORALE;LORVIQUA*90 cpr riv 25 mg;7426,80;4500,00;-;PFIZER EUROPE MA EEIG;047942038;LRG;
Esomeprazolo;ESOMEPRAZOLO 40MG 1 UNITA' USO PARENTERALE;LUCEN*1 flaconcino EV 40 mg;8,58;5,20;-;MALESCI SpA IST.FARMACOBIOL.;035367539;APF;
Ranibizumab;RANIBIZUMAB 0,5MG/DOSE 0,05ML 1 UNITA' USO INTRAVITREALE;LUCENTIS*1 flaconcino intravitreale 0,23 ml 10 mg/ml + 1 ago filtro;1105,20;669,66;-;NOVARTIS EUROPHARM LTD  ;037608054;BJB;
Ranibizumab;RANIBIZUMAB 0,5MG/DOSE 0,05ML 1 UNITA' USO INTRAVITREALE;LUCENTIS*1 siringa preriempita 0,165 ml 10 mg/ml;1105,20;669,66;-;NOVARTIS EUROPHARM LTD;037608041;BJB;
Perflutreno;PERFLUTRENO 1,5ML 4 UNITA' USO PARENTERALE;LUMINITY*4 flaconcini EV 1,5 ml 150 mcl/ml;515,13;312,12;-;LANTHEUS EU LIMITED;037379017;DQM;
Sotorasib;SOTORASIB 120MG 240 UNITA' USO ORALE;LUMYKRAS*240 cpr riv 120 mg;10974,62;6649,62;-;AMGEN EUROPE B.V.;049858018;MLI;
Mosunetuzumab;MOSUNETUZUMAB 1MG 1ML 1 UNITA' USO PARENTERALE;LUNSUMIO*1 flaconcino INFUS EV 1 ml 1 mg;379,35;229,86;-;ROCHE REGISTRATION GMBH;050151012;MPK;
Mosunetuzumab;MOSUNETUZUMAB 30MG 30ML 1 UNITA' USO PARENTERALE;LUNSUMIO*1 flaconcino INFUS EV 30 ml 30 mg;11380,55;6895,63;-;ROCHE REGISTRATION GMBH;050151024;MPL;
Lutezio;LUTEZIO 7.400MBq 1 FLACONCINO USO PARENTERALE;LUTATHERA*1 flaconcino EV 370 MBq/ml 20,5 - 25 ml;27555,49;16696,25;-;ADVANCED ACCELERATOR APPLIC.SA;045677010;KRX;
Potassio canrenoato;POTASSIO CANRENOATO 200MG 2ML 6 UNITA' USO PARENTERALE;LUVION*6 fiale EV 200 mg + 6 fiale solv 2 ml;8,73;5,29;-;NEOPHARMED GENTILI SpA;024273070;BIJ;
Meropenem;MEROPENEM 1.000MG 10 UNITA' USO PARENTERALE;LUXOMER*10 flaconcini polv EV 1 g;197,87;119,89;-;SINTESY PHARMA Srl;048286025;BDP;
Voretigene neparvovec;VORETIGENE NEPARVOVEC 150 mldvg 0,3ML USO PARENTERALE;LUXTURNA*1 flaconcino conc 0,5 ml + 2 flaconcini solvente 1,7 ml - 5 x 10 alla dodicesima genomi vettoriali/ml;536214,96;324900,00;-;NOVARTIS EUROPHARM LTD;047423013;LOM;
Olaparib;OLAPARIB 100MG 56 UNITA' USO ORALE;LYNPARZA*56 cpr riv 100 mg;4028,73;2441,06;-;ASTRAZENECA AB;043794027;KOE;
Olaparib;OLAPARIB 150MG 56 UNITA' USO ORALE;LYNPARZA*56 cpr riv 150 mg;4028,73;2441,06;-;ASTRAZENECA AB;043794041;KOF;
Futibatinib;FUTIBATINIB 4MG 21 UNITA' - USO ORALE;LYTGOBI*21 cpr riv 4 mg;3599,26;2180,84;-;TAIHO PHARMA NETHERLANDS BV;050756016;NFL;
Futibatinib;FUTIBATINIB 4MG 28 UNITA' - USO ORALE;LYTGOBI*28 cpr riv 4 mg;3599,26;2180,84;-;TAIHO PHARMA NETHERLANDS BV;050756028;NFM;
Futibatinib;FUTIBATINIB 4MG 35 UNITA' - USO ORALE;LYTGOBI*35 cpr riv 4 mg;3599,26;2180,84;-;TAIHO PHARMA NETHERLANDS BV;050756030;NFK;
Ceftobiprolo medocaril;CEFTOBIPROLO MEDOCARIL 500MG 20ML 10 UNITA' USO PARENTERALE;MABELIO*10 flaconcini EV 500 mg 20 ml;798,37;483,74;-;ADVANZ PHARMA LIMITED;043060019;CYO;
Rituximab;RITUXIMAB 500MG 50ML 1 UNITA' USO PARENTERALE;MABTHERA*1 flaconcino EV 500 mg 50 ml 10 mg/ml;2066,99;1252,41;-;ROCHE REGISTRATION GMBH;033315021;BJM;
Rituximab;RITUXIMAB 1400MG 11,7ML 1 UNITA' USO PARENTERALE;MABTHERA*1 flaconcino SC 1.400 mg/11,7 ml;2630,24;1593,70;-;ROCHE REGISTRATION GMBH;033315033;GSS;
Rituximab;RITUXIMAB 100MG 10ML 2 UNITA' USO PARENTERALE;MABTHERA*2 flaconcini EV 100 mg 10 ml 10 mg/ml;826,96;501,06;-;ROCHE REGISTRATION GMBH;033315019;BJL;
Claritromicina;CLARITROMICINA 500MG 10ML 1 UNITA' USO PARENTERALE;MACLADIN*1 flaconcino EV 500 mg + 1 fiala solv 10 ml;19,77;8,98;-;LABORATORI GUIDOTTI SpA;027530043;AJI;
Maraviroc;MARAVIROC 150MG 60 UNITA' USO ORALE;MARAVIROC*60 cpr riv 150 mg;938,37;568,58;-;WAYMADE B.V.;050714017;BDL;
Maraviroc;MARAVIROC 300MG 60 UNITA' USO ORALE;MARAVIROC*60 cpr riv 300 mg;938,37;568,58;-;WAYMADE B.V.;050714029;BDM;
Tetrakis Cu tetrafluoroborato;TETRAKIS CU TETRAFLUOROBORATO 500MCG 6 UNITA' USO PARENTERALE;MEDIMIBI*INIET kit 6 flaconi 500 mcg;893,70;541,50;-;RADIOPHARMACY LABORATORY LTD;040312011;IIV;
Cefoxitina;CEFOXITINA 1.000MG 10ML 1 UNITA' USO PARENTERALE EV;MEFOXIN*1 fiala EV 1 g + 1 fiala solv 10 ml;6,59;2,99;-;I.B.N. SAVIO Srl;024027029;AHN;
Trametinib;TRAMETINIB 0,5MG 30 UNITA' USO ORALE;MEKINIST*30 cpr riv 0,5 mg flacone;2010,26;1218,04;-;NOVARTIS EUROPHARM LTD;043524026;JUL;
Trametinib;TRAMETINIB 2MG 30 UNITA' USO ORALE;MEKINIST*30 cpr riv 2 mg flacone;8041,05;4872,18;-;NOVARTIS EUROPHARM LTD;043524065;JUM;
Binimetinib;BINIMETINIB 15MG 84 UNITA' USO ORALE;MEKTOVI*84 cpr riv 15 mg;3564,87;2160,00;-;PIERRE FABRE MEDICAMENT;047197013;LAX;
Melfalan;MELFALAN 50MG 10ML 1 UNITA' USO PARENTERALE;MELFALAN*1 flaconcino EV 50 mg + 1 flaconcino solv;167,42;101,44;-;TILLOMED ITALIA Srl;045006018;BDO;
Melfalan;MELFALAN 50MG 10ML 1 UNITA' USO PARENTERALE;MELFALAN*1 flaconcino infus 50 mg polv + 1 flaconcino 10 ml solv;84,25;51,04;-;TEVA B.V.;045974019;BDO;
Melfalan;MELFALAN 50MG 10ML 1 UNITA' USO PARENTERALE;MELFALAN*1 flaconcino infus 50 mg polv + 1 flaconcino 10 ml solv;84,25;51,04;-;SUN PHARMACEUTICAL IND.EU.B.V.;046421018;BDO;
Mifamurtide;MIFAMURTIDE 4MG 1 UNITA' USO PARENTERALE;MEPACT*1 fiala EV 4 mg polv;4915,92;2979,15;-;TAKEDA FRANCE Sas;039549011;BEL;
Vestronidasi alfa;VESTRONIDASI ALFA 10MG 5ML 1 UNITA' USO PARENTERALE;MEPSEVII*1 flaconcino EV 2 mg/ml 5 ml;3037,06;1840,20;-;ULTRAGENYX GERMANY GMBH;047006010;LRH;
Meropenem;MEROPENEM 1.000MG 10 UNITA' USO PARENTERALE;MEROPENEM*10 flaconcini EV 1.000 mg;197,87;119,89;-;QILU PHARMA SPAIN S.L.;050412042;BDP;
Meropenem;MEROPENEM 1.000MG 10 UNITA' USO PARENTERALE;MEROPENEM*10 flaconcini EV 1.000 mg 30 ml;197,87;119,89;-;SUN PHARMACEUTICAL IND.EU.B.V.;040245045;BDP;
Meropenem;MEROPENEM 500MG 10 UNITA' USO PARENTERALE;MEROPENEM*10 flaconcini EV 500 mg;106,90;64,77;-;QILU PHARMA SPAIN S.L.;050412028;BDQ;
Meropenem;MEROPENEM 500MG 10 UNITA' USO PARENTERALE;MEROPENEM*10 flaconcini EV 500 mg/30 ml;106,90;64,77;-;SUN PHARMACEUTICAL IND.EU.B.V.;040245021;BDQ;
Meropenem;MEROPENEM 1.000MG 10 UNITA' USO PARENTERALE;MEROPENEM*10 flaconcini polv EV 1 g;197,87;119,89;-;ACS DOBFAR SpA;048260020;BDP;
Meropenem;MEROPENEM 1.000MG 10 UNITA' USO PARENTERALE;MEROPENEM*10 flaconcini polv EV 1.000 mg;197,87;119,89;-;HIKMA FARMACEUTICA S.A.;040695025;BDP;
Meropenem;MEROPENEM 1.000MG 10 UNITA' USO PARENTERALE;MEROPENEM*10 flaconcini polv EV 1.000 mg;197,87;119,89;-;EUGIA PHARMA (MALTA) LIMITED;043812041;BDP;
Meropenem;MEROPENEM 1.000MG 10 UNITA' USO PARENTERALE;MEROPENEM*10 flaconcini polv EV 20 ml 1.000 mg;197,87;119,89;-;FRESENIUS KABI ITALIA Srl;039522040;BDP;
Meropenem;MEROPENEM 500MG 10 UNITA' USO PARENTERALE;MEROPENEM*10 flaconcini polv EV 20 ml 500 mg;106,90;64,77;-;FRESENIUS KABI ITALIA Srl;039522026;BDQ;
Meropenem;MEROPENEM 500MG 10 UNITA' USO PARENTERALE;MEROPENEM*10 flaconcini polv EV 500 mg;106,90;64,77;-;HIKMA FARMACEUTICA S.A.;040695037;BDQ;
Meropenem;MEROPENEM 500MG 10 UNITA' USO PARENTERALE;MEROPENEM*10 flaconcini polv EV 500 mg;106,90;64,77;-;EUGIA PHARMA (MALTA) LIMITED;043812027;BDQ;
Meropenem;MEROPENEM 1.000MG 10 UNITA' USO PARENTERALE;MEROPENEM*10 flaconcini polv iniett 1 g;197,87;119,89;-;AS KALCEKS;050462047;BDP;
Meropenem;MEROPENEM 1.000MG 10 UNITA' USO PARENTERALE;MEROPENEM*10 flaconcini polv iniett 1.000 mg;197,87;119,89;-;VENUS PHARMA GmbH;041508021;BDP;
Meropenem;MEROPENEM 500MG 10 UNITA' USO PARENTERALE;MEROPENEM*10 flaconcini polv iniett 500 mg;106,90;64,77;-;VENUS PHARMA GmbH;041508019;BDQ;
Meropenem;MEROPENEM 500MG 10 UNITA' USO PARENTERALE;MEROPENEM*10 flaconcini polv iniett 500 mg;106,90;64,77;-;AS KALCEKS;050462023;BDQ;
Meropenem;MEROPENEM 1.000MG 10 UNITA' USO PARENTERALE;MERREM*10 flaconcini polv EV 1.000 mg;405,78;184,44;-;PFIZER ITALIA Srl;028949093;BDP;
Meropenem;MEROPENEM 500MG 10 UNITA' USO PARENTERALE;MERREM*10 flaconcini polv EV 500 mg;219,24;99,66;-;PFIZER ITALIA Srl;028949081;BDQ;
Metadone;METADONE 0,1% 1.000ML USO ORALE;METADONE CLORIDRATO*orale soluz 1 flacone 1.000 ml 1 mg/ml;40,53;18,42;-;MOLTENI & C. F.LLI ALITTI SpA;029610060;BDR;
Metadone;METADONE 0,5% 1.000ML USO ORALE;METADONE CLORIDRATO*orale soluz 1 flacone 1.000 ml 5 mg/ml;125,49;57,04;-;MOLTENI & C. F.LLI ALITTI SpA;029610122;BDT;
Tenecteplase;TENECTEPLASE 10.000U 10ML 1 UNITA' USO PARENTERALE;METALYSE*1 flaconcino EV 10.000 U + 1 siringa 10 ml;1530,82;927,54;-;BOEHRINGER INGELHEIM INT.GMBH;035370067;BLZ;
Tenecteplase;TENECTEPLASE 5.000U 1 UNITA' USO PARENTERALE;METALYSE*1 flaconcino EV 5.000 UI;1806,36;1094,50;-;BOEHRINGER INGELHEIM INT.GMBH;035370079;NQJ;
Metotrexato;METOTREXATO 1.000MG 1 UNITA' USO PARENTERALE;METHOTREXATE*1 flaconcino soluz iniett 1 g 10 ml 100 mg/ml;75,34;34,25;-;PFIZER ITALIA Srl;019888066;A4F;
Metotrexato;METOTREXATO 50MG 2ML 1 UNITA' USO PARENTERALE;METHOTREXATE*1 flaconcino soluz iniett 50 mg 2 ml 25 mg/ml;6,55;2,98;-;PFIZER ITALIA Srl;019888080;A4B;
Metotrexato;METOTREXATO 500MG 20ML 1 UNITA' USO PARENTERALE;METHOTREXATE*1 flaconcino soluz iniett 500 mg 20 ml 25 mg/ml;40,75;18,52;-;PFIZER ITALIA Srl;019888092;A4E;
Metilprednisolone;METILPREDNISOLONE EMISUCCINATO 1.000MG 10 UNITA' USO PARENTERALE;METILPREDNISOLONE*10 flaconcini polv EV IM 1.000 mg;255,86;155,03;-;HIKMA FARMACEUTICA S.A.;042331088;JYC;
Metilprednisolone;METILPREDNISOLONE EMISUCCINATO 125MG 10 UNITA' USO PARENTERALE;METILPREDNISOLONE*10 flaconcini polv EV IM 125 mg;32,01;19,39;-;HIKMA FARMACEUTICA S.A.;042331049;OSI;
Metilprednisolone;METILPREDNISOLONE EMISUCCINATO 500MG 10 UNITA' USO PARENTERALE;METILPREDNISOLONE*10 flaconcini polv EV IM 500 mg;131,54;77,52;-;HIKMA FARMACEUTICA S.A.;042331064;OSG;
Metotrexato;METOTREXATO 5.000MG 1 UNITA' USO PARENTERALE;METOTRESSATO*1 flaconcino 5 g 50 ml 100 mg/ml;309,64;140,74;-;TEVA PHARMA B.V.;026544054;BDY;
Metotrexato;METOTREXATO 50MG 2ML 1 UNITA' USO PARENTERALE;METOTRESSATO*1 flaconcino 50 mg 2 ml 25 mg/ml;11,62;5,28;-;TEVA PHARMA B.V.;026544027;A4B;
Metotrexato;METOTREXATO 500MG 20ML 1 UNITA' USO PARENTERALE;METOTRESSATO*1 flaconcino 500 mg 20 ml 25 mg/ml;67,60;30,73;-;TEVA PHARMA B.V.;026544039;A4E;
Metotrexato;METOTREXATO 1.000MG 1 UNITA' USO PARENTERALE;METOTRESSATO*1 flacone 1 g 10 ml 100 mg/ml;83,70;38,05;-;TEVA PHARMA B.V.;026544041;A4F;
Metronidazolo;METRONIDAZOLO 500MG 100ML 20 UNITA' USO PARENTERALE;METRONIDAZOLO*20 flaconcini EV 500 mg 100 ml;50,93;30,86;-;FRESENIUS KABI ITALIA Srl;038669026;BDZ;
Metronidazolo;METRONIDAZOLO 500MG 100ML 20 UNITA' USO PARENTERALE;METRONIDAZOLO*20 flaconi EV 100 ml;40,74;24,68;-;B.BRAUN MELSUNGEN AG;038833024;BDZ;
Metronidazolo;METRONIDAZOLO 500MG 100ML 25 UNITA' USO PARENTERALE;METRONIDAZOLO*25 fiale EV 500 mg 100 ml;106,07;48,21;-;BIOINDUSTRIA L.I.M. SpA;035160011;BEB;
Metronidazolo;METRONIDAZOLO 500MG 100ML 25 UNITA' USO PARENTERALE;METRONIDAZOLO*25 flaconi EV 500 mg 100 ml;106,07;48,21;-;BAXTER SpA;034252027;BEB;
Metilaminolevulinato;METILAMINOLEVULINATO 160MG/G 2G USO DERMATOLOGICO;METVIX*crema derm 2 g 160 mg/g;387,27;234,65;-;GALDERMA ITALIA SpA;035995012;BDW;
Micafungin;MICAFUNGIN 100MG 1 UNITA' USO PARENTERALE;MICAFUNGINA*1 flaconcino EV 100 mg;422,28;255,86;-;TEVA B.V.;047148022;BED;
Micafungin;MICAFUNGIN 100MG 1 UNITA' USO PARENTERALE;MICAFUNGINA*1 flaconcino EV 100 mg;422,28;255,86;-;HIKMA FARMACEUTICA S.A.;049140027;BED;
Micafungin;MICAFUNGIN 50MG 1 UNITA' USO PARENTERALE;MICAFUNGINA*1 flaconcino EV 50 mg;211,14;127,93;-;TEVA B.V.;047148010;BEE;
Micafungin;MICAFUNGIN 50MG 1 UNITA' USO PARENTERALE;MICAFUNGINA*1 flaconcino EV 50 mg;211,14;127,93;-;HIKMA FARMACEUTICA S.A.;049140015;BEE;
Micafungina;MICAFUNGIN 100MG 1 UNITA' USO PARENTERALE;MICAFUNGINA*1 flaconcino polv infus 100 mg;422,28;255,86;;ACCORD HEALTHCARE SLU;050362021;BED;
Midazolam;MIDAZOLAM 5MG 1ML 10 UNITA' USO PARENTERALE;MIDAZOLAM*10 fiale 1 ml 5 mg;11,02;6,68;-;B.BRAUN MELSUNGEN AG;037727056;BEI;
Midazolam;MIDAZOLAM 5MG 1ML 10 UNITA' USO PARENTERALE;MIDAZOLAM*10 fiale 1 ml 5 mg;11,02;6,68;-;AS KALCEKS;048664041;BEI;
Midazolam;MIDAZOLAM 5MG 1ML 10 UNITA' USO PARENTERALE;MIDAZOLAM*10 fiale 1 ml 5 mg/ml;11,02;6,68;-;ACCORD HEALTHCARE SLU;039235027;BEI;
Midazolam;MIDAZOLAM 15MG 3ML 10 UNITA' USO PARENTERALE;MIDAZOLAM*10 fiale 3 ml 5 mg/ml;33,07;20,04;-;ACCORD HEALTHCARE SLU;039235039;BEF;
Midazolam;MIDAZOLAM 15MG 3ML 10 UNITA' USO PARENTERALE;MIDAZOLAM*10 fiale 3 ml 5 mg/ml;33,07;20,04;-;AS KALCEKS;048664054;BEF;
Midazolam;MIDAZOLAM 50MG 10ML 20 UNITA' USO PARENTERALE;MIDAZOLAM*20 fiale 10 ml 50 mg;220,45;133,57;-;B.BRAUN MELSUNGEN AG;037727118;BEH;
Midazolam;MIDAZOLAM 5MG 5ML 20 UNITA' USO PARENTERALE;MIDAZOLAM*20 fiale 5 ml 5 mg;22,05;13,36;-;B.BRAUN MELSUNGEN AG;037727043;BEK;
Mifepristone;MIFEPRISTONE 600MG 1 UNITA' USO ORALE;MIFEGYNE*1 cpr 600 mg;99,02;60,00;-;EXELGYN;038704033;JZF;
Tafasitamab;TAFASITAMAB 200MG 1 UNITA' USO PARENTERALE;MINJUVI*1 flacone EV polv 200 mg;1164,78;705,76;-;INCYTE BIOSCIENCES DISTRIB BV;049606015;MHB;
Dobutamina;DOBUTAMINA 250MG 20ML 1 UNITA' USO PARENTERALE;MIOZAC*1 flaconcino EV 250 mg 20 ml;10,93;4,97;-;FISIOPHARMA Srl;033609013;ALH;
Dermatan;DERMATAN 100MG 2ML 10 UNITA' USO PARENTERALE;MISTRAL*10 fiale IM 100 mg 2 ml;14,73;6,70;-;NEOPHARMED GENTILI SpA;029006018;AKP;
Dermatan;DERMATAN 300MG 3ML 4 UNITA' USO PARENTERALE;MISTRAL*4 fiale IM 300 mg 3 ml;18,20;8,27;-;NEOPHARMED GENTILI SpA;029006032;AKQ;
Mitomicina;MITOMICINA 10MG 1 UNITA' USO PARENTERALE;MITOMICINA*1 flaconcino infus 10 mg;24,73;14,98;-;MEDAC GMBH;044530044;BEO;
Mitomicina;MITOMICINA 40MG 1 UNITA' USO PARENTERALE;MITOMICINA*1 flaconcino infus 40 mg;98,90;59,93;-;MEDAC GMBH;044530107;BEP;
Mitomicina;MITOMICINA 40MG 1 UNITA' - USO ENDOVESCICALE;MITUROX*1 flaconcino polv per soluz endovescicale + sacca solvente;98,90;59,93;-;MEDAC GMBH;043203049;LVH;
Mivacurio;MIVACURIO 10MG 5ML 5 UNITA' USO PARENTERALE;MIVACRON*5 fiale EV 10 mg 5 ml;27,01;12,27;-;ASPEN PHARMA TRADING LIMITED;028845016;BER;
Mivacurio;MIVACURIO 20MG 10ML 5 UNITA' USO PARENTERALE;MIVACRON*5 fiale EV 20 mg 10 ml;46,99;21,36;-;ASPEN PHARMA TRADING LIMITED;028845028;BET;
Ferro;FERRO ISOMALTOSIDE 1000 1G 10ML SOLUZIONE USO PARENTERALE;MONOFERRIC*iniett 1 flaconcino 10 ml 100 mg/ml;312,79;189,53;-;PHARMACOSMOS A/S;045642170;LWJ;
Ferro;FERRO ISOMALTOSIDE 1000 500MG 5ML SOLUZIONE USO PARENTERALE;MONOFERRIC*iniett 1 flaconcino 5 ml 100 mg/ml;156,40;94,76;-;PHARMACOSMOS A/S;045642143;LWK;
Plerixafor;PLERIXAFOR 24MG 1,2ML 1 UNITA' USO PARENTERALE;MOZOBIL*1 flacone SC 24 mg 20 mg/ml;9257,16;5609,04;-;GENZYME EUROPE B.V.;039587011;BIH;
Lusutrombopag;LUSUTROMBOPAG 3MG 7 UNITA' USO ORALE;MULPLEO*7 cpr riv 3 mg;1936,33;1173,25;-;SHIONOGI B.V.;047622016;LEL;
Bevacizumab;BEVACIZUMAB 100MG 4ML 1 UNITA' USO PARENTERALE;MVASI*EV 100 mg flaconcino 4 ml 25 mg/ml;383,51;232,38;-;AMGEN TECHNOLOGY (IRELAND) UC;045925017;AGF;
Bevacizumab;BEVACIZUMAB 400MG 16ML 1 UNITA' USO PARENTERALE;MVASI*EV 400 mg flaconcino 16 ml 25 mg/ml;1535,94;930,65;-;AMGEN TECHNOLOGY (IRELAND) UC;045925029;AGG;
Metreleptina;METRELEPTINA 11,3MG 30 UNITA' USO PARENTERALE;MYALEPTA*30 flaconcini SC 11,3 mg;115356,82;69896,28;-;CHIESI FARMACEUTICI SpA;046926022;LBF;
Metreleptina;METRELEPTINA 3MG 30 UNITA' USO PARENTERALE;MYALEPTA*30 flaconcini SC 3 mg;28839,21;17474,07;-;CHIESI FARMACEUTICI SpA;046926046;LAZ;
Metreleptina;METRELEPTINA 5,8MG 30 UNITA' USO PARENTERALE;MYALEPTA*30 flaconcini SC 5,8 mg;57678,40;34948,14;-;CHIESI FARMACEUTICI SpA;046926061;LAY;
Micafungin;MICAFUNGIN 100MG 1 UNITA' USO PARENTERALE;MYCAMINE*1 flaconcino EV 100 mg;603,25;365,51;-;SANDOZ PHARMACEUTICALS D.D.;038705024;BED;
Micafungin;MICAFUNGIN 50MG 1 UNITA' USO PARENTERALE;MYCAMINE*1 flaconcino EV 50 mg;301,63;182,76;-;SANDOZ PHARMACEUTICALS D.D.;038705012;BEE;
Gemtuzumab ozogamicina;GEMTUZUMAB OZOGAMICINA 5MG 1 UNITA' USO PARENTERALE;MYLOTARG*1 flacone conc soluz infus 5 mg;14028,39;8500,00;-;PFIZER EUROPE MA EEIG;046485013;RAD;
Doxorubicina;DOXORUBICINA LIPOSOMIALE 50MG 2 UNITA' USO PARENTERALE;MYOCET LIPOSOMAL*2 set infus polv 50 mg;1573,90;953,66;-;CHEPLAPHARM ARZNEIMITTEL GMBH;035189012;AME;
Alglucosidasi Alfa;ALGLUCOSIDASI ALFA 50MG 20ML 1 UNITA' USO PARENTERALE;MYOZYME*1 flaconcino 50 mg + 1 fiala 20 ml;819,22;496,38;-;GENZYME EUROPE B.V.;037174012;ACX;
Galsulfase;GALSULFASE 5MG 5ML 1 UNITA' USO PARENTERALE;NAGLAZYME*1 fiala EV 5 mg 5 ml;2219,34;1344,73;-;BIOMARIN INTERNATIONAL LIMITED;037173010;ASV;
Sulprostone;SULPROSTONE 0,5MG 1 UNITA' USO PARENTERALE;NALADOR*1 fiala soluz infus polv 5 mg;22,24;10,11;-;TEOFARMA Srl;025998030;BLP;
Sulprostone;SULPROSTONE 0,5MG 1 UNITA' USO PARENTERALE;NALADOR*1 flaconcino polv EV 0,5 mg;22,24;13,47;-;TEOFARMA Srl;025998042;BLP;
Naloxone;NALOXONE 0,4MG 1ML 10 UNITA' USO PARENTERALE;NALOXONE*10 fiale 1 ml 0,4 mg;38,72;23,47;-;B.BRAUN MELSUNGEN AG;037976026;BEV;
Tecnezio 99m Tc Albumina Umana Soluzione Iniettabile;MACROAGGREGATI DI ALBUMINA UMANA 500MCG 6 UNITA' PREPARAZIONE RADIOFARMACEUTICA INIETTABILE;NANOALBUMON*6 flaconcini 500 mcg kit preparazione radiofarmaceutica;643,66;390,00;-;RADIOPHARMACY LABORATORY LTD;041477011;IHM;
Vinorelbina;VINORELBINA 10MG 1ML 1 UNITA' USO PARENTERALE;NAVELBINE*1 flacone EV 10 mg 1 ml 10 mg/ml;35,99;16,35;-;PIERRE FABRE PHARMA Srl;027865082;BPU;
Vinorelbina;VINORELBINA 50MG 5ML 1 UNITA' USO PARENTERALE;NAVELBINE*1 flacone EV 50 mg 5 ml 10 mg/ml;167,71;76,24;-;PIERRE FABRE PHARMA Srl;027865094;BPX;
Paclitaxel;PACLITAXEL 100MG 20ML 1 UNITA' USO PARENTERALE;NAVERUCLIF*1 flaconcino EV 100 mg 5 mg/ml;249,24;151,02;-;ACCORD HEALTHCARE SLU;051048015;BGV;
Immunoglobulina Umana Normale;IMMUNOGLOBULINA UMANA NORMALE 4G 25ML 1 UNITA' USO PARENTERALE;NAXIGLO*1 flaconcino SC 25 ml 160 mg/ml;429,10;260,00;-;KEDRION SpA;043396023;JUY;
Amikacina;AMIKACINA 500MG 5 UNITA' USO PARENTERALE;NEKACIN*5 fiale IM EV 500 mg 2 ml;30,06;13,66;-;NEW RESEARCH Srl;033190024;ADP;
Immunoglobulina Umana Antiepatite B;IMMUNOGLOBULINA UMANA ANTIEPATITE B 500UI 10ML 1 UNITA' USO PARENTERALE EV;NEOHEPATECT*1 fiala EV 500 UI 10 ml;321,83;195,00;-;BIOTEST PHARMA GMBH;035561024;AUS;
Immunoglobulina Umana Antiepatite B;IMMUNOGLOBULINA UMANA ANTIEPATITE B 100UI 2ML 1 UNITA' USO PARENTERALE EV;NEOHEPATECT*1 flacone EV 100 UI 2 ml;80,36;48,69;-;BIOTEST PHARMA GMBH;035561012;AUL;
Immunoglobulina Umana Antiepatite B;IMMUNOGLOBULINA UMANA ANTIEPATITE B 2.000UI 40ML 1 UNITA' USO PARENTERALE EV;NEOHEPATECT*1 flacone EV 2.000 UI 40 ml 50 UI/ml;1156,93;701,00;-;BIOTEST PHARMA GMBH;035561036;AUM;
Immunoglobulina Umana Antiepatite B;IMMUNOGLOBULINA UMANA ANTIEPATITE B 5.000UI 100ML 1 UNITA' USO PARENTERALE EV;NEOHEPATECT*1 flacone EV 5.000 UI 100 ml;2698,40;1635,00;-;BIOTEST PHARMA GMBH;035561048;FKD;
Etanercept;ETANERCEPT 50MG 1ML 4 UNITA' USO PARENTERALE;NEPEXTO*4 penne preriempite SC 1 ml 50 mg + 4 tamponi;988,03;598,66;;BIOSIMILAR COLLABORAT.IREL.LTD;048796054;APK;
Acido neridronico;ACIDO NERIDRONICO 100MG 2 UNITA' USO PARENTERALE;NERIXIA*2 fiale EV 100 mg;100,00;60,58;-;ABIOGEN PHARMA SpA;035268022;BKR;
Baclofene;BACLOFENE 10MG 20ML 1 UNITA' USO INTRATECALE;NETEKA*1 fiala 10 mg 20 ml;66,11;40,05;-;NORDIC GROUP BV;040646022;AFJ;
Baclofene;BACLOFENE 40MG 20ML 1 UNITA' USO INTRATECALE;NETEKA*1 fiala 40 mg 20 ml;251,20;152,20;-;NORDIC GROUP BV;040646046;CSX;
Baclofene;BACLOFENE 0,05MG 1ML 10 UNITA' USO INTRATECALE;NETEKA*10 fiale 0,05 mg 1 ml;30,00;18,17;-;NORDIC GROUP BV;040646010;CSR;
Baclofene;BACLOFENE 10MG 5ML 10 UNITA' USO INTRATECALE;NETEKA*10 fiale 10 mg 5 ml;628,00;380,50;-;NORDIC GROUP BV;040646034;CSV;
Nepafenac;NEPAFENAC 5ML 1MG/ML SOLUZIONE USO OFTALMICO;NEVANAC*collirio 5 ml 1 mg/ml;18,10;10,96;-;NOVARTIS EUROPHARM LTD;038813010;PZX;
Nevirapina;NEVIRAPINA 400MG 30 UNITA' USO ORALE RP;NEVIRAPINA*30 cpr 400 mg rilascio prolungato;107,25;64,98;-;MYLAN SpA;043429024;BFF;
Nevirapina;NEVIRAPINA 400MG 30 UNITA' USO ORALE RP;NEVIRAPINA*30x1 cpr 400 mg rilascio prolungato;107,25;64,98;-;TEVA ITALIA Srl;044476048;BFF;
Nevirapina;NEVIRAPINA 200MG 60 UNITA' USO ORALE;NEVIRAPINA*60 cpr 200 mg;115,36;69,90;-;AUROBINDO PHARMA ITALIA Srl;042454052;BFE;
Sorafenib;SORAFENIB 200MG 112 UNITA' USO ORALE;NEXAVAR*112 cpr riv 200 mg;5305,59;3214,71;-;BAYER AG;037154010;BLB;
Esomeprazolo;ESOMEPRAZOLO 40MG 1 UNITA' USO PARENTERALE;NEXIUM*1 flaconcino EV 40 mg;8,58;5,20;-;GRUNENTHAL ITALIA Srl;034972531;APF;
Bromelina;BROMELINA 5G+50G USO DERMATOLOGICO;NEXOBRID*gel derm 1 flaconcino polv 5 g + 1 flacone gel 50 g;1629,75;987,49;-;MEDIWOUND GERMANY GMBH;042539027;JAJ;
Selinexor;SELINEXOR 20 MG 20 UNITA' USO ORALE;NEXPOVIO*20 cpr riv 20 mg;13298,88;8057,98;-;STEMLINE THERAPEUTICS BV;049430034;NAO;
Selinexor;SELINEXOR 20MG 32 UNITA' USO ORALE;NEXPOVIO*32 cpr riv 20 mg;21278,20;12892,75;-;STEMLINE THERAPEUTICS BV;049430046;NAP;
Avalglucosidasi alfa;AVALGLUCOSIDASI ALFA 100MG 1 UNITA' USO PARENTERALE;NEXVIADYME*1 flaconcino EV 100 mg polvere;1638,44;992,75;-;SANOFI B.V.;050184011;MWP;
Nilotinib;NILOTINIB 150MG 112 UNITA' USO ORALE;NILOTINIB*112 cps 150 mg;2930,36;1775,54;;MYLAN SpA;050804107;BFH;
Nilotinib;NILOTINIB 150MG 112 UNITA' USO ORALE;NILOTINIB*112 cps 150 mg;2930,38;1775,56;-;TEVA ITALIA Srl;051303105;BFH;
Nilotinib;NILOTINIB 150MG 112 UNITA' USO ORALE;NILOTINIB*112 cps 150 mg;2930,36;1775,54;-;ACCORD HEALTHCARE SLU;051460121;BFH;
Nilotinib;NILOTINIB 200MG 112 UNITA' USO ORALE;NILOTINIB*112 cps 200 mg;3907,15;2367,39;;MYLAN SpA;050804184;BFI;
Nilotinib;NILOTINIB 200MG 112 UNITA' USO ORALE;NILOTINIB*112 cps 200 mg;3907,15;2367,39;-;TEVA ITALIA Srl;051303360;BFI;
Nilotinib;NILOTINIB 200MG 112 UNITA' USO ORALE;NILOTINIB*112 cps 200 mg;3907,15;2367,39;-;ACCORD HEALTHCARE SLU;051460222;BFI;
Nimodipina;NIMODIPINA 10MG 50ML 1 UNITA' USO PARENTERALE;NIMOTOP*1 flaconcino EV 10 mg 50 ml + deflussore;18,60;8,46;-;LABORATOIRE X.O.;026403079;BFJ;
Ixazomib;IXAZOMIB 2,3MG 3 UNITA' USO ORALE;NINLARO*3 cps 2,3 mg;11140,19;6750,00;-;TAKEDA PHARMA A/S;045181017;KKK;
Ixazomib;IXAZOMIB 3MG 3 UNITA' USO ORALE;NINLARO*3 cps 3 mg;11140,19;6750,00;-;TAKEDA PHARMA A/S;045181029;KKL;
Ixazomib;IXAZOMIB 4MG 3 UNITA' USO ORALE;NINLARO*3 cps 4 mg;11140,19;6750,00;-;TAKEDA PHARMA A/S;045181031;KKM;
Pentostatina;PENTOSTATINA 10MG 1 UNITA' USO PARENTERALE;NIPENT*1 flacone EV 10 mg polv;1420,98;645,91;-;PFIZER ITALIA Srl;028645012;BHU;
Nitroglicerina;NITROGLICERINA 50MG 50ML 1 UNITA' USO PARENTERALE;NITROGLICERINA*1 flacone 50 mg 50 ml;10,76;6,52;-;BIOINDUSTRIA L.I.M. SpA;035642014;BFM;
Nitroglicerina;NITROGLICERINA 5MG 1,5ML 10 UNITA' USO PARENTERALE;NITROGLICERINA*10 fiale 5 mg 1,5 ml;19,51;11,83;-;BIOINDUSTRIA L.I.M. SpA;035642026;BFO;
Immunoglobulina Umana Antiepatite B;IMMUNOGLOBULINA UMANA ANTIEPATITE B 250UI 20ML 1 UNITA' USO PARENTERALE EV;NIULIVA*1 flacone infus 20 ml 250 UI/ml;2698,42;1635,00;-;INSTITUTO GRIFOLS S.A.;038445033;AUP;
Immunoglobulina Umana Antiepatite B;IMMUNOGLOBULINA UMANA ANTIEPATITE B 250UI 40ML 1 UNITA' USO PARENTERALE EV;NIULIVA*1 flacone infus 40 ml 250 UI/ml;5396,84;3270,00;-;INSTITUTO GRIFOLS S.A.;038445045;AUQ;
Immunoglobulina Umana Antiepatite B;IMMUNOGLOBULINA UMANA ANTIEPATITE B 250UI 4ML 1 UNITA' USO PARENTERALE EV;NIULIVA*1 siringa infus 4 ml 250 UI/ml;539,68;327,00;-;INSTITUTO GRIFOLS S.A.;038445021;AUR;
Noradrenalina;NORADRENALINA 2MG 1ML 10 UNITA' USO PARENTERALE;NORADRENALINA TARTRATO*10 fiale EV 1 ml 2 mg/ml;13,99;6,37;-;GALENICA SENESE Srl;034808028;BFR;
Noradrenalina;NORADRENALINA TARTRATO 0,5MG/ML 50ML 10 UNITA' USO PARENTERALE;NORADRENALINA TARTRATO*10 flaconcini EV 50 ml 0,50 mg/ml;130,33;78,97;-;LABORATOIRE AGUETTANT S.A.;043465020;KLH;
Eparina sodica;EPARINA SODICA 25.000UI 10 UNITA' USO PARENTERALE;NORMOPARIN*10 fiale EV 25.000 UI 5 ml;53,62;32,49;-;LABORATORIOS FARMACEUT.ROVI SA;024928119;AMZ;
Emina;EMINA 250MG 10ML 4 UNITA' USO PARENTERALE;NORMOSANG*4 fiale EV 250 mg 10 ml;3576,26;2166,90;-;RECORDATI RARE DISEASES SARL;034543013;AMQ;
Ritonavir;RITONAVIR 100MG 30 UNITA' USO ORALE;NORVIR*30 cpr riv 100 mg flacone;35,60;21,57;-;ABBVIE DEUTSCHLAND GmbH&CO.KG;030081057;BJI;
Ritonavir;RITONAVIR 100MG 30 UNITA' USO ORALE;NORVIR*orale polv 30 buste 100 mg + 2 siringhe + 1 bicchiere dosatore;35,60;21,57;-;ABBVIE DEUTSCHLAND GmbH&CO.KG;030081095;BJI;
Argatroban;ARGATROBAN 250MG 2,5ML 1 UNITA' USO PARENTERALE;NOVASTAN*1 flacone infus 2,5 ml 100 mg/ml;357,49;216,60;-;ETHYPHARM S.A.;037482015;AEQ;
Insulina aspart;INSULINA ASPART 160U 1,6ML 5 UNITA' USO PARENTERALE;NOVORAPID*PUMPCART 5 cartucce SC EV 1,6 ml 100 U/ml;21,21;12,86;-;NOVO NORDISK A/S;034498232;EFT;
Romiplostim;ROMIPLOSTIM 250MCG 0,72ML 1 UNITA' USO PARENTERALE;NPLATE*1 flaconcino 250 mcg polv + solv;897,42;543,76;-;AMGEN EUROPE B.V.;039002050;BJQ;
Romiplostim;ROMIPLOSTIM 500MCG 1,2ML 1 UNITA' USO PARENTERALE;NPLATE*1 flaconcino 500 mcg polv + solv;1794,84;1087,51;-;AMGEN EUROPE B.V.;039002074;BJT;
Darolutamide;DAROLUTAMIDE 300MG 112 UNITA' USO ORALE;NUBEQA*112 cpr riv 300 mg;5351,83;3242,75;-;BAYER AG;048610012;LHM;
Susoctocog Alfa;SUSOCTOCOG ALFA 500UI/ML 1 UNITA' USO PARENTERALE;OBIZUR*1 flaconcino EV 500 U/ml polv e solv;1914,46;1160,00;-;BAXALTA INNOVATIONS GMBH;044557015;JXS;
Susoctocog Alfa;SUSOCTOCOG ALFA 500U/ML 10 UNITA' USO PARENTERALE;OBIZUR*10 flaconcini EV 500 U/ml polv e solv;19144,64;11600,00;-;BAXALTA INNOVATIONS GMBH;044557039;JXU;
Susoctocog Alfa;SUSOCTOCOG ALFA 500U/ML 5 UNITA' USO PARENTERALE;OBIZUR*5 flaconcini EV 500 U/ml polv e solv;9572,32;5800,00;-;BAXALTA INNOVATIONS GMBH;044557027;JXT;
Ocrelizumab;OCRELIZUMAB 300MG 1 UNITA' USO PARENTERALE;OCREVUS*1 flaconcino INFUS EV 300 mg 10 ml;9309,29;5640,63;-;ROCHE REGISTRATION GMBH;045889019;KJR;
Ocrelizumab;OCRELIZUMAB 920MG 23ML SOLUZIONE USO PARENTERALE;OCREVUS*1 flaconcino SC 920 mg 23 ml 40 mg/ml;18618,58;11281,25;-;ROCHE REGISTRATION GMBH;045889033;NGR;
Immunoglobulina Umana Normale;IMMUNOGLOBULINA UMANA NORMALE 5G 100ML 1 UNITA' USO PARENTERALE;OCTAGAM*1 flacone 100 ml 5%;536,38;325,00;-;OCTAPHARMA ITALY SpA;035143027;AVR;
Immunoglobulina Umana Normale;IMMUNOGLOBULINA UMANA NORMALE 10G 200ML 1 UNITA' USO PARENTERALE;OCTAGAM*1 flacone 200 ml 5%;1072,76;650,00;-;OCTAPHARMA ITALY SpA;035143039;AVC;
Immunoglobulina Umana Normale;IMMUNOGLOBULINA UMANA NORMALE 2,5G 50ML 1 UNITA' USO PARENTERALE;OCTAGAM*1 flacone 50 ml 5%;268,19;162,50;-;OCTAPHARMA ITALY SpA;035143015;AVK;
Immunoglobulina Umana Normale;IMMUNOGLOBULINA UMANA NORMALE 1,65G 10ML 1 UNITA' USO PARENTERALE;OCTANORM*1 flaconcino SC 10 ml 165 mg/ml;149,77;90,75;-;OCTAPHARMA ITALY SpA;040652012;FKF;
Immunoglobulina Umana Normale;IMMUNOGLOBULINA UMANA NORMALE 2G 12ML 1 UNITA' USO PARENTERALE;OCTANORM*1 flaconcino SC 12 ml 165 mg/ml;181,54;110,00;-;OCTAPHARMA ITALY SpA;040652101;JWW;
Immunoglobulina Umana Normale;IMMUNOGLOBULINA UMANA NORMALE 3,3G 20ML 1 UNITA' USO PARENTERALE;OCTANORM*1 flaconcino SC 20 ml 165 mg/ml;299,55;181,50;-;OCTAPHARMA ITALY SpA;040652048;FKQ;
Immunoglobulina Umana Normale;IMMUNOGLOBULINA UMANA NORMALE 4G 24ML 1 UNITA' USO PARENTERALE;OCTANORM*1 flaconcino SC 24 ml 165 mg/ml;363,09;220,00;-;OCTAPHARMA ITALY SpA;040652137;JWX;
Immunoglobulina Umana Normale;IMMUNOGLOBULINA UMANA NORMALE 8G 48ML 1 UNITA' USO PARENTERALE;OCTANORM*1 flaconcino SC 48 ml 165 mg/ml;726,18;440,00;-;OCTAPHARMA ITALY SpA;040652164;JWY;
Immunoglobulina Umana Normale;IMMUNOGLOBULINA UMANA NORMALE 1G 6ML 1 UNITA' USO PARENTERALE;OCTANORM*1 flaconcino SC 6 ml 165 mg/ml;90,77;55,00;-;OCTAPHARMA ITALY SpA;040652075;JWV;
Proteine Plasmatiche Umane;PROTEINE PLASMATICHE UMANE 200ML 1 UNITA' USO PARENTERALE;OCTAPLAS*1 sacca EV 200 ml;-;-;75,00;OCTAPHARMA PHARMAZEUTIKA GMBH;034540017;BIX;
Pentetreotide;PENTETREOTIDE 10MCG USO PARENTERALE;OCTREOSCAN 111*flacone A + flacone B 10 mcg; -;-;-;CURIUM NETHERLANDS B.V.;029852011;BHT;
Emtricitabina/Rilpivirina/Tenofovir alafenamide;EMTRICITABINA+RILPIVIRINA+TENOFOVIR ALAFENAMIDE 200MG+25MG+25MG 30 UNITA' USO ORALE;ODEFSEY*30 cpr riv 200 mg + 25 mg + 25 mg flacone;1085,03;657,44;-;GILEAD SCIENCES IRELAND UC;044930016;JYX;
Sonidegib;SONIDEGIB 200MG 30 UNITA' USO ORALE;ODOMZO*30x1 cps 200 mg;11809,49;7155,53;-;SUN PHARMACEUTICAL IND.EU.B.V.;044480022;KTI;
Nintedanib;NINTEDANIB 100MG 60 UNITA' USO ORALE;OFEV*60x1 cps molli 100 mg;4263,52;2583,33;-;BOEHRINGER INGELHEIM INT.GMBH;043827029;EFL;
Nintedanib;NINTEDANIB 150MG 60 UNITA' USO ORALE;OFEV*60x1 cps molli 150 mg;4263,52;2583,33;-;BOEHRINGER INGELHEIM INT.GMBH;043827043;EFM;
Trastuzumab;TRASTUZUMAB 150MG 1 UNITA' USO PARENTERALE;OGIVRI*1 flaconcino polv EV 150 mg;763,10;462,37;-;BIOSIMILAR COLLABORATIONS IRELAND LTD;047477017;BNT;
Trastuzumab;TRASTUZUMAB 420MG 1 UNITA' USO PARENTERALE;OGIVRI*1 flaconcino polv EV 420 mg;2136,67;1294,64;-;BIOSIMILAR COLLABORATIONS IRELAND LTD;047477029;KOC;
Risperidone;RISPERIDONE 100MG 0,49ML 1 UNITA' USO PARENTERALE RP;OKEDI*1 siringa polv IM 100 mg rilascio prolungato + 1 siringa 0,490 ml + 2 aghi;546,86;331,35;-;LABORATORIOS FARMACEUT.ROVI SA;049966029;MCN;
Risperidone;RISPERIDONE 75MG 0,383ML 1 UNITA' USO PARENTERALE RP;OKEDI*1 siringa polv IM 75 mg rilascio prolungato + 1 siringa 0,383 ml + 2 aghi;437,48;265,08;-;LABORATORIOS FARMACEUT.ROVI SA;049966017;MCM;
Baricitinib;BARICITINIB 2MG 28 UNITA' USO ORALE;OLUMIANT*28 cpr riv 2 mg;1089,61;660,21;-;ELI LILLY NEDERLAND BV;045260027;KDH;
Baricitinib;BARICITINIB 4MG 28 UNITA' USO ORALE;OLUMIANT*28 cpr riv 4 mg;1089,61;660,21;-;ELI LILLY NEDERLAND BV;045260104;KDJ;
Omeprazolo;OMEPRAZOLO 40MG 10 UNITA' USO PARENTERALE;OMEPRAZOLO*10 flaconcini infus 40 mg 10 ml;47,03;28,52;-;SO.SE.PHARM Srl;042601029;JHL;
Omeprazolo;OMEPRAZOLO 40MG 5 UNITA' USO PARENTERALE;OMEPRAZOLO*5 flaconcini EV 40 mg;31,41;19,04;-;MYLAN SpA;039193014;BGJ;
Omeprazolo;OMEPRAZOLO 40MG 5 UNITA' USO PARENTERALE;OMEPRAZOLO*5 flaconcini EV 40 mg 10 ml;31,41;19,04;-;SANDOZ B.V.;038187023;BGJ;
Omeprazolo;OMEPRAZOLO 40MG 5 UNITA' USO PARENTERALE;OMEPRAZOLO*5 flaconcini polv EV 40 mg;31,41;19,04;-;ZENTIVA ITALIA Srl;050413020;BGJ;
Momelotinib;MOMELOTINIB 100MG 30 UNITA' USO ORALE;OMJJARA*30 cpr riv 100 mg flacone;7144,00;4328,62;-;GLAXOSMITHKLINE TRADING SERVICES LTD;050977014;NPY;
Momelotinib;MOMELOTINIB 150MG 30 UNITA' USO ORALE;OMJJARA*30 cpr riv 150 mg flacone;7144,00;4328,62;-;GLAXOSMITHKLINE TRADING SERVICES LTD;050977026;NPX;
Momelotinib;MOMELOTINIB 200MG 30 UNITA' USO ORALE;OMJJARA*30 cpr riv 200 mg flacone;7144,00;4328,62;-;GLAXOSMITHKLINE TRADING SERVICES LTD;050977038;NPW;
Metadone;METADONE 10MG 10 UNITA' USO ORALE;OMTISA*10 cpr 10 mg;2,74;1,66;-;G.L. PHARMA GmbH;049749094;MHM;
Metadone;METADONE 20MG 10 UNITA' USO ORALE;OMTISA*10 cpr 20 mg;4,96;2,99;-;G.L. PHARMA GmbH;049749171;MHN;
Metadone;METADONE 40MG 10 UNITA' USO ORALE;OMTISA*10 cpr 40 mg;9,90;6,00;-;G.L. PHARMA GmbH;049749245;MHO;
Metadone;METADONE 60MG 10 UNITA' USO ORALE;OMTISA*10 cpr 60 mg;14,86;9,00;-;G.L. PHARMA GmbH;049749310;MHQ;
Metadone;METADONE 10MG 30 UNITA' USO ORALE;OMTISA*30 cpr 10 mg;7,43;4,49;-;G.L. PHARMA GmbH;049749118;MHR;
Metadone;METADONE 20MG 30 UNITA' USO ORALE;OMTISA*30 cpr 20 mg;14,86;9,00;-;G.L. PHARMA GmbH;049749195;MHS;
Metadone;METADONE 40MG 30 UNITA' USO ORALE;OMTISA*30 cpr 40 mg;29,70;17,99;-;G.L. PHARMA GmbH;049749260;MHT;
Metadone;METADONE 60MG 30 UNITA' USO ORALE;OMTISA*30 cpr 60 mg;44,55;26,99;-;G.L. PHARMA GmbH;049749334;MHV;
Mirikizumab;MIRIKIZUMAB 15ML 300MG 20MG/ML 1 UNITA' SOLUZIONE USO PARENTERALE;OMVOH*1 flaconcino EV 300 mg 15 ml 20 mg/ml;2417,84;1465,00;-;ELI LILLY NEDERLAND BV;050695016;NFP;
Mirikizumab;MIRIKIZUMAB 1ML 100MG 2 UNITA' USO PARENTERALE;OMVOH*2 penne preriemp SC 100 mg 1 ml 100 mg/ml;2417,84;1465,00;-;ELI LILLY NEDERLAND BV;050695042;NFQ;
Pegaspargasi;PEGASPARGASI 3750U 1 UNITA' - USO PARENTERALE;ONCASPAR*1 flaconcino EV 750 U/ml;2457,65;1489,13;-;LES LABORATOIRES SERVIER;044702025;KFZ;
Cfu di Tice BCG;CFU DI TICE BCG 2ML 3 UNITA' USO ENDOVESCICALE;ONCOTICE*3 flaconcini 2 ml + tappo;414,49;188,40;-;MSD ITALIA Srl;028346029;AHZ;
Ondansetrone;ONDANSETRONE 4MG 10 UNITA' USO PARENTERALE;ONDANSETRON*10 fiale EV 2 mg/ml 2 ml;47,06;28,52;-;AS KALCEKS;049598028;BGL;
Ondansetrone;ONDANSETRONE 8MG 10 UNITA' USO PARENTERALE;ONDANSETRON*10 fiale EV 2 mg/ml 4 ml;94,88;57,49;-;AS KALCEKS;049598055;BGN;
Ondansetrone;ONDANSETRONE 4MG 10 UNITA' USO PARENTERALE;ONDANSETRON*10 fiale EV 2 ml 2 mg/ml;47,06;28,52;-;FRESENIUS KABI ITALIA Srl;037389032;BGL;
Ondansetrone;ONDANSETRONE 8MG 10 UNITA' USO PARENTERALE;ONDANSETRON*10 fiale EV 4 ml 2 mg/ml;94,88;57,49;-;FRESENIUS KABI ITALIA Srl;037389069;BGN;
Ondansetrone;ONDANSETRONE 4MG 5 UNITA' USO PARENTERALE;ONDANSETRON*5 fiale 2 ml 2 mg/ml;23,54;14,26;-;B.BRAUN MELSUNGEN AG;038128017;BGM;
Ondansetrone;ONDANSETRONE 4MG 10 UNITA' USO PARENTERALE;ONDANSETRONE*10 fiale 2 ml 2 mg/ml;47,06;28,52;-;ACCORD HEALTHCARE SLU;040469025;BGL;
Ondansetrone;ONDANSETRONE 8MG 10 UNITA' USO PARENTERALE;ONDANSETRONE*10 fiale 4 ml 2 mg/ml;94,88;57,49;-;ACCORD HEALTHCARE SLU;040469049;BGN;
Ondansetrone;ONDANSETRONE 4MG 10 UNITA' USO PARENTERALE;ONDANSETRONE*10 fiale EV 2 ml 2 mg/ml;47,06;28,52;-;MYLAN SpA;037549045;BGL;
Ondansetrone;ONDANSETRONE 4MG 10 UNITA' USO PARENTERALE;ONDANSETRONE*10 fiale EV 2 ml 2 mg/ml;47,07;28,52;-;EUGIA PHARMA (MALTA) LIMITED;044484032;BGL;
Ondansetrone;ONDANSETRONE 8MG 10 UNITA' USO PARENTERALE;ONDANSETRONE*10 fiale EV 4 ml 2 mg/ml;94,88;57,49;-;MYLAN SpA;037549084;BGN;
Ondansetrone;ONDANSETRONE 8MG 10 UNITA' USO PARENTERALE;ONDANSETRONE*10 fiale EV 4 ml 2 mg/ml;94,89;57,49;-;EUGIA PHARMA (MALTA) LIMITED;044484069;BGN;
Ondansetrone;ONDANSETRONE 4MG 5 UNITA' USO PARENTERALE;ONDANSETRONE*5 fiale EV 4 mg 2 ml;23,54;14,26;-;HIKMA FARMACEUTICA S.A.;038344014;BGM;
Ondansetrone;ONDANSETRONE 8MG 5 UNITA' USO PARENTERALE;ONDANSETRONE*5 fiale EV 8 mg 4 ml;47,44;28,75;-;HIKMA FARMACEUTICA S.A.;038344026;BGO;
Irinotecan sucrosofato liposomiale pegilato;IRINOTECAN PEGILATO 10ML 4,3MG/ML 1 UNITA' USO PARENTERALE;ONIVYDE PEGYLATED LIPOSOMAL*1 flaconcino EV 10 ml 4,3 mg/ml;1325,65;803,23;-;LES LABORATOIRES SERVIER;045168010;MVN;
Mitoxantrone;MITOXANTRONE 10MG 5ML 1 UNITA' USO PARENTERALE;ONKOTRONE*1 flaconcino EV 10 mg 5 ml;108,15;49,16;-;BAXTER SpA;033834019;BEQ;
Mitoxantrone;MITOXANTRONE 20MG 10ML 1 UNITA' USO PARENTERALE;ONKOTRONE*1 flaconcino EV 20 mg 10 ml;231,56;105,26;-;BAXTER SpA;033834021;BES;
Patisiran;PATISIRAN 2MG/ML 5ML SOLUZIONE USO PARENTERALE;ONPATTRO*1 flaconcino EV 5 ml 2 mg/ml;12704,44;7697,79;-;ALNYLAM NETHERLANDS B.V.;046993010;KZZ;
Trastuzumab;TRASTUZUMAB 150MG 1 UNITA' USO PARENTERALE;ONTRUZANT*1 flaconcino polv EV 150 mg;763,10;462,37;-;SAMSUNG BIOEPIS NL B.V.;045778014;BNT;
Trastuzumab;TRASTUZUMAB 420MG 1 UNITA' USO PARENTERALE;ONTRUZANT*1 flaconcino polv EV 420 mg;2136,67;1294,64;-;SAMSUNG BIOEPIS NL B.V.;045778026;KOC;
Azacitidina;AZACITIDINA 200MG 7 UNITA' USO ORALE;ONUREG*7 cpr riv 200 mg;9602,71;5818,42;-;BRISTOL M.SQUIBB PHARMA EEIG;049620014;MMU;
Azacitidina;AZACITIDINA 300MG 7 UNITA' USO ORALE;ONUREG*7 cpr riv 300 mg;9602,71;5818,42;-;BRISTOL M.SQUIBB PHARMA EEIG;049620038;MMW;
Nivolumab;NIVOLUMAB 10MG/ML 10ML 1 UNITA' USO PARENTERALE;OPDIVO*1 flaconcino EV 10 ml 10 mg/ml;2218,15;1344,00;-;BRISTOL M.SQUIBB PHARMA EEIG;044291021;CHI;
Nivolumab;NIVOLUMAB 10MG/ML 12ML 1 UNITA' USO PARENTERALE;OPDIVO*1 flaconcino EV 12 ml 10 mg/ml;2662,11;1613,01;-;BRISTOL M.SQUIBB PHARMA EEIG;044291045;MLW;
Nivolumab;NIVOLUMAB 10MG/ML 24ML 1 UNITA' USO PARENTERALE;OPDIVO*1 flaconcino EV 24 ml 10 mg/ml;5324,22;3226,01;-;BRISTOL M.SQUIBB PHARMA EEIG;044291033;KOG;
Nivolumab;NIVOLUMAB 10MG/ML 4ML 1 UNITA' USO PARENTERALE;OPDIVO*1 flaconcino EV 4 ml 10 mg/ml;887,93;538,00;-;BRISTOL M.SQUIBB PHARMA EEIG;044291019;CHH;
Nivolumab/relatlimab;NIVOLUMAB+RELATLIMAB 240+80MG 20ML 1 UNITA' USO PARENTERALE;OPDUALAG*1 flaconcino INFUS 240 mg + 80 mg 20 ml;10696,03;6480,87;-;BRISTOL M.SQUIBB PHARMA EEIG;050359013;NCV;
Miglustat;MIGLUSTAT 65MG 4 UNITA' USO ORALE;OPFOLDA*4 cps 65 mg flacone;193,63;117,33;-;AMICUS THERAPEUTICS EUROPE LTD;050750013;NGX;
Octofluoropropano;OCTOFLUOROPROPANO 0,57MG 3ML 1 UNITA' USO PARENTERALE;OPTISON*1 flaconcino EV 3 ml;128,77;78,02;-;GE HEALTHCARE AS;034650010;BFT;
Abatacept;ABATACEPT 250MG 3 UNITA' USO PARENTERALE;ORENCIA*3 flaconcini EV 250 mg polv + 3 siringhe;1689,09;1023,44;-;BRISTOL M.SQUIBB PHARMA EEIG;037989035;AAF;
Abatacept;ABATACEPT 125MG 4 UNITA' USO PARENTERALE;ORENCIA*4 penne preriemp clickject SC 125 mg 1 ml;1519,29;920,55;-;BRISTOL M.SQUIBB PHARMA EEIG;037989112;AAM;
Abatacept;ABATACEPT 125MG 4 UNITA' USO PARENTERALE;ORENCIA*4 siringhe SC 125 mg 1 ml;1519,29;920,55;-;BRISTOL M.SQUIBB PHARMA EEIG;037989086;AAM;
Acido colico;ACIDO COLICO 250MG 30 UNITA' USO ORALE;ORPHACOL*30 cps 250 mg;13912,86;8430,00;-;THERAVIA;043028048;JVI;
Acido colico;ACIDO COLICO 50MG 30 UNITA' USO ORALE;ORPHACOL*30 cps 50 mg;4010,47;2430,00;-;THERAVIA;043028012;JVG;
Elacestrant;ELACESTRANT 345MG 28 UNITA' USO ORALE;ORSERDU*28 cpr riv 345 mg;12660,63;7671,25;-;STEMLINE THERAPEUTICS BV;050896024;NDW;
Elacestrant;ELACESTRANT 86MG 28 UNITA' USO ORALE;ORSERDU*28 cpr riv 86 mg;4220,20;2557,08;-;STEMLINE THERAPEUTICS BV;050896012;NDV;
Ossigeno;OSSIGENO GAS COMPRESSO 12 UNITA' 200 BAR 40 LT METRI CUBI SVOLTI 105,6;OSSIGENO*200 bar gas med compresso bomb in acciaio 12 bombole 40 litri con valvola erogatrice;1021,15;654,72;-;LINDE MEDICALE Srl;039133448;040;105,60
Ossigeno;OSSIGENO GAS COMPRESSO 16 UNITA' 200 BAR 40 LT METRI CUBI SVOLTI 140,8;OSSIGENO*200 bar gas med compresso bomb in acciaio 16 bombole in acciaio 40 litri con valvola erogatrice;1361,54;872,96;-;LINDE MEDICALE Srl;039133451;043;140,80
Ossigeno;OSSIGENO GAS COMPRESSO 16 UNITA' 200 BAR 50 LT METRI CUBI SVOLTI 176;OSSIGENO*200 bar gas med compresso bomb in acciaio 16 bombole in acciaio 50 litri con valvola erogatrice;1701,92;1091,20;-;LINDE MEDICALE Srl;039133463;044;176,00
Ossigeno;OSSIGENO GAS COMPRESSO 12 UNITA' 200 BAR 50 LT METRI CUBI SVOLTI 132;OSSIGENO*200 bar gas med compresso pacchi bomb 12 bomb in acciaio 50 litri;1276,44;818,40;-;SICO SpA;039134200;041;132,00
Ossigeno;OSSIGENO GAS COMPRESSO 16 UNITA' 200 BAR 40 LT METRI CUBI SVOLTI 140,8;OSSIGENO*200 bar gas med compresso pacchi bomb 16 bomb in acciaio 40 litri;1361,54;872,96;-;SICO SpA;039134198;043;140,80
Ossigeno;OSSIGENO GAS COMPRESSO 20 UNITA' 200 BAR 50 LT METRI CUBI SVOLTI 220;OSSIGENO*200 bar gas med compresso pacchi bomb 20 bomb in acciaio 50 litri;2127,40;1364,00;-;SICO SpA;039134212;047;220,00
Ossigeno;OSSIGENO GAS COMPRESSO 12 UNITA' 200 BAR 40 LT METRI CUBI SVOLTI 105,6;OSSIGENO*200 bar gas med compresso pacco bomb 12 bomb 40 litri;1021,15;654,72;-;S.I.A.D. SpA;038943433;040;105,60
Ossigeno;OSSIGENO GAS COMPRESSO 12 UNITA' 200 BAR 40 LT METRI CUBI SVOLTI 105,6;OSSIGENO*200 bar gas med compresso pacco bomb 12 bomb 40 litri;1021,15;654,72;-;NIPPON GASES PHARMA Srl;038944284;040;105,60
Ossigeno;OSSIGENO GAS COMPRESSO 12 UNITA' 200 BAR 40 LT METRI CUBI SVOLTI 105,6;OSSIGENO*200 bar gas med compresso pacco bomb 12 bomb 40 litri;1021,15;654,72;-;NIPPON GASES PHARMA Srl;038962142;040;105,60
Ossigeno;OSSIGENO GAS COMPRESSO 12 UNITA' 200 BAR 50 LT METRI CUBI SVOLTI 132;OSSIGENO*200 bar gas med compresso pacco bomb 12 bomb 50 litri;1276,44;818,40;-;NIPPON GASES PHARMA Srl;038944296;041;132,00
Ossigeno;OSSIGENO GAS COMPRESSO 12 UNITA' 200 BAR 50 LT METRI CUBI SVOLTI 132;OSSIGENO*200 bar gas med compresso pacco bomb 12 bomb 50 litri;1276,44;818,40;-;NIPPON GASES PHARMA SUD Srl;038962155;041;132,00
Ossigeno;OSSIGENO GAS COMPRESSO 12 UNITA' 200 BAR 40 LT METRI CUBI SVOLTI 105,6;OSSIGENO*200 bar gas med compresso pacco bomb 12 bomb in acciaio 40 litri;1021,15;654,72;-;AIR LIQUIDE ITALIA GAS E S.Srl;038904571;040;105,60
Ossigeno;OSSIGENO GAS COMPRESSO 12 UNITA' 200 BAR 40 LT METRI CUBI SVOLTI 105,6;OSSIGENO*200 bar gas med compresso pacco bomb 12 bomb in acciaio 40 litri;1021,15;654,72;-;CONSORZIO ITALIANO OSSIGENO;038907224;040;105,60
Ossigeno;OSSIGENO GAS COMPRESSO 12 UNITA' 200 BAR 40 LT METRI CUBI SVOLTI 105,6;OSSIGENO*200 bar gas med compresso pacco bomb 12 bomb in acciaio 40 litri;1021,15;654,72;-;SAPIO LIFE Srl;039017381;040;105,60
Ossigeno;OSSIGENO GAS COMPRESSO 12 UNITA' 200 BAR 40 LT METRI CUBI SVOLTI 105,6;OSSIGENO*200 bar gas med compresso pacco bomb 12 bomb in acciaio 40 litri;1021,15;654,72;-;MEDICAIR ITALIA Srl;039110376;040;105,60
Ossigeno;OSSIGENO GAS COMPRESSO 12 UNITA' 200 BAR 40 LT METRI CUBI SVOLTI 105,6;OSSIGENO*200 bar gas med compresso pacco bomb 12 bomb in acciaio 40 litri;1021,15;654,72;-;CER MEDICAL Srl;039150331;040;105,60
Ossigeno;OSSIGENO GAS COMPRESSO 12 UNITA' 200 BAR 50 LT METRI CUBI SVOLTI 132;OSSIGENO*200 bar gas med compresso pacco bomb 12 bomb in acciaio 50 litri;1276,44;818,40;-;AIR LIQUIDE ITALIA GAS E S.Srl;038904583;041;132,00
Ossigeno;OSSIGENO GAS COMPRESSO 12 UNITA' 200 BAR 50 LT METRI CUBI SVOLTI 132;OSSIGENO*200 bar gas med compresso pacco bomb 12 bomb in acciaio 50 litri;1276,44;818,40;-;SAPIO LIFE Srl;039017417;041;132,00
Ossigeno;OSSIGENO GAS COMPRESSO 12 UNITA' 200 BAR 50 LT METRI CUBI SVOLTI 132;OSSIGENO*200 bar gas med compresso pacco bomb 12 bomb in acciaio 50 litri;1276,44;818,40;-;MEDICAIR ITALIA Srl;039110352;041;132,00
Ossigeno;OSSIGENO GAS COMPRESSO 12 UNITA' 200 BAR 50 LT METRI CUBI SVOLTI 132;OSSIGENO*200 bar gas med compresso pacco bomb 12 bomb in acciaio 50 litri;1276,44;818,40;-;SOL SpA;039132182;041;132,00
Ossigeno;OSSIGENO GAS COMPRESSO 12 UNITA' 200 BAR 50 LT METRI CUBI SVOLTI 132;OSSIGENO*200 bar gas med compresso pacco bomb 12 bomb in acciaio 50 litri;1276,44;818,40;-;LINDE MEDICALE Srl;039133121;041;132,00
Ossigeno;OSSIGENO GAS COMPRESSO 12 UNITA' 200 BAR 50 LT METRI CUBI SVOLTI 132;OSSIGENO*200 bar gas med compresso pacco bomb 12 bomb in acciaio litri 50 svolti 132000;1276,44;818,40;-;VOXISUD Srl;039160270;041;132,00
Ossigeno;OSSIGENO GAS COMPRESSO 16 UNITA' 200 BAR 40 LT METRI CUBI SVOLTI 140,8;OSSIGENO*200 bar gas med compresso pacco bomb 16 bomb 40 litri;1361,54;872,96;-;CONSORZIO ITALIANO OSSIGENO;038907349;043;140,80
Ossigeno;OSSIGENO GAS COMPRESSO 16 UNITA' 200 BAR 40 LT METRI CUBI SVOLTI 140,8;OSSIGENO*200 bar gas med compresso pacco bomb 16 bomb 40 litri;1361,54;872,96;-;S.I.A.D. SpA;038943445;043;140,80
Ossigeno;OSSIGENO GAS COMPRESSO 16 UNITA' 200 BAR 40 LT METRI CUBI SVOLTI 140,8;OSSIGENO*200 bar gas med compresso pacco bomb 16 bomb 40 litri;1361,54;872,96;-;NIPPON GASES PHARMA Srl;038944308;043;140,80
Ossigeno;OSSIGENO GAS COMPRESSO 16 UNITA' 200 BAR 40 LT METRI CUBI SVOLTI 140,8;OSSIGENO*200 bar gas med compresso pacco bomb 16 bomb 40 litri;1361,54;872,96;-;MAGALDI LIFE Srl;038961153;043;140,80
Ossigeno;OSSIGENO GAS COMPRESSO 16 UNITA' 200 BAR 40 LT METRI CUBI SVOLTI 140,8;OSSIGENO*200 bar gas med compresso pacco bomb 16 bomb 40 litri;1361,54;872,96;-;VOXISUD Srl;039160130;043;140,80
Ossigeno;OSSIGENO GAS COMPRESSO 16 UNITA' 200 BAR 50 LT METRI CUBI SVOLTI 176;OSSIGENO*200 bar gas med compresso pacco bomb 16 bomb 50 litri;1701,92;1091,20;-;S.I.A.D. SpA;038943458;044;176,00
Ossigeno;OSSIGENO GAS COMPRESSO 16 UNITA' 200 BAR 50 LT METRI CUBI SVOLTI 176;OSSIGENO*200 bar gas med compresso pacco bomb 16 bomb 50 litri;1701,92;1091,20;-;NIPPON GASES PHARMA Srl;038944310;044;176,00
Ossigeno;OSSIGENO GAS COMPRESSO 16 UNITA' 200 BAR 50 LT METRI CUBI SVOLTI 176;OSSIGENO*200 bar gas med compresso pacco bomb 16 bomb 50 litri;1701,92;1091,20;-;VOXISUD Srl;039160142;044;176,00
Ossigeno;OSSIGENO GAS COMPRESSO 16 UNITA' 200 BAR 30 LT METRI CUBI SVOLTI 105,6;OSSIGENO*200 bar gas med compresso pacco bomb 16 bomb in acciaio 30 litri;1021,15;654,72;-;MEDICAIR ITALIA Srl;039110580;042;105,60
Ossigeno;OSSIGENO GAS COMPRESSO 16 UNITA' 200 BAR 40 LT METRI CUBI SVOLTI 140,8;OSSIGENO*200 bar gas med compresso pacco bomb 16 bomb in acciaio 40 litri;1361,54;872,96;-;SAPIO LIFE Srl;039017393;043;140,80
Ossigeno;OSSIGENO GAS COMPRESSO 16 UNITA' 200 BAR 40 LT METRI CUBI SVOLTI 140,8;OSSIGENO*200 bar gas med compresso pacco bomb 16 bomb in acciaio 40 litri;1361,54;872,96;-;MEDICAIR ITALIA Srl;039110388;043;140,80
Ossigeno;OSSIGENO GAS COMPRESSO 16 UNITA' 200 BAR 50 LT METRI CUBI SVOLTI 176;OSSIGENO*200 bar gas med compresso pacco bomb 16 bomb in acciaio 50 litri;1701,92;1091,20;-;SAPIO LIFE Srl;039017429;044;176,00
Ossigeno;OSSIGENO GAS COMPRESSO 16 UNITA' 200 BAR 50 LT METRI CUBI SVOLTI 176;OSSIGENO*200 bar gas med compresso pacco bomb 16 bomb in acciaio 50 litri;1701,92;1091,20;-;MEDICAIR ITALIA Srl;039110364;044;176,00
Ossigeno;OSSIGENO GAS COMPRESSO 16 UNITA' 200 BAR 50 LT METRI CUBI SVOLTI 176;OSSIGENO*200 bar gas med compresso pacco bomb 16 bomb in acciaio 50 litri;1701,92;1091,20;-;SOL SpA;039132194;044;176,00
Ossigeno;OSSIGENO GAS COMPRESSO 16 UNITA' 200 BAR 50 LT METRI CUBI SVOLTI 176;OSSIGENO*200 bar gas med compresso pacco bomb 16 bomb in acciaio 50 litri;1701,92;1091,20;-;CER MEDICAL Srl;039150343;044;176,00
Ossigeno;OSSIGENO GAS COMPRESSO 16 UNITA' 200 BAR 60 LT METRI CUBI SVOLTI 211,2;OSSIGENO*200 bar gas med compresso pacco bomb 16 bomb in acciaio 60 litri;2042,30;1309,44;-;SAPIO LIFE Srl;039017431;045;211,20
Ossigeno;OSSIGENO GAS COMPRESSO 20 UNITA' 200 BAR 40 LT METRI CUBI SVOLTI 176;OSSIGENO*200 bar gas med compresso pacco bomb 20 bomb in acciaio 40 litri;1701,92;1091,20;-;SAPIO LIFE Srl;039017405;046;176,00
Ossigeno;OSSIGENO GAS COMPRESSO 20 UNITA' 200 BAR 50 LT METRI CUBI SVOLTI 220;OSSIGENO*200 bar gas med compresso pacco bomb 20 bomb in acciaio 50 litri;2127,40;1364,00;-;SOL SpA;039132206;047;220,00
Ossigeno;OSSIGENO GAS COMPRESSO 9 UNITA' 200 BAR 50 LT METRI CUBI SVOLTI 99;OSSIGENO*200 bar gas med compresso pacco bomb 9 bomb in acciaio 50 litri;957,33;613,80;-;SOL SpA;039132170;050;99,00
Ossigeno;OSSIGENO GAS COMPRESSO 20 UNITA' 300 BAR 50 LT METRI CUBI SVOLTI 315,2;OSSIGENO*300 bar gas med compresso pacco 20 bomb 50 litri;4573,55;2931,36;-;GAS TECNICI FOLIGNO Srl;039106152;048;315,20
Ossigeno;OSSIGENO GAS CRIOGENICO 1.000 LT METRI CUBI SVOLTI 855,54;OSSIGENO*gas med criogenico contenitore fisso 1.000 litri;6,55/m³;4,20/m³;-;SAPIO PRODUZ.IDROGENO OSSIGENO;038901524;051;855,54
Ossigeno;OSSIGENO GAS CRIOGENICO 1.000 LT METRI CUBI SVOLTI 855,54;OSSIGENO*gas med criogenico contenitore fisso 1.000 litri;6,55/m³;4,20/m³;-;NIPPON GASES PHARMA Srl;038944462;051;855,54
Ossigeno;OSSIGENO GAS CRIOGENICO 1.000 LT METRI CUBI SVOLTI 855,54;OSSIGENO*gas med criogenico contenitore fisso 1.000 litri;6,55/m³;4,20/m³;-;MEDICAIR ITALIA Srl;039110592;051;855,54
Ossigeno;OSSIGENO GAS CRIOGENICO 1.000 LT METRI CUBI SVOLTI 855,54;OSSIGENO*gas med criogenico contenitore fisso 1.000 litri;6,55/m³;4,20/m³;-;SOL SpA;039132218;051;855,54
Ossigeno;OSSIGENO GAS CRIOGENICO 1.000 LT METRI CUBI SVOLTI 855,54;OSSIGENO*gas med criogenico contenitore fisso 1.000 litri;6,55/m³;4,20/m³;-;SICO SpA;039134236;051;855,54
Ossigeno;OSSIGENO GAS CRIOGENICO 1.000 LT METRI CUBI SVOLTI 855,54;OSSIGENO*gas med criogenico contenitore fisso 1.000 litri;6,55/m³;4,20/m³;-;CER MEDICAL Srl;039150394;051;855,54
Ossigeno;OSSIGENO GAS CRIOGENICO 1.300 LT METRI CUBI SVOLTI 1112,20;OSSIGENO*gas med criogenico contenitore fisso 1.300 litri;6,55/m³;4,20/m³;-;AIR LIQUIDE ITALIA GAS E S.Srl;038904672;052;1.112,20
Ossigeno;OSSIGENO GAS CRIOGENICO 1.500 LT METRI CUBI SVOLTI 1283,31;OSSIGENO*gas med criogenico contenitore fisso 1.500 litri;6,55/m³;4,20/m³;-;SAPIO PRODUZ.IDROGENO OSSIGENO;038901536;053;1.283,31
Ossigeno;OSSIGENO GAS CRIOGENICO 1.500 LT METRI CUBI SVOLTI 1283,31;OSSIGENO*gas med criogenico contenitore fisso 1.500 litri;6,55/m³;4,20/m³;-;AIR LIQUIDE ITALIA GAS E S.Srl;038904684;053;1.283,31
Ossigeno;OSSIGENO GAS CRIOGENICO 1.500 LT METRI CUBI SVOLTI 1283,31;OSSIGENO*gas med criogenico contenitore fisso 1.500 litri;6,55/m³;4,20/m³;-;CONSORZIO ITALIANO OSSIGENO;038907301;053;1.283,31
Ossigeno;OSSIGENO GAS CRIOGENICO 1.500 LT METRI CUBI SVOLTI 1283,31;OSSIGENO*gas med criogenico contenitore fisso 1.500 litri;6,55/m³;4,20/m³;-;S.I.A.D. SpA;038943510;053;1.283,31
Ossigeno;OSSIGENO GAS CRIOGENICO 1.500 LT METRI CUBI SVOLTI 1283,31;OSSIGENO*gas med criogenico contenitore fisso 1.500 litri;6,55/m³;4,20/m³;-;NIPPON GASES PHARMA Srl;038944373;053;1.283,31
Ossigeno;OSSIGENO GAS CRIOGENICO 1.500 LT METRI CUBI SVOLTI 1283,31;OSSIGENO*gas med criogenico contenitore fisso 1.500 litri;6,55/m³;4,20/m³;-;MEDICAIR ITALIA Srl;039110010;053;1.283,31
Ossigeno;OSSIGENO GAS CRIOGENICO 1.500 LT METRI CUBI SVOLTI 1283,31;OSSIGENO*gas med criogenico contenitore fisso 1.500 litri;6,55/m³;4,20/m³;-;SOL SpA;039132220;053;1.283,31
Ossigeno;OSSIGENO GAS CRIOGENICO 1.500 LT METRI CUBI SVOLTI 1283,31;OSSIGENO*gas med criogenico contenitore fisso 1.500 litri;6,55/m³;4,20/m³;-;LINDE MEDICALE Srl;039133196;053;1.283,31
Ossigeno;OSSIGENO GAS CRIOGENICO 1.500 LT METRI CUBI SVOLTI 1283,31;OSSIGENO*gas med criogenico contenitore fisso 1.500 litri;6,55/m³;4,20/m³;-;SICO SpA;039134248;053;1.283,31
Ossigeno;OSSIGENO GAS CRIOGENICO 1.500 LT METRI CUBI SVOLTI 1283,31;OSSIGENO*gas med criogenico contenitore fisso 1.500 litri;6,55/m³;4,20/m³;-;CER MEDICAL Srl;039150406;053;1.283,31
Ossigeno;OSSIGENO GAS CRIOGENICO 1.800 LT METRI CUBI SVOLTI 1539,97;OSSIGENO*gas med criogenico contenitore fisso 1.800 litri;6,55/m³;4,20/m³;-;AIR LIQUIDE ITALIA GAS E S.Srl;038904696;055;1.539,97
Ossigeno;OSSIGENO GAS CRIOGENICO 10.000 LT METRI CUBI SVOLTI 8555,40;OSSIGENO*gas med criogenico contenitore fisso 10.000 litri;6,55/m³;4,20/m³;-;SAPIO PRODUZ.IDROGENO OSSIGENO;038901575;057;8.555,40
Ossigeno;OSSIGENO GAS CRIOGENICO 10.000 LT METRI CUBI SVOLTI 8555,40;OSSIGENO*gas med criogenico contenitore fisso 10.000 litri;6,55/m³;4,20/m³;-;AIR LIQUIDE ITALIA GAS E S.Srl;038904746;057;8.555,40
Ossigeno;OSSIGENO GAS CRIOGENICO 10.000 LT METRI CUBI SVOLTI 8555,40;OSSIGENO*gas med criogenico contenitore fisso 10.000 litri;6,55/m³;4,20/m³;-;CONSORZIO ITALIANO OSSIGENO;038907337;057;8.555,40
Ossigeno;OSSIGENO GAS CRIOGENICO 10.000 LT METRI CUBI SVOLTI 8555,40;OSSIGENO*gas med criogenico contenitore fisso 10.000 litri;6,55/m³;4,20/m³;-;S.I.A.D. SpA;038943561;057;8.555,40
Ossigeno;OSSIGENO GAS CRIOGENICO 10.000 LT METRI CUBI SVOLTI 8555,40;OSSIGENO*gas med criogenico contenitore fisso 10.000 litri;6,55/m³;4,20/m³;-;NIPPON GASES PHARMA Srl;038944409;057;8.555,40
Ossigeno;OSSIGENO GAS CRIOGENICO 10.000 LT METRI CUBI SVOLTI 8555,40;OSSIGENO*gas med criogenico contenitore fisso 10.000 litri;6,55/m³;4,20/m³;-;MEDICAIR ITALIA Srl;039110059;057;8.555,40
Ossigeno;OSSIGENO GAS CRIOGENICO 10.000 LT METRI CUBI SVOLTI 8555,40;OSSIGENO*gas med criogenico contenitore fisso 10.000 litri;6,55/m³;4,20/m³;-;SOL SpA;039132257;057;8.555,40
Ossigeno;OSSIGENO GAS CRIOGENICO 10.000 LT METRI CUBI SVOLTI 8555,40;OSSIGENO*gas med criogenico contenitore fisso 10.000 litri;6,55/m³;4,20/m³;-;LINDE MEDICALE Srl;039133222;057;8.555,40
Ossigeno;OSSIGENO GAS CRIOGENICO 10.000 LT METRI CUBI SVOLTI 8555,40;OSSIGENO*gas med criogenico contenitore fisso 10.000 litri;6,55/m³;4,20/m³;-;SICO SpA;039134275;057;8.555,40
Ossigeno;OSSIGENO GAS CRIOGENICO 10.000 LT METRI CUBI SVOLTI 8555,40;OSSIGENO*gas med criogenico contenitore fisso 10.000 litri;6,55/m³;4,20/m³;-;CER MEDICAL Srl;039150457;057;8.555,40
Ossigeno;OSSIGENO GAS CRIOGENICO 10.000 LT METRI CUBI SVOLTI 8555,40;OSSIGENO*gas med criogenico contenitore fisso 10.000 litri;6,55/m³;4,20/m³;-;VOXISUD Srl;039160181;057;8.555,40
Ossigeno;OSSIGENO GAS CRIOGENICO 12.000 LT METRI CUBI SVOLTI 10266,48;OSSIGENO*gas med criogenico contenitore fisso 12.000 litri;6,55/m³;4,20/m³;-;SAPIO PRODUZ.IDROGENO OSSIGENO;038901652;058;10.266,48
Ossigeno;OSSIGENO GAS CRIOGENICO 12.000 LT METRI CUBI SVOLTI 10266,48;OSSIGENO*gas med criogenico contenitore fisso 12.000 litri;6,55/m³;4,20/m³;-;S.I.A.D. SpA;038943573;058;10.266,48
Ossigeno;OSSIGENO GAS CRIOGENICO 14.000 LT METRI CUBI SVOLTI 11977,56;OSSIGENO*gas med criogenico contenitore fisso 14.000 litri;6,55/m³;4,20/m³;-;AIR LIQUIDE ITALIA GAS E S.Srl;038904759;059;11.977,56
Ossigeno;OSSIGENO GAS CRIOGENICO 15.000 LT METRI CUBI SVOLTI 12833,10;OSSIGENO*gas med criogenico contenitore fisso 15.000 litri;6,55/m³;4,20/m³;-;S.I.A.D. SpA;038943585;060;12.833,10
Ossigeno;OSSIGENO GAS CRIOGENICO 15.000 LT METRI CUBI SVOLTI 12833,10;OSSIGENO*gas med criogenico contenitore fisso 15.000 litri;6,55/m³;4,20/m³;-;NIPPON GASES PHARMA Srl;038944411;060;12.833,10
Ossigeno;OSSIGENO GAS CRIOGENICO 15.000 LT METRI CUBI SVOLTI 12833,10;OSSIGENO*gas med criogenico contenitore fisso 15.000 litri;6,55/m³;4,20/m³;-;SOL SpA;039132269;060;12.833,10
Ossigeno;OSSIGENO GAS CRIOGENICO 15.000 LT METRI CUBI SVOLTI 12833,10;OSSIGENO*gas med criogenico contenitore fisso 15.000 litri;6,55/m³;4,20/m³;-;LINDE MEDICALE Srl;039133234;060;12.833,10
Ossigeno;OSSIGENO GAS CRIOGENICO 2.000 LT METRI CUBI SVOLTI 1711,08;OSSIGENO*gas med criogenico contenitore fisso 2.000 litri;6,55/m³;4,20/m³;-;SAPIO PRODUZ.IDROGENO OSSIGENO;038901548;061;1.711,08
Ossigeno;OSSIGENO GAS CRIOGENICO 2.000 LT METRI CUBI SVOLTI 1711,08;OSSIGENO*gas med criogenico contenitore fisso 2.000 litri;6,55/m³;4,20/m³;-;S.I.A.D. SpA;038943522;061;1.711,08
Ossigeno;OSSIGENO GAS CRIOGENICO 2.000 LT METRI CUBI SVOLTI 1711,08;OSSIGENO*gas med criogenico contenitore fisso 2.000 litri;6,55/m³;4,20/m³;-;NIPPON GASES PHARMA Srl;038944474;061;1.711,08
Ossigeno;OSSIGENO GAS CRIOGENICO 2.000 LT METRI CUBI SVOLTI 1711,08;OSSIGENO*gas med criogenico contenitore fisso 2.000 litri;6,55/m³;4,20/m³;-;MEDICAIR ITALIA Srl;039110022;061;1.711,08
Ossigeno;OSSIGENO GAS CRIOGENICO 2.000 LT METRI CUBI SVOLTI 1711,08;OSSIGENO*gas med criogenico contenitore fisso 2.000 litri;6,55/m³;4,20/m³;-;SICO SpA;039134491;061;1.711,08
Ossigeno;OSSIGENO GAS CRIOGENICO 2.000 LT METRI CUBI SVOLTI 1711,08;OSSIGENO*gas med criogenico contenitore fisso 2.000 litri;6,55/m³;4,20/m³;-;CER MEDICAL Srl;039150418;061;1.711,08
Ossigeno;OSSIGENO GAS CRIOGENICO 2.500 LT METRI CUBI SVOLTI 2138,85;OSSIGENO*gas med criogenico contenitore fisso 2.500 litri;6,55/m³;4,20/m³;-;SAPIO PRODUZ.IDROGENO OSSIGENO;038901625;062;2.138,85
Ossigeno;OSSIGENO GAS CRIOGENICO 20.000 LT METRI CUBI SVOLTI 17110,80;OSSIGENO*gas med criogenico contenitore fisso 20.000 litri;6,55/m³;4,20/m³;-;SAPIO PRODUZ.IDROGENO OSSIGENO;038901587;063;17.110,80
Ossigeno;OSSIGENO GAS CRIOGENICO 20.000 LT METRI CUBI SVOLTI 17110,80;OSSIGENO*gas med criogenico contenitore fisso 20.000 litri;6,55/m³;4,20/m³;-;S.I.A.D. SpA;038943597;063;17.110,80
Ossigeno;OSSIGENO GAS CRIOGENICO 20.000 LT METRI CUBI SVOLTI 17110,80;OSSIGENO*gas med criogenico contenitore fisso 20.000 litri;6,55/m³;4,20/m³;-;NIPPON GASES PHARMA Srl;038944423;063;17.110,80
Ossigeno;OSSIGENO GAS CRIOGENICO 20.000 LT METRI CUBI SVOLTI 17110,80;OSSIGENO*gas med criogenico contenitore fisso 20.000 litri;6,55/m³;4,20/m³;-;MEDICAIR ITALIA Srl;039110061;063;17.110,80
Ossigeno;OSSIGENO GAS CRIOGENICO 20.000 LT METRI CUBI SVOLTI 17110,80;OSSIGENO*gas med criogenico contenitore fisso 20.000 litri;6,55/m³;4,20/m³;-;SOL SpA;039132271;063;17.110,80
Ossigeno;OSSIGENO GAS CRIOGENICO 20.000 LT METRI CUBI SVOLTI 17110,80;OSSIGENO*gas med criogenico contenitore fisso 20.000 litri;6,55/m³;4,20/m³;-;LINDE MEDICALE Srl;039133246;063;17.110,80
Ossigeno;OSSIGENO GAS CRIOGENICO 20.000 LT METRI CUBI SVOLTI 17110,80;OSSIGENO*gas med criogenico contenitore fisso 20.000 litri;6,55/m³;4,20/m³;-;SICO SpA;039134287;063;17.110,80
Ossigeno;OSSIGENO GAS CRIOGENICO 21.000 LT METRI CUBI SVOLTI 17966,34;OSSIGENO*gas med criogenico contenitore fisso 21.000 litri;6,55/m³;4,20/m³;-;AIR LIQUIDE ITALIA GAS E S.Srl;038904761;064;17.966,34
Ossigeno;OSSIGENO GAS CRIOGENICO 3.000 LT METRI CUBI SVOLTI 2566,62;OSSIGENO*gas med criogenico contenitore fisso 3.000 litri;6,55/m³;4,20/m³;-;SAPIO PRODUZ.IDROGENO OSSIGENO;038901551;065;2.566,62
Ossigeno;OSSIGENO GAS CRIOGENICO 3.000 LT METRI CUBI SVOLTI 2566,62;OSSIGENO*gas med criogenico contenitore fisso 3.000 litri;6,55/m³;4,20/m³;-;AIR LIQUIDE ITALIA GAS E S.Srl;038904708;065;2.566,62
Ossigeno;OSSIGENO GAS CRIOGENICO 3.000 LT METRI CUBI SVOLTI 2566,62;OSSIGENO*gas med criogenico contenitore fisso 3.000 litri;6,55/m³;4,20/m³;-;CONSORZIO ITALIANO OSSIGENO;038907313;065;2.566,62
Ossigeno;OSSIGENO GAS CRIOGENICO 3.000 LT METRI CUBI SVOLTI 2566,62;OSSIGENO*gas med criogenico contenitore fisso 3.000 litri;6,55/m³;4,20/m³;-;S.I.A.D. SpA;038943534;065;2.566,62
Ossigeno;OSSIGENO GAS CRIOGENICO 3.000 LT METRI CUBI SVOLTI 2566,62;OSSIGENO*gas med criogenico contenitore fisso 3.000 litri;6,55/m³;4,20/m³;-;NIPPON GASES PHARMA Srl;038944385;065;2.566,62
Ossigeno;OSSIGENO GAS CRIOGENICO 3.000 LT METRI CUBI SVOLTI 2566,62;OSSIGENO*gas med criogenico contenitore fisso 3.000 litri;6,55/m³;4,20/m³;-;MEDICAIR ITALIA Srl;039110034;065;2.566,62
Ossigeno;OSSIGENO GAS CRIOGENICO 3.000 LT METRI CUBI SVOLTI 2566,62;OSSIGENO*gas med criogenico contenitore fisso 3.000 litri;6,55/m³;4,20/m³;-;SOL SpA;039132232;065;2.566,62
Ossigeno;OSSIGENO GAS CRIOGENICO 3.000 LT METRI CUBI SVOLTI 2566,62;OSSIGENO*gas med criogenico contenitore fisso 3.000 litri;6,55/m³;4,20/m³;-;LINDE MEDICALE Srl;039133208;065;2.566,62
Ossigeno;OSSIGENO GAS CRIOGENICO 3.000 LT METRI CUBI SVOLTI 2566,62;OSSIGENO*gas med criogenico contenitore fisso 3.000 litri;6,55/m³;4,20/m³;-;SICO SpA;039134251;065;2.566,62
Ossigeno;OSSIGENO GAS CRIOGENICO 3.000 LT METRI CUBI SVOLTI 2566,62;OSSIGENO*gas med criogenico contenitore fisso 3.000 litri;6,55/m³;4,20/m³;-;CER MEDICAL Srl;039150420;065;2.566,62
Ossigeno;OSSIGENO GAS CRIOGENICO 30.000 LT METRI CUBI SVOLTI 25666,20;OSSIGENO*gas med criogenico contenitore fisso 30.000 litri;6,55/m³;4,20/m³;-;AIR LIQUIDE ITALIA GAS E S.Srl;038904773;067;25.666,20
Ossigeno;OSSIGENO GAS CRIOGENICO 30.000 LT METRI CUBI SVOLTI 25666,20;OSSIGENO*gas med criogenico contenitore fisso 30.000 litri;6,55/m³;4,20/m³;-;S.I.A.D. SpA;038943609;067;25.666,20
Ossigeno;OSSIGENO GAS CRIOGENICO 30.000 LT METRI CUBI SVOLTI 25666,20;OSSIGENO*gas med criogenico contenitore fisso 30.000 litri;6,55/m³;4,20/m³;-;MEDICAIR ITALIA Srl;039110073;067;25.666,20
Ossigeno;OSSIGENO GAS CRIOGENICO 30.000 LT METRI CUBI SVOLTI 25666,20;OSSIGENO*gas med criogenico contenitore fisso 30.000 litri;6,55/m³;4,20/m³;-;SOL SpA;039132283;067;25.666,20
Ossigeno;OSSIGENO GAS CRIOGENICO 30.000 LT METRI CUBI SVOLTI 25666,20;OSSIGENO*gas med criogenico contenitore fisso 30.000 litri;6,55;4,20;-;LINDE MEDICALE Srl;039133400;067;25.666,20
Ossigeno;OSSIGENO GAS CRIOGENICO 35.000 LT METRI CUBI SVOLTI 29943,90;OSSIGENO*gas med criogenico contenitore fisso 35.000 litri;6,55/m³;4,20/m³;-;AIR LIQUIDE ITALIA GAS E S.Srl;038904898;068;29.943,90
Ossigeno;OSSIGENO GAS CRIOGENICO 4.000 LT METRI CUBI SVOLTI 3422,16;OSSIGENO*gas med criogenico contenitore fisso 4.000 litri;6,55/m³;4,20/m³;-;SAPIO PRODUZ.IDROGENO OSSIGENO;038901613;069;3.422,16
Ossigeno;OSSIGENO GAS CRIOGENICO 4.000 LT METRI CUBI SVOLTI 3422,16;OSSIGENO*gas med criogenico contenitore fisso 4.000 litri;6,55/m³;4,20/m³;-;AIR LIQUIDE ITALIA GAS E S.Srl;038904710;069;3.422,16
Ossigeno;OSSIGENO GAS CRIOGENICO 4.000 LT METRI CUBI SVOLTI 3422,16;OSSIGENO*gas med criogenico contenitore fisso 4.000 litri;6,55/m³;4,20/m³;-;CER MEDICAL Srl;039150432;069;3.422,16
Ossigeno;OSSIGENO GAS CRIOGENICO 5.000 LT METRI CUBI SVOLTI 4277,70;OSSIGENO*gas med criogenico contenitore fisso 5.000 litri;6,55/m³;4,20/m³;-;SAPIO PRODUZ.IDROGENO OSSIGENO;038901563;070;4.277,70
Ossigeno;OSSIGENO GAS CRIOGENICO 5.000 LT METRI CUBI SVOLTI 4277,70;OSSIGENO*gas med criogenico contenitore fisso 5.000 litri;6,55/m³;4,20/m³;-;AIR LIQUIDE ITALIA GAS E S.Srl;038904722;070;4.277,70
Ossigeno;OSSIGENO GAS CRIOGENICO 5.000 LT METRI CUBI SVOLTI 4277,70;OSSIGENO*gas med criogenico contenitore fisso 5.000 litri;6,55/m³;4,20/m³;-;CONSORZIO ITALIANO OSSIGENO;038907325;070;4.277,70
Ossigeno;OSSIGENO GAS CRIOGENICO 5.000 LT METRI CUBI SVOLTI 4277,70;OSSIGENO*gas med criogenico contenitore fisso 5.000 litri;6,55/m³;4,20/m³;-;S.I.A.D. SpA;038943546;070;4.277,70
Ossigeno;OSSIGENO GAS CRIOGENICO 5.000 LT METRI CUBI SVOLTI 4277,70;OSSIGENO*gas med criogenico contenitore fisso 5.000 litri;6,55/m³;4,20/m³;-;NIPPON GASES PHARMA Srl;038944397;070;4.277,70
Ossigeno;OSSIGENO GAS CRIOGENICO 5.000 LT METRI CUBI SVOLTI 4277,70;OSSIGENO*gas med criogenico contenitore fisso 5.000 litri;6,55/m³;4,20/m³;-;MEDICAIR ITALIA Srl;039110046;070;4.277,70
Ossigeno;OSSIGENO GAS CRIOGENICO 5.000 LT METRI CUBI SVOLTI 4277,70;OSSIGENO*gas med criogenico contenitore fisso 5.000 litri;6,55/m³;4,20/m³;-;SOL SpA;039132244;070;4.277,70
Ossigeno;OSSIGENO GAS CRIOGENICO 5.000 LT METRI CUBI SVOLTI 4277,70;OSSIGENO*gas med criogenico contenitore fisso 5.000 litri;6,55/m³;4,20/m³;-;LINDE MEDICALE Srl;039133210;070;4.277,70
Ossigeno;OSSIGENO GAS CRIOGENICO 5.000 LT METRI CUBI SVOLTI 4277,70;OSSIGENO*gas med criogenico contenitore fisso 5.000 litri;6,55/m³;4,20/m³;-;SICO SpA;039134263;070;4.277,70
Ossigeno;OSSIGENO GAS CRIOGENICO 5.000 LT METRI CUBI SVOLTI 4277,70;OSSIGENO*gas med criogenico contenitore fisso 5.000 litri;6,55/m³;4,20/m³;-;CER MEDICAL Srl;039150444;070;4.277,70
Ossigeno;OSSIGENO GAS CRIOGENICO 6.000 LT METRI CUBI SVOLTI 5133,24;OSSIGENO*gas med criogenico contenitore fisso 6.000 litri;6,55/m³;4,20/m³;-;SAPIO PRODUZ.IDROGENO OSSIGENO;038901649;072;5.133,24
Ossigeno;OSSIGENO GAS CRIOGENICO 6.000 LT METRI CUBI SVOLTI 5133,24;OSSIGENO*gas med criogenico contenitore fisso 6.000 litri;6,55/m³;4,20/m³;-;AIR LIQUIDE ITALIA GAS E S.Srl;038904734;072;5.133,24
Ossigeno;OSSIGENO GAS CRIOGENICO 6.000 LT METRI CUBI SVOLTI 5133,24;OSSIGENO*gas med criogenico contenitore fisso 6.000 litri;6,55/m³;4,20/m³;-;S.I.A.D. SpA;038943559;072;5.133,24
Ossigeno;OSSIGENO GAS CRIOGENICO 6.000 LT METRI CUBI SVOLTI 5133,24;OSSIGENO*gas med criogenico contenitore fisso 6.000 litri;6,55/m³;4,20/m³;-;SICO SpA;039134503;072;5.133,24
Ossigeno;OSSIGENO GAS CRIOGENICO 6.000 LT METRI CUBI SVOLTI 5133,24;OSSIGENO*gas med criogenico contenitore fisso 6.000 litri;6,55/m³;4,20/m³;-;VOXISUD Srl;039160179;072;5.133,24
Ossigeno;OSSIGENO GAS CRIOGENICO 800 LT METRI CUBI SVOLTI 684,43;OSSIGENO*gas med criogenico contenitore fisso 800 litri;6,55/m³;4,20/m³;-;AIR LIQUIDE ITALIA GAS E S.Srl;038904660;073;684,43
Ossigeno;OSSIGENO GAS CRIOGENICO 800 LT METRI CUBI SVOLTI 684,43;OSSIGENO*gas med criogenico contenitore fisso 800 litri;6,55/m³;4,20/m³;-;S.I.A.D. SpA;038943508;073;684,43
Ossigeno;OSSIGENO GAS CRIOGENICO 2.000 LT METRI CUBI SVOLTI 1711,08;OSSIGENO*gas med criogenico contenitore fisso litri 2.000 svolti 1711080;6,55;4,20;-;VOXISUD Srl;039160268;061;1.711,08
Ossigeno;OSSIGENO GAS CRIOGENICO 3.000 LT METRI CUBI SVOLTI 2566,62;OSSIGENO*gas med criogenico contenitore fisso litri 3.000 svolti 2566620;6,55;4,20;-;VOXISUD Srl;039160256;065;2.566,62
Ustekinumab;USTEKINUMAB 130MG 26ML 1 UNITA' USO PARENTERALE;OTULFI*1 flaconcino EV 130 mg 26 ml;2815,14;1705,73;-;FRESENIUS KABI DEUTSCH.GMBH;051529030;KOD;
Ustekinumab;USTEKINUMAB 45MG 0,5ML 1 UNITA' USO PARENTERALE;OTULFI*1 siringa SC 45 mg 0,5 ml;2815,14;1705,73;-;FRESENIUS KABI DEUTSCH.GMBH;051529016;BOS;
Ustekinumab;USTEKINUMAB 90MG 1ML 1 UNITA' USO PARENTERALE;OTULFI*1 siringa SC 90 mg 1 ml;2815,14;1705,73;-;FRESENIUS KABI DEUTSCH.GMBH;051529028;BOT;
Oxaliplatino;OXALIPLATINO 100MG 20ML 1 UNITA' USO PARENTERALE;OXALIPLATINO KABI*1 flaconcino EV 100 mg 20 ml 5 mg/ml;407,23;246,74;;FRESENIUS KABI ITALIA Srl;039170028;BGP;
Oxaliplatino;OXALIPLATINO 150MG 30ML 1 UNITA' USO PARENTERALE;OXALIPLATINO*1 flaconcino 150 mg/30 ml;610,84;370,12;-;SANDOZ SpA;040654067;BGQ;
Oxaliplatino;OXALIPLATINO 100MG 20ML 1 UNITA' USO PARENTERALE;OXALIPLATINO*1 flaconcino EV 100 mg 20 ml 5 mg/ml;407,23;246,74;-;TEVA ITALIA Srl;038107037;BGP;
Oxaliplatino;OXALIPLATINO 100MG 20ML 1 UNITA' USO PARENTERALE;OXALIPLATINO*1 flaconcino EV 100 mg 20 ml 5 mg/ml;407,23;246,74;-;SANDOZ SpA;040654042;BGP;
Oxaliplatino;OXALIPLATINO 100MG 20ML 1 UNITA' USO PARENTERALE;OXALIPLATINO*1 flaconcino EV 100 mg 20 ml 5 mg/ml;407,23;246,74;-;EUGIA PHARMA (MALTA) LIMITED;050405024;BGP;
Oxaliplatino;OXALIPLATINO 100MG 20ML 1 UNITA' USO PARENTERALE;OXALIPLATINO*1 flaconcino EV 100 mg/20 ml 5 mg/ml;407,23;246,74;-;SUN PHARMA FRANCE;041761038;BGP;
Oxaliplatino;OXALIPLATINO 200MG 40ML 1 UNITA' USO PARENTERALE;OXALIPLATINO*1 flaconcino EV 200 mg 40 ml 5 mg/ml;570,12;345,45;-;TEVA ITALIA Srl;038107076;BGR;
Oxaliplatino;OXALIPLATINO 200MG 40ML 1 UNITA' USO PARENTERALE;OXALIPLATINO*1 flaconcino EV 200 mg 40 ml 5 mg/ml;570,12;345,45;;FRESENIUS KABI ITALIA Srl;039170030;BGR;
Oxaliplatino;OXALIPLATINO 200MG 40ML 1 UNITA' USO PARENTERALE;OXALIPLATINO*1 flaconcino EV 200 mg 40 ml 5 mg/ml;570,12;345,45;-;SANDOZ SpA;040654055;BGR;
Oxaliplatino;OXALIPLATINO 200MG 40ML 1 UNITA' USO PARENTERALE;OXALIPLATINO*1 flaconcino EV 200 mg 40 ml 5 mg/ml;570,12;345,45;-;EUGIA PHARMA (MALTA) LIMITED;050405036;BGR;
Oxaliplatino;OXALIPLATINO 200MG 40ML 1 UNITA' USO PARENTERALE;OXALIPLATINO*1 flaconcino EV 200 mg/40 ml 5 mg/ml;570,12;345,45;-;SUN PHARMA FRANCE;041761053;BGR;
Oxaliplatino;OXALIPLATINO 50MG 10ML 1 UNITA' USO PARENTERALE;OXALIPLATINO*1 flaconcino EV 5 mg/ml 10 ml;203,67;123,41;-;ACCORD HEALTHCARE SLU;041274010;BGS;
Oxaliplatino;OXALIPLATINO 50MG 10ML 1 UNITA' USO PARENTERALE;OXALIPLATINO*1 flaconcino EV 5 mg/ml 10 ml;203,67;123,41;-;HIKMA FARMACEUTICA S.A.;049146018;BGS;
Oxaliplatino;OXALIPLATINO 100MG 20ML 1 UNITA' USO PARENTERALE;OXALIPLATINO*1 flaconcino EV 5 mg/ml 20 ml;407,23;246,74;-;ACCORD HEALTHCARE SLU;041274022;BGP;
Oxaliplatino;OXALIPLATINO 100MG 20ML 1 UNITA' USO PARENTERALE;OXALIPLATINO*1 flaconcino EV 5 mg/ml 20 ml;407,23;246,74;-;HIKMA FARMACEUTICA S.A.;049146020;BGP;
Oxaliplatino;OXALIPLATINO 200MG 40ML 1 UNITA' USO PARENTERALE;OXALIPLATINO*1 flaconcino EV 5 mg/ml 40 ml;570,12;345,45;-;ACCORD HEALTHCARE SLU;041274034;BGR;
Oxaliplatino;OXALIPLATINO 200MG 40ML 1 UNITA' USO PARENTERALE;OXALIPLATINO*1 flaconcino EV 5 mg/ml 40 ml;570,12;345,45;-;HIKMA FARMACEUTICA S.A.;049146032;BGR;
Oxaliplatino;OXALIPLATINO 50MG 10ML 1 UNITA' USO PARENTERALE;OXALIPLATINO*1 flaconcino EV 50 mg 10 ml;203,67;123,41;-;SUN PHARMA FRANCE;041761014;BGS;
Oxaliplatino;OXALIPLATINO 50MG 10ML 1 UNITA' USO PARENTERALE;OXALIPLATINO*1 flaconcino EV 50 mg 10 ml 5 mg/ml;203,67;123,41;-;TEVA ITALIA Srl;038107025;BGS;
Oxaliplatino;OXALIPLATINO 50MG 10ML 1 UNITA' USO PARENTERALE;OXALIPLATINO*1 flaconcino EV 50 mg 10 ml 5 mg/ml;203,67;123,41;;FRESENIUS KABI ITALIA Srl;039170016;BGS;
Oxaliplatino;OXALIPLATINO 50MG 10ML 1 UNITA' USO PARENTERALE;OXALIPLATINO*1 flaconcino EV 50 mg 10 ml 5 mg/ml;203,67;123,41;-;EUGIA PHARMA (MALTA) LIMITED;050405012;BGS;
Oxaliplatino;OXALIPLATINO 50MG 10ML 1 UNITA' USO PARENTERALE;OXALIPLATINO*1 flaconcino EV 50 mg/10 ml;203,67;123,41;-;SANDOZ SpA;040654016;BGS;
Lumasiran;LUMASIRAN 0,5 ML 94,5MG 1 UNITA' USO PARENTERALE;OXLUMO*1 flaconcino SC 94,5 mg 0,5 ml;101142,22;61283,46;-;ALNYLAM NETHERLANDS B.V.;049177013;LVI;
Ossigeno;OSSIGENO GAS COMPRESSO 16 UNITA' 200 BAR 40 LT METRI CUBI SVOLTI 140,8;OXO*200 bar gas med compresso pacco bomb 16 bomb 40 litri;1361,54;872,96;-;EURO OSSIGENO Srl;038960050;043;140,80
Ossigeno;OSSIGENO GAS COMPRESSO 16 UNITA' 200 BAR 50 LT METRI CUBI SVOLTI 176;OXO*200 bar gas med compresso pacco bomb 16 bomb 50 litri;1701,92;1091,20;-;EURO OSSIGENO Srl;038960062;044;176,00
Bevacizumab;BEVACIZUMAB 400MG 16ML 1 UNITA' USO PARENTERALE;OYAVAS*1 flaconcino EV 16 ml 25 mg/ml;1535,96;930,66;-;STADA ARZNEIMITTEL AG;049431024;AGG;
Bevacizumab;BEVACIZUMAB 100MG 4ML 1 UNITA' USO PARENTERALE;OYAVAS*1 flaconcino EV 4 ml 25 mg/ml;383,51;232,38;-;STADA ARZNEIMITTEL AG;049431012;AGF;
Midazolam;MIDAZOLAM 2MG/ML 10 UNITA' USO ORALE;OZASED*orale soluz 10 fiale 2 mg/ml 10 cannucce 10 applicatori orali;198,10;120,03;-;ISTITUTO GENTILI Srl;045516034;LDI;
Desametasone;DESAMETASONE 700MCG 1 UNITA' USO INTRAVITREALE;OZURDEX*impianto intravitreale 700 mcg + applicatore;1555,03;942,21;-;ABBVIE DEUTSCHLAND GmbH&CO.KG;040138012;AKR;
Paclitaxel;PACLITAXEL 100MG 16,7ML 1 UNITA' USO PARENTERALE;PACLITAXEL*1 flaconcino EV 100 mg 16,7 ml;418,15;253,37;-;TEVA ITALIA Srl;037112024;BGU;
Paclitaxel;PACLITAXEL 100MG 16,7ML 1 UNITA' USO PARENTERALE;PACLITAXEL*1 flaconcino EV 100 mg 16,7 ml;418,15;253,37;-;FRESENIUS KABI ITALIA Srl;039405030;BGU;
Paclitaxel;PACLITAXEL 100MG 16,7ML 1 UNITA' USO PARENTERALE;PACLITAXEL*1 flaconcino EV 100 mg 16,7 ml 6 mg/ml;418,15;253,37;-;SANDOZ SpA;037807029;BGU;
Paclitaxel;PACLITAXEL 100MG 16,7ML 1 UNITA' USO PARENTERALE;PACLITAXEL*1 flaconcino EV 100 mg 16,7 ml 6 mg/ml;418,15;253,37;-;EUGIA PHARMA (MALTA) LIMITED;038720025;BGU;
Paclitaxel;PACLITAXEL 100MG 16,7ML 1 UNITA' USO PARENTERALE;PACLITAXEL*1 flaconcino EV 100 mg 16,7 ml 6 mg/ml;418,15;253,37;-;ACCORD HEALTHCARE SLU;040573026;BGU;
Paclitaxel;PACLITAXEL 150MG 25ML 1 UNITA' USO PARENTERALE;PACLITAXEL*1 flaconcino EV 150 mg 25 ml;627,26;380,06;-;TEVA ITALIA Srl;037112051;BGW;
Paclitaxel;PACLITAXEL 150MG 25ML 1 UNITA' USO PARENTERALE;PACLITAXEL*1 flaconcino EV 150 mg 25 ml 6 mg/ml;627,26;380,06;-;SANDOZ SpA;037807031;BGW;
Paclitaxel;PACLITAXEL 150MG 25ML 1 UNITA' USO PARENTERALE;PACLITAXEL*1 flaconcino EV 150 mg 25 ml 6 mg/ml;627,26;380,06;-;EUGIA PHARMA (MALTA) LIMITED;038720037;BGW;
Paclitaxel;PACLITAXEL 150MG 25ML 1 UNITA' USO PARENTERALE;PACLITAXEL*1 flaconcino EV 150 mg 25 ml 6 mg/ml;627,26;380,06;-;ACCORD HEALTHCARE SLU;040573040;BGW;
Paclitaxel;PACLITAXEL 30MG 5ML 1 UNITA' USO PARENTERALE;PACLITAXEL*1 flaconcino EV 30 mg 5 ml;125,46;76,02;-;TEVA ITALIA Srl;037112012;BGY;
Paclitaxel;PACLITAXEL 30MG 5ML 1 UNITA' USO PARENTERALE;PACLITAXEL*1 flaconcino EV 30 mg 5 ml 6 mg/ml;125,46;76,02;-;EUGIA PHARMA (MALTA) LIMITED;038720013;BGY;
Paclitaxel;PACLITAXEL 30MG 5ML 1 UNITA' USO PARENTERALE;PACLITAXEL*1 flaconcino EV 30 mg 5 ml 6 mg/ml;125,46;76,02;-;FRESENIUS KABI ITALIA Srl;039405016;BGY;
Paclitaxel;PACLITAXEL 30MG 5ML 1 UNITA' USO PARENTERALE;PACLITAXEL*1 flaconcino EV 30 mg 5 ml 6 mg/ml;125,46;76,02;-;ACCORD HEALTHCARE SLU;040573014;BGY;
Paclitaxel;PACLITAXEL 300MG 50ML 1 UNITA' USO PARENTERALE;PACLITAXEL*1 flaconcino EV 300 mg 50 ml;1254,50;760,12;-;TEVA ITALIA Srl;037112036;BGX;
Paclitaxel;PACLITAXEL 300MG 50ML 1 UNITA' USO PARENTERALE;PACLITAXEL*1 flaconcino EV 300 mg 50 ml 6 mg/ml;1254,50;760,12;-;SANDOZ SpA;037807043;BGX;
Paclitaxel;PACLITAXEL 300MG 50ML 1 UNITA' USO PARENTERALE;PACLITAXEL*1 flaconcino EV 300 mg 50 ml 6 mg/ml;1254,50;760,12;-;EUGIA PHARMA (MALTA) LIMITED;038720049;BGX;
Paclitaxel;PACLITAXEL 300MG 50ML 1 UNITA' USO PARENTERALE;PACLITAXEL*1 flaconcino EV 300 mg 50 ml 6 mg/ml;1254,50;760,12;-;FRESENIUS KABI ITALIA Srl;039405055;BGX;
Paclitaxel;PACLITAXEL 300MG 50ML 1 UNITA' USO PARENTERALE;PACLITAXEL*1 flaconcino EV 300 mg 50 ml 6 mg/ml;1254,50;760,12;-;ACCORD HEALTHCARE SLU;040573038;BGX;
Paclitaxel;PACLITAXEL 30MG 5ML 5 UNITA' USO PARENTERALE;PACLITAXEL*5 flaconcini EV 30 mg 5 ml 6 mg/ml;627,29;380,09;-;SANDOZ SpA;037807056;BGZ;
Enfortumab vedotin;ENFORTUMAB VEDOTIN 20MG 1 UNITA' USO PARENTERALE;PADCEV*1 flaconcino INFUS EV 20 mg polv;1265,31;766,67;-;ASTELLAS PHARMA EUROPE B.V.;050008010;MGD;
Enfortumab vedotin;ENFORTUMAB VEDOTIN 30MG 1 UNITA' USO PARENTERALE;PADCEV*1 flaconcino INFUS EV 30 mg polv;1897,97;1150,00;-;ASTELLAS PHARMA EUROPE B.V.;050008022;MGE;
Paliperidone;PALIPERIDONE 100MG 1 UNITA' USO PARENTERALE RP;PALIPERIDONE*1 siringa preriempita sosp iniett 100 mg rilascio prolungato + 2 aghi;344,37;208,66;-;TEVA ITALIA Srl;049537032;BHC;
Paliperidone;PALIPERIDONE 150MG 1 UNITA' USO PARENTERALE RP;PALIPERIDONE*1 siringa preriempita sosp iniett 150 mg rilascio prolungato + 2 aghi;430,46;260,82;-;TEVA ITALIA Srl;049537044;BHD;
Paliperidone;PALIPERIDONE 75MG 1 UNITA' USO PARENTERALE RP;PALIPERIDONE*1 siringa preriempita sosp iniett 75 mg rilascio prolungato + 2 aghi;275,50;166,92;-;TEVA ITALIA Srl;049537020;BHF;
Paliperidone;PALIPERIDONE 100MG 1 UNITA' USO PARENTERALE RP;PALMEUX*1 siringa preriempita IM 100 mg rilascio prolungato + 2 aghi;344,37;208,66;-;AMDIPHARM LTD;049737048;BHC;
Paliperidone;PALIPERIDONE 150MG 1 UNITA' USO PARENTERALE RP;PALMEUX*1 siringa preriempita IM 150 mg rilascio prolungato + 2 aghi;430,46;260,82;-;AMDIPHARM LTD;049737051;BHD;
Paliperidone;PALIPERIDONE 50MG 1 UNITA' USO PARENTERALE RP;PALMEUX*1 siringa preriempita IM 50 mg rilascio prolungato + 2 aghi;213,51;129,37;-;AMDIPHARM LTD;049737024;BHE;
Paliperidone;PALIPERIDONE 75MG 1 UNITA' USO PARENTERALE RP;PALMEUX*1 siringa preriempita IM 75 mg rilascio prolungato + 2 aghi;275,50;166,92;-;AMDIPHARM LTD;049737036;BHF;
Palonosetron;PALONOSETRON 250MCG 5ML 1 UNITA' USO PARENTERALE;PALONOSETRON*1 flaconcino EV 250 mcg 5 ml;85,79;51,98;-;DR. REDDY'S Srl;044110017;BHI;
Palonosetron;PALONOSETRON 250MCG 5ML 1 UNITA' USO PARENTERALE;PALONOSETRON*1 flaconcino EV 250 mcg 5 ml;85,79;51,98;-;ACCORD HEALTHCARE SLU;044886012;BHI;
Palonosetron;PALONOSETRON 250MCG 5ML 1 UNITA' USO PARENTERALE;PALONOSETRON*1 flaconcino EV 250 mcg 5 ml;85,79;51,98;-;AS KALCEKS;049726019;BHI;
Pegvaliase;PEGVALIASE 10MG 0,5ML 1 UNITA' USO PARENTERALE;PALYNZIQ*1 siringa SC 10 mg/0,5 ml;595,79;361,00;-;BIOMARIN INTERNATIONAL LIMITED;047940022;LED;
Pegvaliase;PEGVALIASE 2,5MG 0,5ML 1 UNITA' USO PARENTERALE;PALYNZIQ*1 siringa SC 2,5 mg/0,5 ml;595,79;361,00;-;BIOMARIN INTERNATIONAL LIMITED;047940010;LEE;
Pegvaliase;PEGVALIASE 20MG 1ML 1 UNITA' USO PARENTERALE;PALYNZIQ*1 siringa SC 20 mg/ml;595,79;361,00;-;BIOMARIN INTERNATIONAL LIMITED;047940034;LEF;
Pantoprazolo;PANTOPRAZOLO 40MG 10 UNITA' USO PARENTERALE;PANTOPRAZOLO ZENTIVA LAB*10 flaconcini EV 40 mg;42,18;25,55;-;ZENTIVA ITALIA Srl;049993025;HCH;
Pantoprazolo;PANTOPRAZOLO 40MG 1 UNITA' USO PARENTERALE;PANTOPRAZOLO*1 flaconcino EV soluz iniett polv 40 mg;4,92;2,98;-;SUN PHARMA ITALIA Srl;044465019;BHM;
Pantoprazolo;PANTOPRAZOLO 40MG 10 UNITA' USO PARENTERALE;PANTOPRAZOLO*10 flaconcini 40 mg;42,18;25,55;-;AS KALCEKS;050645035;HCH;
Pantoprazolo;PANTOPRAZOLO 40MG 10 UNITA' USO PARENTERALE;PANTOPRAZOLO*10 flaconcini EV soluz iniett polv 40 mg;42,18;25,55;-;SUN PHARMA ITALIA Srl;044465021;HCH;
Pantoprazolo;PANTOPRAZOLO 40MG 10 UNITA' USO PARENTERALE;PANTOPRAZOLO*10 flaconcini polv 40 mg;42,18;25,55;-;EUGIA PHARMA (MALTA) LIMITED;044812030;HCH;
Pantoprazolo;PANTOPRAZOLO 40MG 10 UNITA' USO PARENTERALE;PANTOPRAZOLO*10 flaconcini polv 40 mg;42,18;25,55;-;TILLOMED ITALIA Srl;050268034;HCH;
Pantoprazolo;PANTOPRAZOLO 40MG 10 UNITA' USO PARENTERALE;PANTOPRAZOLO*10 flaconi polv 40 mg;42,18;25,55;-;TEVA ITALIA Srl;041582038;HCH;
Pantoprazolo;PANTOPRAZOLO 40MG 10 UNITA' USO PARENTERALE;PANTOPRAZOLO*10 flaconi polv EV 40 mg;40,07;24,28;-;HIKMA FARMACEUTICA S.A.;047598038;HCH;
Pantoprazolo;PANTOPRAZOLO 40MG 50 UNITA' USO PARENTERALE;PANTOPRAZOLO*50 flaconcini 40 mg;199,81;121,03;-;AS KALCEKS;050645047;MXJ;
Pantoprazolo;PANTOPRAZOLO 40MG 1 UNITA' USO PARENTERALE;PANTORC*1 flaconcino liof EV 40 mg;8,45;5,12;-;TAKEDA ITALIA SpA;031981020;BHM;
Paclitaxel;PACLITAXEL 100MG 20ML 1 UNITA' USO PARENTERALE;PAZENIR*1 flaconcino EV polv 100 mg 5 mg/ml;249,24;151,02;-;RATIOPHARM GMBH;047855010;BGV;
Manganese cloruro tetraidrato/potassio ioduro/rame cloruro diidrato/sodio fluoruro/sodio selenito/zinco cloruro;MANGANESE+POTASSIO IODURO+RAME+SODIO FLORURO+ZINCO+SELENIO 10ML 10 UNITA' USO PARENTERALE;PEDITRACE*10 flaconcini EV 10 ml;73,92;33,60;-;FRESENIUS KABI ITALIA Srl;029284015;BDK;
Pemigatinib;PEMIGATINIB 13,5MG 14 UNITA' USO ORALE;PEMAZYRE*14 cpr 13,5 mg;11516,71;6978,13;-;INCYTE BIOSCIENCES DISTRIB BV;049316058;LYL;
Pemigatinib;PEMIGATINIB 4,5MG 14 UNITA' USO ORALE;PEMAZYRE*14 cpr 4,5 mg;11516,71;6978,13;-;INCYTE BIOSCIENCES DISTRIB BV;049316019;LYJ;
Pemigatinib;PEMIGATINIB 9MG 14 UNITA' USO ORALE;PEMAZYRE*14 cpr 9 mg;11516,71;6978,13;-;INCYTE BIOSCIENCES DISTRIB BV;049316033;LYK;
Pemetrexed;PEMETREXED 25MG/ML 20ML SOLUZIONE USO PARENTERALE;PEMETREXED*1 flaconcino EV 20 ml 25 mg/ml;1362,41;825,51;-;EG SpA;043723028;LLG;
Pemetrexed;PEMETREXED 25MG/ML 20ML SOLUZIONE USO PARENTERALE;PEMETREXED*1 flaconcino EV 20 ml 25 mg/ml;1362,41;825,51;-;FRESENIUS KABI DEUTSCH.GMBH;044927046;LLG;
Pemetrexed;PEMETREXED 25MG/ML 20ML SOLUZIONE USO PARENTERALE;PEMETREXED*1 flaconcino EV 20 ml 25 mg/ml;1362,41;825,51;-;MYLAN SpA;045526023;LLG;
Pemetrexed;PEMETREXED 25MG/ML 20ML SOLUZIONE USO PARENTERALE;PEMETREXED*1 flaconcino EV 20 ml 25 mg/ml;1362,41;825,51;-;SANDOZ B.V.;048052031;LLG;
Pemetrexed;PEMETREXED 25MG/ML 20ML SOLUZIONE USO PARENTERALE;PEMETREXED*1 flaconcino EV 20 ml 25 mg/ml;1362,41;825,51;-;EVER VALINJECT GMBH;049176023;LLG;
Pemetrexed;PEMETREXED 25MG/ML 4ML SOLUZIONE USO PARENTERALE;PEMETREXED*1 flaconcino EV 4 ml 25 mg/ml;272,48;165,10;-;EG SpA;043723016;LKY;
Pemetrexed;PEMETREXED 25MG/ML 4ML SOLUZIONE USO PARENTERALE;PEMETREXED*1 flaconcino EV 4 ml 25 mg/ml;272,48;165,10;-;FRESENIUS KABI DEUTSCH.GMBH;044927034;LKY;
Pemetrexed;PEMETREXED 25MG/ML 4ML SOLUZIONE USO PARENTERALE;PEMETREXED*1 flaconcino EV 4 ml 25 mg/ml;272,48;165,10;-;SANDOZ B.V.;048052017;LKY;
Pemetrexed;PEMETREXED 25MG/ML 4ML SOLUZIONE USO PARENTERALE;PEMETREXED*1 flaconcino EV 4 ml 25 mg/ml;272,48;165,10;-;EVER VALINJECT GMBH;049176011;LKY;
Pemetrexed;PEMETREXED 25MG/ML 40ML SOLUZIONE USO PARENTERALE;PEMETREXED*1 flaconcino EV 40 ml 25 mg/ml;2724,87;1651,03;-;EVER VALINJECT GMBH;049176035;LLH;
Pemetrexed;PEMETREXED 25MG/ML 20ML SOLUZIONE USO PARENTERALE;PEMETREXED*1 flaconcino EV 500 mg;1362,41;825,51;;EUGIA PHARMA (MALTA) LIMITED;050076025;LLG;
Pemetrexed;PEMETREXED 1000MG 1 UNITA' USO PARENTERALE;PEMETREXED*1 flaconcino polv soluz infus 1.000 mg;2724,87;1651,03;-;MEDAC GMBH;044567030;LNY;
Pemetrexed;PEMETREXED 100MG 1 UNITA' USO PARENTERALE;PEMETREXED*1 flaconcino polv soluz infus 100 mg;272,48;165,10;-;SUN PHARMACEUTICAL IND.EU.B.V.;044044016;BHR;
Pemetrexed;PEMETREXED 100MG 1 UNITA' USO PARENTERALE;PEMETREXED*1 flaconcino polv soluz infus 100 mg;272,48;165,10;-;MEDAC GMBH;044567016;BHR;
Pemetrexed;PEMETREXED 500MG 1 UNITA' USO PARENTERALE;PEMETREXED*1 flaconcino polv soluz infus 500 mg;1362,41;825,51;-;SUN PHARMACEUTICAL IND.EU.B.V.;044044028;BHS;
Pemetrexed;PEMETREXED 500MG 1 UNITA' USO PARENTERALE;PEMETREXED*1 flaconcino polv soluz infus 500 mg;1362,41;825,51;-;MEDAC GMBH;044567028;BHS;
Pemetrexed;PEMETREXED 500MG 1 UNITA' USO PARENTERALE;PEMETREXED*1 flaconcino soluz infus 20 ml 25 mg/ml;1362,41;825,51;-;ACCORD HEALTHCARE SLU;044697050;BHS;
Pemetrexed;PEMETREXED 100MG 1 UNITA' USO PARENTERALE;PEMETREXED*1 flaconcino soluz infus 4 ml 25 mg/ml;272,48;165,10;-;ACCORD HEALTHCARE SLU;044697047;BHR;
Pemetrexed;PEMETREXED 1000MG 1 UNITA' USO PARENTERALE;PEMETREXED*1 flaconcino soluz infus 40 ml 25 mg/ml;2724,87;1651,03;-;ACCORD HEALTHCARE SLU;044697074;LNY;
Melfalan flufenamide;MELFALAN FLUFENAMIDE 20MG 1 UNITA' USO PARENTERALE;PEPAXTI*INFUS EV 20 mg 1 flaconcino polv;8117,70;4918,63;-;ONCOPEPTIDES AB;050299015;NPT;
Enoximone;ENOXIMONE 100MG 20ML 5 UNITA' USO PARENTERALE;PERFAN*5 fiale EV 100 mg 20 ml;81,48;49,37;-;INCA-PHARM Srl;026958049;AMY;
Pertuzumab;PERTUZUMAB 30MG/ML 420MG 1 UNITA' USO PARENTERALE;PERJETA*1 flaconcino EV 420 mg 14 ml 30 mg/ml;4524,79;2741,63;-;ROCHE REGISTRATION GMBH;042682017;CYL;
Eparina sodica;EPARINA SODICA 25.000UI 1 UNITA' USO PARENTERALE;PHAREPA*1 flaconcino EV 25.000 UI 5 ml;7,00;4,25;-;PHARMATEX ITALIA Srl;034692018;78B;
Eparina sodica;EPARINA SODICA 25.000UI 10 UNITA' USO PARENTERALE;PHAREPA*10 fiale EV 25.000 UI 5 ml;75,96;46,03;-;PHARMATEX ITALIA Srl;034692020;AMZ;
Eparina sodica;EPARINA SODICA 25.000UI 5 UNITA' USO PARENTERALE;PHAREPA*5 flaconcini EV 25.000 UI 5 ml;37,97;23,01;-;PHARMATEX ITALIA Srl;034692044;ANE;
Melfalan;MELFALAN 200MG 40ML 1 UNITA' USO PARENTERALE;PHELINUN*1 flaconcino EV 200 mg + 1 flaconcino solv 40 ml;336,99;204,18;-;ADIENNE Srl S.U.;049241021;NAM;
Melfalan;MELFALAN 50MG 10ML 1 UNITA' USO PARENTERALE;PHELINUN*1 flaconcino EV 50 mg + 1 flaconcino solv 10 ml;84,25;51,04;-;ADIENNE Srl S.U.;049241019;BDO;
Pertuzumab/trastuzumab;PERTUZUMAB+TRASTUZUMAB 1200+600MG SOLUZIONE USO PARENTERALE;PHESGO*1 flaconcino SC 1.200 mg + 600 mg 15 ml;11980,68;7259,26;-;ROCHE REGISTRATION GMBH;049288018;LRS;
Pertuzumab/trastuzumab;PERTUZUMAB+TRATUZUMAB 600+600MG SOLUZIONE USO PARENTERALE;PHESGO*1 flaconcino SC 600 mg + 600 mg 10 ml;6093,97;3692,42;-;ROCHE REGISTRATION GMBH;049288020;LRT;
Doravirina;DORAVIRINA 100MG 30 UNITA' USO ORALE;PIFELTRO*30 cpr riv 100 mg flacone;804,33;487,35;-;MERCK SHARP & DOHME BV;047421019;KTG;
Piperacillina/tazobactam;PIPERACILLINA+TAZOBACTAM 4+0,5G 1 UNITA' USO PARENTERALE;PIPERACILLINA E TAZOBACTAM*1 flaconcino EV 4 g + 0,5 g;13,82;8,38;-;TEVA ITALIA Srl;037666029;BHZ;
Piperacillina/tazobactam;PIPERACILLINA+TAZOBACTAM 4+0,5G 1 UNITA' USO PARENTERALE;PIPERACILLINA E TAZOBACTAM*1 flaconcino EV 4 g + 0,5 g;13,82;8,38;-;IBIGEN Srl;038476038;BHZ;
Piperacillina/tazobactam;PIPERACILLINA+TAZOBACTAM 2+0,25G 10 UNITA' USO PARENTERALE;PIPERACILLINA E TAZOBACTAM*10 flaconcini EV 2 g + 0,25 g;60,37;36,58;-;IBIGEN Srl;038476026;HHP;
Piperacillina/tazobactam;PIPERACILLINA+TAZOBACTAM 2+0,25G 10 UNITA' USO PARENTERALE;PIPERACILLINA E TAZOBACTAM*10 flaconcini EV 2 g + 0,25 g;60,37;36,58;-;TILLOMED ITALIA Srl;050401025;HHP;
Piperacillina/tazobactam;PIPERACILLINA+TAZOBACTAM 4+0,5G 10 UNITA' USO PARENTERALE;PIPERACILLINA E TAZOBACTAM*10 flaconcini EV 4 g + 0,5 g;138,25;83,77;-;IBIGEN Srl;038476040;BIF;
Piperacillina/tazobactam;PIPERACILLINA+TAZOBACTAM 4+0,5G 10 UNITA' USO PARENTERALE;PIPERACILLINA E TAZOBACTAM*10 flaconcini EV 4 g + 0,5 g;138,25;83,77;-;TILLOMED ITALIA Srl;050401049;BIF;
Piperacillina/tazobactam;PIPERACILLINA+TAZOBACTAM 4+0,5G 10 UNITA' USO PARENTERALE;PIPERACILLINA E TAZOBACTAM*10 flaconcini EV 4 g + 500 mg;124,77;75,60;-;MYLAN SpA;037668035;BIF;
Piperacillina/tazobactam;PIPERACILLINA+TAZOBACTAM 4+0,5G 10 UNITA' USO PARENTERALE;PIPERACILLINA E TAZOBACTAM*10 flaconi EV 4 g + 500 mg;138,25;83,77;-;SANDOZ SpA;038717082;BIF;
Piperacillina/tazobactam;PIPERACILLINA+TAZOBACTAM 4+0,5G 1 UNITA' USO PARENTERALE;PIPERACILLINA TAZOBACTAM KALCEKS*1 flaconcino EV 4 g + 0,5 g;13,82;8,38;-;AS KALCEKS;050537036;BHZ;
Piperacillina/tazobactam;PIPERACILLINA+TAZOBACTAM 2+0,25G 10 UNITA' USO PARENTERALE;PIPERACILLINA TAZOBACTAM KALCEKS*10 flaconcini EV 2 g + 0,25 g;60,37;36,58;-;AS KALCEKS;050537024;HHP;
Piperacillina/tazobactam;PIPERACILLINA+TAZOBACTAM 4+0,5G 10 UNITA' USO PARENTERALE;PIPERACILLINA TAZOBACTAM KALCEKS*10 flaconcini EV 4 g + 0,5 g;124,77;75,60;-;AS KALCEKS;050537048;BIF;
Piperacillina/tazobactam;PIPERACILLINA+TAZOBACTAM 2+0,25G 10 UNITA' USO PARENTERALE;PIPERACILLINA TAZOBACTAM*10 flaconcini EV 2 g + 0,25 g;60,37;36,58;-;QILU PHARMA SPAIN S.L.;050562038;HHP;
Piperacillina/tazobactam;PIPERACILLINA+TAZOBACTAM 4+0,5G 10 UNITA' USO PARENTERALE;PIPERACILLINA TAZOBACTAM*10 flaconcini EV 4 g + 0,5 g;124,77;75,60;-;QILU PHARMA SPAIN S.L.;050562091;BIF;
Piperacillina/tazobactam;PIPERACILLINA+TAZOBACTAM 4+0,5G 10 UNITA' USO PARENTERALE;PIPERACILLINA TAZOBACTAM*10 flaconcini EV 50 ml 4 g + 500 mg;138,25;83,77;-;SANDOZ SpA;038717132;BIF;
Piperacillina/tazobactam;PIPERACILLINA+TAZOBACTAM 4+0,5G 12 UNITA' USO PARENTERALE;PIPERACILLINA TAZOBACTAM*12 flaconcini EV 4 g + 0,5 g;165,90;88,45;-;EUGIA PHARMA (MALTA) LIMITED;039786049;BIG;
Piperacillina;PIPERACILLINA 4.000MG 1 UNITA' USO PARENTERALE;PIPERACILLINA*1 fiala soluz iniett 4 g;12,27;5,58;-;K24 PHARMACEUTICALS Srl;033423031;BHX;
Piperacillina;PIPERACILLINA 4.000MG 1 UNITA' USO PARENTERALE;PIPERITAL*1 flaconcino EV 4 g;13,95;6,34;-;I.B.I.GIOVANNI LORENZINI SpA;028735037;BHX;
Piperacillina;PIPERACILLINA 2.000MG 10 UNITA' USO PARENTERALE;PIPERITAL*10 flaconcini 2 g polv iniett;41,88;25,37;-;I.B.I.GIOVANNI LORENZINI SpA;028735049;BHW;
Piperacillina;PIPERACILLINA 4.000MG 10 UNITA' USO PARENTERALE;PIPERTEX*10 fiale 4 g polv iniett;141,88;64,50;-;PHARMATEX ITALIA Srl;033958036;BHY;
Alpelisib;ALPELISIB 200MG 28 UNITA' USO ORALE;PIQRAY*28 cpr riv 200 mg;7149,53;4332,00;-;NOVARTIS EUROPHARM LTD;048918080;LID;
Alpelisib;ALPELISIB 50MG+ 200MG 28 UNITA' USO ORALE;PIQRAY*28 cpr riv 50 mg + 28 cpr riv 200 mg;7149,53;4332,00;-;NOVARTIS EUROPHARM LTD;048918054;LHZ;
Alpelisib;ALPELISIB 150MG 56 UNITA' USO ORALE;PIQRAY*56 cpr riv 150 mg;7149,53;4332,00;-;NOVARTIS EUROPHARM LTD;048918027;LIE;
Pirfenidone;PIRFENIDONE 267MG 252 UNITA' USO ORALE;PIRFENIDONE*252 cpr riv 267 mg;2521,48;1527,80;-;ZENTIVA ITALIA Srl;050042023;UWB;
Pirfenidone;PIRFENIDONE 267MG 252 UNITA' USO ORALE;PIRFENIDONE*252 cpr riv 267 mg;2521,48;1527,80;-;ACCORD HEALTHCARE SLU;050191129;UWB;
Pirfenidone;PIRFENIDONE 267MG 252 UNITA' USO ORALE;PIRFENIDONE*252 cpr riv 267 mg;2521,48;1527,80;-;VIATRIS LIMITED;050489032;UWB;
Pirfenidone;PIRFENIDONE 267MG 252 UNITA' USO ORALE;PIRFENIDONE*252 cpr riv 267 mg blister divisibile per dose unitaria;2521,48;1527,80;-;SANDOZ SpA;049638048;UWB;
Pirfenidone;PIRFENIDONE 267MG 252 UNITA' USO ORALE;PIRFENIDONE*3x84 cpr riv 267 mg;2521,48;1527,80;-;TEVA ITALIA Srl;050055045;UWB;
Pirfenidone;PIRFENIDONE 267MG 63 UNITA' USO ORALE;PIRFENIDONE*63 cpr 267 mg;630,37;381,95;-;AUROBINDO PHARMA ITALIA Srl;050764012;UWA;
Pirfenidone;PIRFENIDONE 267MG 63 UNITA' USO ORALE;PIRFENIDONE*63 cpr riv 267 mg;630,37;381,95;-;EG SpA;049504018;UWA;
Pirfenidone;PIRFENIDONE 267MG 63 UNITA' USO ORALE;PIRFENIDONE*63 cpr riv 267 mg;630,37;381,95;-;ZENTIVA ITALIA Srl;050042011;UWA;
Pirfenidone;PIRFENIDONE 267MG 63 UNITA' USO ORALE;PIRFENIDONE*63 cpr riv 267 mg;630,37;381,95;-;TEVA ITALIA Srl;050055033;UWA;
Pirfenidone;PIRFENIDONE 267MG 63 UNITA' USO ORALE;PIRFENIDONE*63 cpr riv 267 mg;630,37;381,95;-;DR. REDDY'S Srl;050095013;UWA;
Pirfenidone;PIRFENIDONE 267MG 63 UNITA' USO ORALE;PIRFENIDONE*63 cpr riv 267 mg;630,37;381,95;-;ACCORD HEALTHCARE SLU;050191105;UWA;
Pirfenidone;PIRFENIDONE 267MG 63 UNITA' USO ORALE;PIRFENIDONE*63 cpr riv 267 mg;630,37;381,95;-;VIATRIS LIMITED;050489018;UWA;
Pirfenidone;PIRFENIDONE 267MG 63 UNITA' USO ORALE;PIRFENIDONE*63 cpr riv 267 mg in blister divisibile per dose unitaria;630,37;381,95;-;SANDOZ SpA;049638036;UWA;
Pirfenidone;PIRFENIDONE 801MG 84 UNITA' USO ORALE;PIRFENIDONE*84 cpr 801 mg;2521,48;1527,80;-;AUROBINDO PHARMA ITALIA Srl;050764051;UWC;
Pirfenidone;PIRFENIDONE 801MG 84 UNITA' USO ORALE;PIRFENIDONE*84 cpr riv 801 mg;2521,48;1527,80;-;EG SpA;049504133;UWC;
Pirfenidone;PIRFENIDONE 801MG 84 UNITA' USO ORALE;PIRFENIDONE*84 cpr riv 801 mg;2521,48;1527,80;-;ZENTIVA ITALIA Srl;050042098;UWC;
Pirfenidone;PIRFENIDONE 801MG 84 UNITA' USO ORALE;PIRFENIDONE*84 cpr riv 801 mg;2521,48;1527,80;-;TEVA ITALIA Srl;050055096;UWC;
Pirfenidone;PIRFENIDONE 801MG 84 UNITA' USO ORALE;PIRFENIDONE*84 cpr riv 801 mg;2521,48;1527,80;-;DR. REDDY'S Srl;050095304;UWC;
Pirfenidone;PIRFENIDONE 801MG 84 UNITA' USO ORALE;PIRFENIDONE*84 cpr riv 801 mg;2521,48;1527,80;-;ACCORD HEALTHCARE SLU;050191143;UWC;
Pirfenidone;PIRFENIDONE 801MG 84 UNITA' USO ORALE;PIRFENIDONE*84 cpr riv 801 mg;2521,48;1527,80;-;VIATRIS LIMITED;050489119;UWC;
Pirfenidone;PIRFENIDONE 801MG 84 UNITA' USO ORALE;PIRFENIDONE*84 cpr riv 801 mg blister divisibile per dose unitaria;2521,48;1527,80;-;SANDOZ SpA;049638113;UWC;
Pixantrone;PIXANTRONE 29MG 1 UNITA' USO PARENTERALE;PIXUVRI*1 flaconcino polv EV 29 mg;1067,01;646,51;-;LES LABORATOIRES SERVIER;042463012;HGX;
Proteine Plasmatiche Umane;PROTEINE PLASMATICHE UMANE 200ML 1 UNITA' USO PARENTERALE;PLASMAGRADE*1 sacca EV 200 ml;-;-;75,00;KEDRION SpA;041868011;BIX;
Proteine Plasmatiche Umane;PROTEINE PLASMATICHE UMANE 200ML 1 UNITA' USO PARENTERALE;PLASMASAFE*1 sacca soluz infus 200 ml;-;-;75,00;KEDRION SpA;033369012;BIX;
Clopidogrel;CLOPIDOGREL 300MG 30 UNITA' USO ORALE;PLAVIX*30 cpr riv 300 mg;252,34;152,89;-;SANOFI WINTHROP INDUSTRIE;034128052;AJM;
Idrocortisone;IDROCORTISONE 20MG 50 UNITA' USO ORALE RM;PLENADREN*50 cpr 20 mg rilascio modificato flacone;676,23;409,74;-;TAKEDA PHARM.INT.AG IR.BRANCH;042487025;IWR;
Idrocortisone;IDROCORTISONE 5MG 50 UNITA' USO ORALE RM;PLENADREN*50 cpr 5 mg rilascio modificato flacone;406,63;246,38;-;TAKEDA PHARM.INT.AG IR.BRANCH;042487013;IWQ;
Plerixafor;PLERIXAFOR 24MG 1,2ML 1 UNITA' USO PARENTERALE;PLERIXAFOR*1 flaconcino SC 24 mg 20 mg/ml;6480,02;3926,33;-;MYLAN SpA;050931017;BIH;
Plerixafor;PLERIXAFOR 24MG 1,2ML 1 UNITA' USO PARENTERALE;PLERIXAFOR*1 flacone SC 24 mg 20 mg/ml;6480,02;3926,33;-;EUGIA PHARMA (MALTA) LIMITED;050448012;BIH;
Plerixafor;PLERIXAFOR 24MG 1,2ML 1 UNITA' USO PARENTERALE;PLERIXAFOR*1 flacone SC 24 mg 20 mg/ml;6480,02;3926,33;-;ACCORD HEALTHCARE SLU;050483015;BIH;
Plerixafor;PLERIXAFOR 24MG 1,2ML 1 UNITA' USO PARENTERALE;PLERIXAFOR*1 flacone SC 24 mg 20 mg/ml;6480,02;3926,33;-;SEACROSS PHARMA EUROPE LTD;050541010;BIH;
Plerixafor;PLERIXAFOR 24MG 1,2ML 1 UNITA' USO PARENTERALE;PLERIXAFOR*1 flacone SC 24 mg 20 mg/ml;6480,02;3926,33;-;TILLOMED ITALIA Srl;050593019;BIH;
Plerixafor;PLERIXAFOR 24MG 1,2ML 1 UNITA' USO PARENTERALE;PLERIXAFOR*1 flacone SC 24 mg 20 mg/ml;6480,02;3926,33;-;TEVA ITALIA Srl;050609015;BIH;
Immunoglobulina Umana Normale;IMMUNOGLOBULINA UMANA NORMALE 5G 100ML 1 UNITA' USO PARENTERALE;PLITAGAMMA*1 flaconcino EV 100 ml 50 mg/ml;-;252,00;-;INSTITUTO GRIFOLS S.A.;029249051;AVR;
Immunoglobulina Umana Normale;IMMUNOGLOBULINA UMANA NORMALE 10G 200ML 1 UNITA' USO PARENTERALE;PLITAGAMMA*1 flaconcino EV 200 ml 50 mg/ml;-;504,00;-;INSTITUTO GRIFOLS S.A.;029249063;AVC;
Immunoglobulina Umana Normale;IMMUNOGLOBULINA UMANA NORMALE 2,5G 50ML 1 UNITA' USO PARENTERALE;PLITAGAMMA*1 flaconcino EV 50 ml 50 mg/ml;-;126,00;-;INSTITUTO GRIFOLS S.A.;029249048;AVK;
Lutezio 177 vipivotide tetraxetan;LUTEZIO 177 VIPIVOTIDE TETRAXETAN 7400MBq SOLUZIONE USO PARENTERALE;PLUVICTO*1 flaconcino EV 1.000 MBq/ml 7,5 - 12,5 ml;33008,00;20000,00;-;NOVARTIS EUROPHARM LTD;050419011;NQR;
Polatuzumab vedotin;POLATUZUMAB VEDOTIN 140MG 1 UNITA' USO PARENTERALE;POLIVY*1 flaconcino polv EV 140 mg;19284,14;11684,53;-;ROCHE REGISTRATION GMBH;048443016;LGM;
Polatuzumab vedotin;POLATUZUMAB VEDOTIN 30MG 1 UNITA' USO PARENTERALE;POLIVY*1 flaconcino polv EV 30 mg;4132,32;2503,83;-;ROCHE REGISTRATION GMBH;048443028;LGN;
Pomalidomide;POMALIDOMIDE 1MG 14 UNITA' USO ORALE;POMALIDOMIDE*14 cps 1 mg;6520,58;3950,91;-;VIATRIS LIMITED;051116010;LEM;
Pomalidomide;POMALIDOMIDE 1MG 14 UNITA' USO ORALE;POMALIDOMIDE*14 cps 1 mg;6520,58;3950,91;;GLENMARK PHARMACEUTICALS S.R.O;051354037;LEM;
Pomalidomide;POMALIDOMIDE 1MG 14 UNITA' USO ORALE;POMALIDOMIDE*14 cps 1 mg;6520,58;3950,91;-;ACCORD HEALTHCARE SLU;051376059;LEM;
Pomalidomide;POMALIDOMIDE 2MG 14 UNITA' USO ORALE;POMALIDOMIDE*14 cps 2 mg;6520,58;3950,91;-;VIATRIS LIMITED;051116059;LEN;
Pomalidomide;POMALIDOMIDE 2MG 14 UNITA' USO ORALE;POMALIDOMIDE*14 cps 2 mg;6520,58;3950,91;;GLENMARK PHARMACEUTICALS S.R.O;051354076;LEN;
Pomalidomide;POMALIDOMIDE 2MG 14 UNITA' USO ORALE;POMALIDOMIDE*14 cps 2 mg;6520,58;3950,91;-;ACCORD HEALTHCARE SLU;051376111;LEN;
Pomalidomide;POMALIDOMIDE 3MG 14 UNITA' USO ORALE;POMALIDOMIDE*14 cps 3 mg;6520,58;3950,91;;GLENMARK PHARMACEUTICALS S.R.O;051354114;LEO;
Pomalidomide;POMALIDOMIDE 3MG 14 UNITA' USO ORALE;POMALIDOMIDE*14 cps 3 mg;6520,58;3950,91;-;ACCORD HEALTHCARE SLU;051376174;LEO;
Pomalidomide;POMALIDOMIDE 4MG 14 UNITA' USO ORALE;POMALIDOMIDE*14 cps 4 mg;6520,58;3950,91;;GLENMARK PHARMACEUTICALS S.R.O;051354153;LEP;
Pomalidomide;POMALIDOMIDE 4MG 14 UNITA' USO ORALE;POMALIDOMIDE*14 cps 4 mg;6520,58;3950,91;-;ACCORD HEALTHCARE SLU;051376236;LEP;
Pomalidomide;POMALIDOMIDE 1MG 21 UNITA' USO ORALE;POMALIDOMIDE*21 cps 1 mg;9780,88;5926,38;-;AS GRINDEKS;051079010;HAQ;
Pomalidomide;POMALIDOMIDE 1MG 21 UNITA' USO ORALE;POMALIDOMIDE*21 cps 1 mg;9780,88;5926,38;-;VIATRIS LIMITED;051116034;HAQ;
Pomalidomide;POMALIDOMIDE 1MG 21 UNITA' USO ORALE;POMALIDOMIDE*21 cps 1 mg;9780,88;5926,38;-;G.L. PHARMA GmbH;051339024;HAQ;
Pomalidomide;POMALIDOMIDE 1MG 21 UNITA' USO ORALE;POMALIDOMIDE*21 cps 1 mg;9780,88;5926,38;-;G.L. PHARMA GmbH;051339048;HAQ;
Pomalidomide;POMALIDOMIDE 1MG 21 UNITA' USO ORALE;POMALIDOMIDE*21 cps 1 mg;9780,88;5926,38;;GLENMARK PHARMACEUTICALS S.R.O;051354049;HAQ;
Pomalidomide;POMALIDOMIDE 1MG 21 UNITA' USO ORALE;POMALIDOMIDE*21 cps 1 mg;9780,88;5926,38;-;SANDOZ SpA;051356020;HAQ;
Pomalidomide;POMALIDOMIDE 1MG 21 UNITA' USO ORALE;POMALIDOMIDE*21 cps 1 mg;9780,88;5926,38;-;ZENTIVA K.S.;051363048;HAQ;
Pomalidomide;POMALIDOMIDE 1MG 21 UNITA' USO ORALE;POMALIDOMIDE*21 cps 1 mg;9780,88;5926,38;-;ACCORD HEALTHCARE SLU;051376061;HAQ;
Pomalidomide;POMALIDOMIDE 1MG 21 UNITA' USO ORALE;POMALIDOMIDE*21 cps 1 mg;9780,88;5926,38;-;TEVA GmbH;051750038;HAQ;
Pomalidomide;POMALIDOMIDE 2MG 21 UNITA' USO ORALE;POMALIDOMIDE*21 cps 2 mg;9780,88;5926,38;-;AS GRINDEKS;051079022;HJF;
Pomalidomide;POMALIDOMIDE 2MG 21 UNITA' USO ORALE;POMALIDOMIDE*21 cps 2 mg;9780,88;5926,38;-;VIATRIS LIMITED;051116073;HJF;
Pomalidomide;POMALIDOMIDE 2MG 21 UNITA' USO ORALE;POMALIDOMIDE*21 cps 2 mg;9780,88;5926,38;-;G.L. PHARMA GmbH;051339063;HJF;
Pomalidomide;POMALIDOMIDE 2MG 21 UNITA' USO ORALE;POMALIDOMIDE*21 cps 2 mg;9780,88;5926,38;-;G.L. PHARMA GmbH;051339087;HJF;
Pomalidomide;POMALIDOMIDE 2MG 21 UNITA' USO ORALE;POMALIDOMIDE*21 cps 2 mg;9780,88;5926,38;;GLENMARK PHARMACEUTICALS S.R.O;051354088;HJF;
Pomalidomide;POMALIDOMIDE 2MG 21 UNITA' USO ORALE;POMALIDOMIDE*21 cps 2 mg;9780,88;5926,38;-;SANDOZ SpA;051356069;HJF;
Pomalidomide;POMALIDOMIDE 2MG 21 UNITA' USO ORALE;POMALIDOMIDE*21 cps 2 mg;9780,88;5926,38;-;ZENTIVA K.S.;051363087;HJF;
Pomalidomide;POMALIDOMIDE 2MG 21 UNITA' USO ORALE;POMALIDOMIDE*21 cps 2 mg;9780,88;5926,38;-;ACCORD HEALTHCARE SLU;051376123;HJF;
Pomalidomide;POMALIDOMIDE 2MG 21 UNITA' USO ORALE;POMALIDOMIDE*21 cps 2 mg;9780,88;5926,38;-;TEVA GmbH;051750154;HJF;
Pomalidomide;POMALIDOMIDE 3MG 21 UNITA' USO ORALE;POMALIDOMIDE*21 cps 3 mg;9780,88;5926,38;-;AS GRINDEKS;051079034;HLW;
Pomalidomide;POMALIDOMIDE 3MG 21 UNITA' USO ORALE;POMALIDOMIDE*21 cps 3 mg;9780,88;5926,38;-;VIATRIS LIMITED;051116111;HLW;
Pomalidomide;POMALIDOMIDE 3MG 21 UNITA' USO ORALE;POMALIDOMIDE*21 cps 3 mg;9780,88;5926,38;-;G.L. PHARMA GmbH;051339101;HLW;
Pomalidomide;POMALIDOMIDE 3MG 21 UNITA' USO ORALE;POMALIDOMIDE*21 cps 3 mg;9780,88;5926,38;-;G.L. PHARMA GmbH;051339125;HLW;
Pomalidomide;POMALIDOMIDE 3MG 21 UNITA' USO ORALE;POMALIDOMIDE*21 cps 3 mg;9780,88;5926,38;;GLENMARK PHARMACEUTICALS S.R.O;051354126;HLW;
Pomalidomide;POMALIDOMIDE 3MG 21 UNITA' USO ORALE;POMALIDOMIDE*21 cps 3 mg;9780,88;5926,38;-;SANDOZ SpA;051356107;HLW;
Pomalidomide;POMALIDOMIDE 3MG 21 UNITA' USO ORALE;POMALIDOMIDE*21 cps 3 mg;9780,88;5926,38;-;ZENTIVA K.S.;051363125;HLW;
Pomalidomide;POMALIDOMIDE 3MG 21 UNITA' USO ORALE;POMALIDOMIDE*21 cps 3 mg;9780,88;5926,38;-;ACCORD HEALTHCARE SLU;051376186;HLW;
Pomalidomide;POMALIDOMIDE 3MG 21 UNITA' USO ORALE;POMALIDOMIDE*21 cps 3 mg;9780,88;5926,38;-;TEVA GmbH;051750279;HLW;
Pomalidomide;POMALIDOMIDE 4MG 21 UNITA' USO ORALE;POMALIDOMIDE*21 cps 4 mg;9780,88;5926,38;-;AS GRINDEKS;051079046;HNB;
Pomalidomide;POMALIDOMIDE 4MG 21 UNITA' USO ORALE;POMALIDOMIDE*21 cps 4 mg;9780,88;5926,38;-;VIATRIS LIMITED;051116150;HNB;
Pomalidomide;POMALIDOMIDE 4MG 21 UNITA' USO ORALE;POMALIDOMIDE*21 cps 4 mg;9780,88;5926,38;-;G.L. PHARMA GmbH;051339149;HNB;
Pomalidomide;POMALIDOMIDE 4MG 21 UNITA' USO ORALE;POMALIDOMIDE*21 cps 4 mg;9780,88;5926,38;-;G.L. PHARMA GmbH;051339164;HNB;
Pomalidomide;POMALIDOMIDE 4MG 21 UNITA' USO ORALE;POMALIDOMIDE*21 cps 4 mg;9780,88;5926,38;;GLENMARK PHARMACEUTICALS S.R.O;051354165;HNB;
Pomalidomide;POMALIDOMIDE 4MG 21 UNITA' USO ORALE;POMALIDOMIDE*21 cps 4 mg;9780,88;5926,38;-;SANDOZ SpA;051356145;HNB;
Pomalidomide;POMALIDOMIDE 4MG 21 UNITA' USO ORALE;POMALIDOMIDE*21 cps 4 mg;9780,88;5926,38;-;ZENTIVA K.S.;051363164;HNB;
Pomalidomide;POMALIDOMIDE 4MG 21 UNITA' USO ORALE;POMALIDOMIDE*21 cps 4 mg;9780,88;5926,38;-;ACCORD HEALTHCARE SLU;051376248;HNB;
Pomalidomide;POMALIDOMIDE 4MG 21 UNITA' USO ORALE;POMALIDOMIDE*21 cps 4 mg;9780,88;5926,38;-;TEVA GmbH;051750394;HNB;
Cipaglucosidasi alfa;CIPAGLUCOSIDASI ALFA 105MG 1 UNITA' USO PARENTERALE;POMBILITI*1 flaconcino infus EV 105 mg;1561,10;945,90;-;AMICUS THERAPEUTICS EUROPE LTD;050638016;NQW;
Mogamulizumab;MOGAMULIZUMAB 4MG/ML 5 ML SOLUZIONE USO PARENTERALE;POTELIGEO*1 flacone EV 4 mg/ml 5 ml;2180,61;1321,26;-;KYOWA KIRIN HOLDINGS B.V.;047420017;LFP;
Idarucizumab;IDARUCIZUMAB 2,5G 50ML 2 UNITA' USO PARENTERALE;PRAXBIND*2 flaconcini EV 2,5 g 50 ml;4115,69;2493,75;-;BOEHRINGER INGELHEIM INT.GMBH;044561013;FRZ;
Buprenorfina;BUPRENORFINA 2MG 28 UNITA' USO ORALE;PREKISAN*28 cpr sublinguali 2 mg;12,13;7,34;-;G.L. PHARMA GmbH;049020035;MND;
Buprenorfina;BUPRENORFINA 4MG 28 UNITA' USO ORALE;PREKISAN*28 cpr sublinguali 4 mg;26,52;16,06;-;G.L. PHARMA GmbH;049020074;MNE;
Buprenorfina;BUPRENORFINA 8MG 28 UNITA' USO ORALE;PREKISAN*28 cpr sublinguali 8 mg;42,28;25,61;-;G.L. PHARMA GmbH;049020112;MNF;
Dinoprostone;DINOPROSTONE 0,5MG 3G 1 UNITA' GEL USO ENDOCERVICALE;PREPIDIL*gel endocervicale 1 siringa 0,5 mg/3 g;39,98;18,16;-;PFIZER ITALIA Srl;028439014;ALD;
Dinoprostone;DINOPROSTONE 1MG 3G 1 UNITA' GEL USO GINECOLOGICO;PREPIDIL*gel vag 1 siringa 1 mg/3 g;44,66;20,30;-;PFIZER ITALIA Srl;028439026;ALF;
Dinoprostone;DINOPROSTONE 2MG 3G 1 UNITA' GEL USO GINECOLOGICO;PREPIDIL*gel vag 1 siringa 2 mg/3 g;60,99;27,72;-;PFIZER ITALIA Srl;028439038;ALG;
Letermovir;LETERMOVIR 240MG 12ML 1 UNITA' USO PARENTERALE;PREVYMIS*1 flaconcino EV infus 240 mg 12 ml;272,32;165,01;-;MERCK SHARP & DOHME BV;045890035;KNP;
Letermovir;LETERMOVIR 480MG 24ML 1 UNITA' USO PARENTERALE;PREVYMIS*1 flaconcino EV infus 480 mg 24 ml;544,64;330,00;-;MERCK SHARP & DOHME BV;045890047;KNQ;
Darunavir;DARUNAVIR 800MG 30 UNITA' USO ORALE;PREZISTA*30 cpr riv 800 mg flacone;714,78;433,10;-;JANSSEN CILAG INTERNAT.N.V.;037634072;IWP;
Darunavir;DARUNAVIR 600MG 60 UNITA' USO ORALE;PREZISTA*60 cpr riv 600 mg flacone;1085,83;657,92;-;JANSSEN CILAG INTERNAT.N.V.;037634021;AKD;
Darunavir;DARUNAVIR 100MG/ML 200ML USO ORALE;PREZISTA*orale sosp 1 flacone 200 ml 100 mg/ml;595,65;360,91;-;JANSSEN CILAG INTERNAT.N.V.;037634060;BYW;
Ziconotide;ZICONOTIDE 100MCG 1ML 1 UNITA' USO INTRATECALE;PRIALT*1 flaconcino 1 ml 100 mcg/ml soluzione intratecale;556,10;336,95;-;RIEMSER PHARMA GMBH;037310012;BQC;
Ziconotide;ZICONOTIDE 500MCG 5ML 1 UNITA' USO INTRATECALE;PRIALT*1 flaconcino 5 ml 100 mcg/ml soluzione intratecale;2780,52;1684,74;-;RIEMSER PHARMA GMBH;037310036;BQD;
Immunoglobulina Umana Normale;IMMUNOGLOBULINA UMANA NORMALE 10G 100ML 1 UNITA' USO PARENTERALE;PRIVIGEN*1 flacone EV 100 ml 100 mg/ml;1072,76;650,00;-;CSL BEHRING GmbH;039712029;AUY;
Immunoglobulina Umana Normale;IMMUNOGLOBULINA UMANA NORMALE 20G 200ML 1 UNITA' USO PARENTERALE;PRIVIGEN*1 flacone EV 200 ml 100 mg/ml;2145,52;1300,00;-;CSL BEHRING GmbH;039712031;AVL;
Immunoglobulina Umana Normale;IMMUNOGLOBULINA UMANA NORMALE 5G 50ML 1 UNITA' USO PARENTERALE;PRIVIGEN*1 flacone EV 50 ml 100 mg/ml;536,38;325,00;-;CSL BEHRING GmbH;039712017;AVS;
Mercaptamina;MERCAPTAMINA 75MG 250 UNITA' USO ORALE;PROCYSBI*250 cps gastrores 75 mg flacone;9308,26;5640,00;-;CHIESI FARMACEUTICI SpA;043041021;KMM;
Mercaptamina;MERCAPTAMINA 25MG 60 UNITA' USO ORALE;PROCYSBI*60 cps gastrores 25 mg flacone;752,58;456,00;-;CHIESI FARMACEUTICI SpA;043041019;KMN;
Alfa 1 Antitripsina Umana;ALFA 1 ANTITRIPSINA UMANA 1.000MG 40ML 1 UNITA' USO PARENTERALE;PROLASTIN*1 flaconcino EV 1.000 mg + 1 flaconcino solv 40 ml;528,13;320,00;-;INSTITUTO GRIFOLS S.A.;037709019;ACW;
Alfa 1 antitripsina umana;ALFA 1 ANTITRIPSINA UMANA 4.000MG 160ML 1 UNITA' USO PARENTERALE;PROLASTIN*1 flaconcino EV 4.000 mg + 1 flaconcino solv 160 ml + dispositivo di ricostituzione;2112,51;1280,00;-;INSTITUTO GRIFOLS S.A.;037709033;NRN;
Alfa 1 antitripsina umana;ALFA 1 ANTITRIPSINA UMANA 5.000MG 200ML 1 UNITA' USO PARENTERALE;PROLASTIN*1 flaconcino EV 5.000 mg + 1 flaconcino solv 200 ml + dispositivo di ricostituzione;2640,64;1600,00;-;INSTITUTO GRIFOLS S.A.;037709045;NRM;
Aldesleuchina;ALDESLEUCHINA 18.000.000UI 1 UNITA' USO PARENTERALE;PROLEUKIN*1 fiala EV 18.000.000 UI/ml;231,57;140,32;-;IOVANCE BIOTHERAPEUTICS BV;027131010;ACT;
Fattore II/Fattore VII/Fattore IX/Fattore X della coagulazione/Proteina C/Proteina S;FATTORE II+FATTORE VII+FATTORE IX+FATTORE X DELLA COAGULAZIONE+PROTEINA C+PROTEINA S 1000UI 20ML 1UNITA' USO PARENTERALE;PRONATIV*1 flaconcino EV 1.000 Unita' Internazionali + 1 flaconcino solv 40 ml;759,18;460,00;-;OCTAPHARMA ITALY SpA;039240027;NPM;
Fattore II/Fattore VII/Fattore IX/Fattore X della coagulazione/Proteina C/Proteina S;FATTORE II+FATTORE VII+FATTORE IX+FATTORE X DELLA COAGULAZIONE+PROTEINA C+PROTEINA S 500UI 20ML 1 UNITA' USO PARENTERALE;PRONATIV*1 flaconcino EV 500 Unita' Internazionali + 1 flaconcino solv 20 ml;379,59;230,00;-;OCTAPHARMA ITALY SpA;039240015;APS;
Fattore II/Fattore VII/Fattore IX/Fattore X della coagulazione/Proteina C;FATTORE II+FATTORE VII+FATTORE IX+FATTORE X DELLA COAGULAZIONE+PROTEINA C 600UI 1 UNITA' USO PARENTERALE;PROPLEX*1 flaconcino polv 600 Unita' Internazionali + 1 flaconcino solv + kit per iniezione;455,51;276,00;-;BAXALTA INNOVATIONS GMBH;043304017;KDR;
Propofol;PROPOFOL 1.000MG 100ML 10 UNITA' USO PARENTERALE;PROPOFOL*10 flaconcini EV 100 ml 10 mg/ml;216,14;130,96;-;FRESENIUS KABI ITALIA Srl;036849091;BIM;
Propofol;PROPOFOL 200MG 20ML 10 UNITA' USO PARENTERALE;PROPOFOL*10 flaconcini EV 20 ml 10 mg/ml;44,22;26,80;-;FRESENIUS KABI ITALIA Srl;036849040;HNM;
Propofol;PROPOFOL 500MG 50ML 10 UNITA' USO PARENTERALE;PROPOFOL*10 flaconcini EV 50 ml 10 mg/ml;112,07;67,91;-;FRESENIUS KABI ITALIA Srl;036849065;BIR;
Propofol;PROPOFOL 1.000MG 50ML 10 UNITA' USO PARENTERALE;PROPOFOL*10 flaconcini EV 50 ml 20 mg/ml;197,66;119,77;-;FRESENIUS KABI ITALIA Srl;036849127;BIO;
Propofol;PROPOFOL 200MG 20ML 5 UNITA' USO PARENTERALE;PROPOFOL*5 fiale IV 20 ml 10 mg/ml;22,31;13,52;-;FRESENIUS KABI ITALIA Srl;036849014;BIP;
Propofol;PROPOFOL 200MG 20ML 5 UNITA' USO PARENTERALE;PROPOFOL*5 flaconcini EV 20 ml 10 mg/ml;22,31;13,52;-;FRESENIUS KABI ITALIA Srl;036849038;BIP;
Alprostadil;ALPROSTADIL 500MCG 1ML 1 UNITA' USO PARENTERALE;PROSTIN VR*1 fiala EV 500 mcg 1 ml;66,97;30,44;-;PFIZER ITALIA Srl;026381020;ADI;
Fattore II/Fattore IX/Fattore IX/Fattore X della coagulazione;FATTORE II+FATTORE IX+FATTORE X DELLA COAGULAZIONE 600UI 1 UNITA' USO PARENTERALE;PROTROMPLEX TIM3*1 fiala EV 600 Unita' Internazionali + 1 fiala solv 20 ml;208,13;126,11;-;BAXALTA INNOVATIONS GMBH;023288032;JQB;
Ustekinumab;USTEKINUMAB 130MG 26ML 1 UNITA' USO PARENTERALE;PYZCHIVA*1 flaconcino EV 130 mg 26 ml;3753,53;2274,30;-;SAMSUNG BIOEPIS NL B.V.;051202036;KOD;
Ustekinumab;USTEKINUMAB 45MG 0,5ML 1 UNITA' USO PARENTERALE;PYZCHIVA*1 penna SC 45 mg 0,5 ml;3753,53;2.274,30;;SAMSUNG BIOEPIS NL B.V.;051202048;BOS;
Ustekinumab;USTEKINUMAB 90MG 1ML 1 UNITA' USO PARENTERALE;PYZCHIVA*1 penna SC 90 mg 1 ml;3753,53;2.274,30;;SAMSUNG BIOEPIS NL B.V.;051202051;BOT;
Ustekinumab;USTEKINUMAB 45MG 0,5ML 1 UNITA' USO PARENTERALE;PYZCHIVA*1 siringa SC 45 mg 0,5 ml;3753,53;2274,30;-;SAMSUNG BIOEPIS NL B.V.;051202012;BOS;
Ustekinumab;USTEKINUMAB 90MG 1ML 1 UNITA' USO PARENTERALE;PYZCHIVA*1 siringa SC 90 mg 1 ml;3753,53;2274,30;-;SAMSUNG BIOEPIS NL B.V.;051202024;BOT;
Dinutuximab beta;DINUTUXIMAB 4,5MG/ML 4,5ML 1 UNITA' USO PARENTERALE;QARZIBA*1 flaconcino EV 4,5 ml 4,5 mg/ml;14193,45;8600,01;-;RECORDATI NETHERLANDS BV;045427010;KLY;
Ripretinib;RIPRETINIB 50MG 90 UNITA' USO ORALE;QINLOCK*90 cpr 50 mg flacone;32023,95;19403,75;-;DECIPHERA PHARMACEUTICALS BV;049792029;MPJ;
Samario 153Sm Lexidronam Pentasodico;SAMARIO 153SM LEXIDRONAM 1,3GBQ/ML 1 UNITA' USO PARENTERALE;QUADRAMET*1 fiala EV 1,3 gbq/ml;-;411,81;-;CIS BIO INTERNATIONAL;033111016;BJU;
Delafloxacina;DELAFLOXACINA 300MG 10 UNITA' USO PARENTERALE;QUOFENIX*10 flaconcini infus EV 300 mg;1089,27;660,00;-;A.MENARINI IND.FARM.RIUN.Srl;048404014;MUS;
Capsaicina;CAPSAICINA 179MG 1 CEROTTO USO TOPICO;QUTENZA*1 cerotto cutaneo 179 mg + 1 gel detergente;430,77;261,00;-;GRUNENTHAL GmbH;040111015;AGT;
Raltegravir;RALTEGRAVIR 600MG 60 UNITA' USO ORALE;RALTEGRAVIR*60 cpr rivestite 600 mg flacone;614,97;372,62;-;DR.REDDY'S Srl;051336016;KHT;
Propofol;PROPOFOL 1.000MG 50ML 10 UNITA' USO PARENTERALE;RAPIVA*10 flaconcini EV 20 mg/ml 50 ml;178,39;108,09;-;BAXTER HOLDING BV;043349099;BIO;
Imipenem/cilastatina/relebactam;IMIPENEM+CILASTATINA+RELEBACTAM 500+500+250MG 25 UNITA' USO PARENTERALE;RECARBRIO*25 flaconcini EV 500 mg + 500 mg + 250 mg;5120,36;3102,50;-;MERCK SHARP & DOHME BV;048537017;LXB;
Rilpivirina;RILPIVIRINA 900MG 3ML 1 UNITA' USO PARENTERALE;REKAMBYS*1 flaconcino IM 900 mg 3 ml + 1 siringa + 1 adattatore per flaconcino + 1 ago;811,97;491,98;-;JANSSEN CILAG INTERNAT.N.V.;049280023;LZF;
Infliximab;INFLIXIMAB 100MG 10 ML 1 UNITA' USO PARENTERALE;REMICADE*1 flacone polv INFUS EV 100 mg;765,03;463,53;-;JANSSEN BIOLOGICS B.V.;034528012;IZW;
Treprostinil;TREPROSTINIL 20MG 20ML 1 UNITA' USO PARENTERALE;REMODULIN*1 flaconcino EV SC 20 ml 1 mg/ml;4617,45;2797,75;-;FERRER INTERNACIONAL SA;037057015;BNW;
Treprostinil;TREPROSTINIL 200MG 20ML 1 UNITA' USO PARENTERALE;REMODULIN*1 flaconcino EV SC 20 ml 10 mg/ml;46174,40;27977,50;-;FERRER INTERNACIONAL SA;037057041;BNV;
Treprostinil;TREPROSTINIL 100MG 20ML 1 UNITA' USO PARENTERALE;REMODULIN*1 flaconcino EV SC 20 ml 5 mg/ml;23087,20;13988,75;-;FERRER INTERNACIONAL SA;037057039;BNU;
Treprostinil;TREPROSTINIL 50MG 20ML 1 UNITA' USO PARENTERALE;REMODULIN*1 flaconcino SC 20 ml 2,5 mg/ml;11543,60;6994,38;-;FERRER INTERNACIONAL SA;037057027;BNX;
Infliximab;INFLIXIMAB 100MG 10 ML 1 UNITA' USO PARENTERALE;REMSIMA*1 flaconcino polv EV 100 mg;637,52;386,28;-;CELLTRION HEALTHCARE HUNG.KFT;042942019;IZW;
Infliximab;INFLIXIMAB 120MG 1 ML 1 UNITA' USO PARENTERALE;REMSIMA*1 penna SC 120 mg/ml + 2 tamponi imbevuti;476,95;288,98;-;CELLTRION HEALTHCARE HUNG.KFT;042942122;LDN;
Infliximab;INFLIXIMAB 100MG 10 ML 4 UNITA' USO PARENTERALE;REMSIMA*4 flaconcini polv EV 100 mg;2550,07;1545,12;-;CELLTRION HEALTHCARE HUNG.KFT;042942045;IZU;
Infliximab;INFLIXIMAB 120MG 1 ML 4 UNITA' USO PARENTERALE;REMSIMA*4 penne SC 120 mg/ml + 4 tamponi imbevuti;1907,76;1155,94;-;CELLTRION HEALTHCARE HUNG.KFT;042942146;LST;
Agalsidasi Alfa;AGALSIDASI ALFA 3,5MG 3,5ML 1 UNITA' USO PARENTERALE;REPLAGAL*1 flacone EV 1 mg/ml 3,5 ml;2539,69;1538,84;-;TAKEDA PHARM.INT.AG IR.BRANCH;035373012;ACO;
Alfa 1 Antitripsina Umana;ALFA 1 ANTITRIPSINA UMANA 1.000MG 20ML 1 UNITA' USO PARENTERALE;RESPREEZA*1 flaconcino EV 1 g + 1 flaconcino solv 20 ml + 1 dispositivo di trasferimento;528,13;320,00;-;CSL BEHRING GmbH;044479018;CCS;
Alfa 1 Antitripsina Umana;ALFA 1 ANTITRIPSINA UMANA 4.000MG 76ML 1 UNITA' USO PARENTERALE;RESPREEZA*1 flaconcino EV 4 g + 1 flaconcino solv 76 ml + 1 dispositivo di trasferimento;2112,51;1280,00;-;CSL BEHRING GmbH;044479020;MER;
Somatostatina;SOMATOSTATINA 3MG 1 UNITA' USO PARENTERALE;RESURMIDE*1 fiala EV 3 mg;140,96;64,08;-;BENDALIS GMBH;029026010;BKY;
Zidovudina;ZIDOVUDINA 100MG/10ML 200ML USO ORALE;RETROVIR*1 flacone 200 ml 100 mg/10 ml sciroppo;36,45;22,09;-;VIIV HEALTHCARE BV;026697058;BQF;
Zidovudina;ZIDOVUDINA 100MG/10ML 200ML USO ORALE;RETROVIR*1 flacone 200 ml 100 mg/10 ml sciroppo fragola senza zucchero per neonati;36,45;22,09;-;VIIV HEALTHCARE BV;026697134;BQF;
Zidovudina;ZIDOVUDINA 100MG 100 UNITA' USO ORALE;RETROVIR*100 cps 100 mg;157,87;95,66;-;VIIV HEALTHCARE BV;026697146;BQE;
Zidovudina;ZIDOVUDINA 250MG 40 UNITA' USO ORALE;RETROVIR*40 cps 250 mg;144,13;87,33;-;VIIV HEALTHCARE BV;026697159;UZC;
Zidovudina;ZIDOVUDINA 200MG 5 UNITA' USO PARENTERALE;RETROVIR*5 fiale EV 200 mg 20 ml;78,64;47,65;-;VIIV HEALTHCARE BV;026697072;TFA;
Selpercatinib;SELPERCATINIB 80MG 112 UNITA' USO ORALE;RETSEVMO*112 cps 80 mg;15008,89;9094,03;-;ELI LILLY NEDERLAND BV;049358118;LYH;
Selpercatinib;SELPERCATINIB 40MG 56 UNITA' USO ORALE;RETSEVMO*56 cps 40 mg;3752,22;2273,50;-;ELI LILLY NEDERLAND BV;049358068;LXY;
Selpercatinib;SELPERCATINIB 80MG 56 UNITA' USO ORALE;RETSEVMO*56 cps 80 mg;7504,45;4547,01;-;ELI LILLY NEDERLAND BV;049358106;LXZ;
Sildenafil;SILDENAFIL 16MG 20ML 1 UNITA' USO PARENTERALE;REVATIO*1 flaconcino EV 20 ml 0,8 mg/ml;77,89;47,20;-;UPJOHN EESV;036982027;BJY;
Teduglutide;TEDUGLUTIDE 1,25MG 28 UNITA' USO PARENTERALE;REVESTIVE*28 flaconcini 1,25 mg + 28 siringhe preriempite solv;12747,32;7723,78;-;TAKEDA PHARM.INT.AG IR.BRANCH;045578034;LHP;
Teduglutide;TEDUGLUTIDE 5MG 28 UNITA' USO PARENTERALE;REVESTIVE*28 flaconcini 5 mg + 28 siringhe preriempite solv;25494,69;15447,59;-;TAKEDA PHARM.INT.AG IR.BRANCH;045578010;KLL;
Lenalidomide;LENALIDOMIDE 10MG 21 UNITA' USO ORALE;REVLIMID*21 cps 10 mg;8320,26;5041,37;-;BRISTOL M.SQUIBB PHARMA EEIG;038016022;BCN;
Lenalidomide;LENALIDOMIDE 15MG 21 UNITA' USO ORALE;REVLIMID*21 cps 15 mg;8758,17;5306,70;-;BRISTOL M.SQUIBB PHARMA EEIG;038016034;BCO;
Lenalidomide;LENALIDOMIDE 2,5MG 21 UNITA' USO ORALE;REVLIMID*21 cps 2,5 mg;7566,59;4584,70;-;BRISTOL M.SQUIBB PHARMA EEIG;038016059;HNZ;
Lenalidomide;LENALIDOMIDE 20MG 21 UNITA' USO ORALE;REVLIMID*21 cps 20 mg;9181,20;5563,01;-;BRISTOL M.SQUIBB PHARMA EEIG;038016097;KAF;
Lenalidomide;LENALIDOMIDE 25MG 21 UNITA' USO ORALE;REVLIMID*21 cps 25 mg;9602,71;5818,42;-;BRISTOL M.SQUIBB PHARMA EEIG;038016046;BCP;
Lenalidomide;LENALIDOMIDE 5MG 21 UNITA' USO ORALE;REVLIMID*21 cps 5 mg;7882,36;4776,03;-;BRISTOL M.SQUIBB PHARMA EEIG;038016010;BCQ;
Lenalidomide;LENALIDOMIDE 10MG 7 UNITA' USO ORALE;REVLIMID*7 cps 10 mg;2773,42;1680,46;-;BRISTOL M.SQUIBB PHARMA EEIG;038016109;KLU;
Lenalidomide;LENALIDOMIDE 15MG 7 UNITA' USO ORALE;REVLIMID*7 cps 15 mg;2919,39;1768,90;-;BRISTOL M.SQUIBB PHARMA EEIG;038016111;KLV;
Lenalidomide;LENALIDOMIDE 2,5MG 7 UNITA' USO ORALE;REVLIMID*7 cps 2,5 mg;2522,20;1528,23;-;BRISTOL M.SQUIBB PHARMA EEIG;038016073;HRK;
Lenalidomide;LENALIDOMIDE 20MG 7 UNITA' USO ORALE;REVLIMID*7 cps 20 mg;3060,40;1854,34;-;BRISTOL M.SQUIBB PHARMA EEIG;038016135;LGU;
Lenalidomide;LENALIDOMIDE 25MG 7 UNITA' USO ORALE;REVLIMID*7 cps 25 mg;3200,89;1939,47;-;BRISTOL M.SQUIBB PHARMA EEIG;038016147;LGT;
Lenalidomide;LENALIDOMIDE 5MG 7 UNITA' USO ORALE;REVLIMID*7 cps 5 mg;2627,45;1592,01;-;BRISTOL M.SQUIBB PHARMA EEIG;038016085;HUY;
Eltrombopag;ELTROMBOPAG 25MG 28 UNITA' USO ORALE;REVOLADE*28 cpr riv 25 mg;1885,38;1142,38;-;NOVARTIS EUROPHARM LTD;039827023;AMO;
Eltrombopag;ELTROMBOPAG 50MG 28 UNITA' USO ORALE;REVOLADE*28 cpr riv 50 mg;3770,75;2284,75;-;NOVARTIS EUROPHARM LTD;039827050;AMP;
Eltrombopag;ELTROMBOPAG 25MG 30 UNITA' USO ORALE;REVOLADE*orale sosp 30 bust 25 mg;2020,04;1223,97;-;NOVARTIS EUROPHARM LTD;039827136;LCN;
Atazanavir;ATAZANAVIR 300MG 30 UNITA' USO ORALE;REYATAZ*30 cps 300 mg flacone;580,91;351,98;-;BRISTOL M.SQUIBB PHARMA EEIG;036196083;AEU;
Atazanavir;ATAZANAVIR 200MG 60 UNITA' USO ORALE;REYATAZ*60 cps 200 mg;755,16;457,57;-;BRISTOL M.SQUIBB PHARMA EEIG;036196069;AET;
Darunavir/cobicistat;DARUNAVIR+COBICISTAT 800+150MG 30 UNITA' USO ORALE;REZOLSTA*30 cpr riv 800 mg + 150 mg flacone;812,25;492,15;-;JANSSEN CILAG INTERNAT.N.V.;043776018;GBI;
Rezafungin acetato;REZAFUNGIN 200MG 1 UNITA' USO PARENTERALE;REZZAYO*1 flaconcino INFUS EV 200 mg;2029,31;1229,59;;MUNDIPHARMA GmbH;051002018;NAQ;
Ranibizumab;RANIBIZUMAB 0,5MG/DOSE 0,05ML 1 UNITA' USO INTRAVITREALE;RIMMYRAH*1 flaconcino intravitreale 0,23 ml 10 mg/ml + 1 ago;737,17;446,65;-;QILU PHARMA SPAIN S.L.;051043026;BJB;
Upadacitinib;UPADACITINIB 15MG 28 UNITA' USO ORALE RP;RINVOQ*28 cpr 15 mg rilascio prolungato;1254,30;760,00;-;ABBVIE DEUTSCHLAND GmbH&CO.KG;048399012;LBQ;
Upadacitinib;UPADACITINIB 30MG 28 UNITA' USO ORALE RP;RINVOQ*28 cpr 30 mg rilascio prolungato;2508,61;1520,00;-;ABBVIE DEUTSCHLAND GmbH&CO.KG;048399063;LTW;
Upadacitinib;UPADACITINIB 45MG 28 UNITA' USO ORALE RP;RINVOQ*28 cpr 45 mg rilascio prolungato;3762,91;2280,00;-;ABBVIE DEUTSCHLAND GmbH&CO.KG;048399101;MGR;
Propofol;PROPOFOL 1.000MG 100ML 1 UNITA' USO PARENTERALE;RIPOL*1 flaconcino EV 100 ml 10 mg/ml;24,35;14,75;-;I.B.I.GIOVANNI LORENZINI SpA;041732049;BIL;
Propofol;PROPOFOL 500MG 50ML 1 UNITA' USO PARENTERALE;RIPOL*1 flaconcino EV 50 ml 10 mg/ml;12,55;7,61;-;I.B.I.GIOVANNI LORENZINI SpA;041732037;BIQ;
Propofol;PROPOFOL 1.000MG 50ML 1 UNITA' USO PARENTERALE;RIPOL*1 flaconcino EV 50 ml 20 mg/ml;21,09;12,78;-;I.B.I.GIOVANNI LORENZINI SpA;041732052;BIN;
Propofol;PROPOFOL 200MG 20ML 5 UNITA' USO PARENTERALE;RIPOL*5 fiale EV 20 ml 10 mg/ml;26,10;15,81;-;I.B.I.GIOVANNI LORENZINI SpA;041732013;BIP;
Propofol;PROPOFOL 200MG 20ML 5 UNITA' USO PARENTERALE;RIPOL*5 flaconcini EV 20 ml 10 mg/ml;26,10;15,81;-;I.B.I.GIOVANNI LORENZINI SpA;041732025;BIP;
Risperidone;RISPERIDONE 25MG 2ML 1 UNITA' USO PARENTERALE;RISPERDAL*1 fiala IM 25 mg + 1 siringa 2 ml rilascio prolungato;157,41;95,38;-;JANSSEN CILAG SpA;028752172;BJF;
Risperidone;RISPERIDONE 37,5MG 2ML 1 UNITA' USO PARENTERALE;RISPERDAL*1 fiala IM 37,5 mg + 1 siringa 2 ml rilascio prolungato;203,11;123,06;-;JANSSEN CILAG SpA;028752184;BJG;
Risperidone;RISPERIDONE 50MG 2ML 1 UNITA' USO PARENTERALE;RISPERDAL*1 fiala IM 50 mg + 1 siringa 2 ml rilascio prolungato;253,88;153,83;-;JANSSEN CILAG SpA;028752196;BJH;
Risperidone;RISPERIDONE 25MG 2ML 1 UNITA' USO PARENTERALE;RISPERIDONE TEVA GROUP*1 flaconcino IM 25 mg polv + 1 adattatore per flaconcino + 1 siringa preriempita 2 ml solvente + 2 aghi;107,50;65,14;-;TEVA ITALIA Srl;049100011;BJF;
Risperidone;RISPERIDONE 37,5MG 2ML 1 UNITA' USO PARENTERALE;RISPERIDONE TEVA GROUP*1 flaconcino IM 37,5 mg polv + 1 adattatore per flaconcino + 1 siringa preriempita 2 ml solvente + 2 aghi;138,72;84,05;-;TEVA ITALIA Srl;049100047;BJG;
Risperidone;RISPERIDONE 50MG 2ML 1 UNITA' USO PARENTERALE;RISPERIDONE TEVA GROUP*1 flaconcino IM 50 mg polv + 1 adattatore per flaconcino + 1 siringa preriempita 2 ml solvente + 2 aghi;173,39;105,06;-;TEVA ITALIA Srl;049100074;BJH;
Ritonavir;RITONAVIR 100MG 30 UNITA' USO ORALE;RITONAVIR*30 cpr riv 100 mg flacone;24,92;15,10;-;SANDOZ SpA;043359013;BJI;
Ritonavir;RITONAVIR 100MG 30 UNITA' USO ORALE;RITONAVIR*30 cpr riv 100 mg flacone;24,92;15,10;-;VIATRIS LIMITED;045775018;BJI;
Rituximab;RITUXIMAB 500MG 50ML 1 UNITA' USO PARENTERALE;RIXATHON*1 flaconcino EV 50 ml 10 mg/ml;1653,59;1001,93;-;SANDOZ GMBH;045450032;BJM;
Rituximab;RITUXIMAB 100MG 10ML 2 UNITA' USO PARENTERALE;RIXATHON*2 flaconcini EV 10 ml 10 mg/ml;661,56;400,84;-;SANDOZ GMBH;045450018;BJL;
Tocilizumab;TOCILIZUMAB 200MG 10ML 1 UNITA' USO PARENTERALE;ROACTEMRA*1 flaconcino EV 10 ml 20 mg/ml;529,44;320,80;-;ROCHE REGISTRATION GMBH;038937037;BMQ;
Tocilizumab;TOCILIZUMAB 400MG 20ML 1 UNITA' USO PARENTERALE;ROACTEMRA*1 flaconcino EV 20 ml 20 mg/ml;1058,87;641,59;-;ROCHE REGISTRATION GMBH;038937052;BMS;
Tocilizumab;TOCILIZUMAB 80MG 4ML 1 UNITA' USO PARENTERALE;ROACTEMRA*1 flaconcino EV 4 ml 20 mg/ml;211,77;128,32;-;ROCHE REGISTRATION GMBH;038937013;BMU;
Tocilizumab;TOCILIZUMAB 162MG 0,9ML 4 UNITA' USO PARENTERALE;ROACTEMRA*4 siringhe SC 162 mg 0,9 ml;1481,61;897,72;-;ROCHE REGISTRATION GMBH;038937088;IZC;
Ceftriaxone;CEFTRIAXONE 1.000MG 1 UNITA' USO PARENTERALE EV;ROCEFIN*1 flaconcino EV 1 g + 1 fiala solv 10 ml;9,92;4,51;-;ROCHE SpA;025202096;AHU;
Valoctocogene roxaparvovec;VALOCTOCOGENE ROXAPARVOVEC 8ML 2x10 ALLA TREDICESIMA GENOMI VETTORIALI SOLUZIONE USO PARENTERALE;ROCTAVIAN*1 flaconcino infus EV 2x10 alla tredicesima genomi vettoriali in 8 ml di soluzione;90532,82;54855,08;-;BIOMARIN INTERNATIONAL LIMITED;050297011;MWM;
Rocuronio;ROCURONIO 100MG 10ML 10 UNITA' USO PARENTERALE;ROCURONIO BROMURO*10 fiale EV 10 ml 10 mg/ml;90,25;54,68;-;SALF SpA;041852094;BJN;
Rocuronio;ROCURONIO 50MG 5ML 10 UNITA' USO PARENTERALE;ROCURONIO BROMURO*10 fiale EV 5 ml 10 mg/ml;45,13;27,35;-;SALF SpA;041852068;BJO;
Rocuronio;ROCURONIO 50MG 5ML 10 UNITA' USO PARENTERALE;ROCURONIO*10 flaconi EV 50 mg 5 ml;54,58;33,07;-;HIKMA FARMACEUTICA S.A.;042577015;BJO;
Rocuronio;ROCURONIO 100MG 10ML 10 UNITA' USO PARENTERALE;ROCURONIO*iniett 10 flaconcini 100 mg 10 ml;112,31;68,05;-;FRESENIUS KABI ITALIA Srl;038603066;BJN;
Entrectinib;ENTRECTINIB 100MG 30 UNITA' USO ORALE;ROZLYTREK*30 cps 100 mg flacone;1961,16;1188,30;-;ROCHE REGISTRATION GMBH;048961015;LQN;
Entrectinib;ENTRECTINIB 200MG 90 UNITA' USO ORALE;ROZLYTREK*90 cps 200 mg flacone;11766,94;7129,75;-;ROCHE REGISTRATION GMBH;048961027;LQM;
Rucaparib;RUCAPARIB 200MG 60 UNITA' USO ORALE;RUBRACA*60 cpr riv 200 mg flacone;6849,98;4150,46;-;PHARMAAND GMBH;046645014;KYB;
Rucaparib;RUCAPARIB 250MG 60 UNITA' USO ORALE;RUBRACA*60 cpr riv 250 mg flacone;6849,98;4150,46;-;PHARMAAND GMBH;046645026;KYC;
Rucaparib;RUCAPARIB 300MG 60 UNITA' USO ORALE;RUBRACA*60 cpr riv 300 mg flacone;6849,98;4150,46;-;PHARMAAND GMBH;046645038;KYD;
Fostemsavir;FOSTEMSAVIR 600MG 60 UNITA' USO ORALE;RUKOBIA*60 cpr rilascio prolungato 600 mg flacone;4951,24;3000,01;-;VIIV HEALTHCARE BV;049362015;LYN;
Rituximab;RITUXIMAB 100MG 10ML 1 UNITA' USO PARENTERALE;RUXIENCE*1 flaconcino EV 100 mg 10 ml 10 mg/ml;413,48;250,53;-;PFIZER EUROPE MA EEIG;048720015;LKF;
Rituximab;RITUXIMAB 500MG 50ML 1 UNITA' USO PARENTERALE;RUXIENCE*1 flaconcino EV 500 mg 50 ml 10 mg/ml;1653,59;1001,93;-;PFIZER EUROPE MA EEIG;048720027;BJM;
Amivantamab;AMIVANTAMAB 350MG 7ML 1 UNITA' USO PARENTERALE;RYBREVANT*1 flaconcino EV 350 mg 7 ml;2305,62;1397,00;-;JANSSEN CILAG INTERNAT.N.V.;049823014;MLN;
Midostaurina;MIDOSTAURINA 25MG 112 UNITA' USO ORALE;RYDAPT*4x28 cps molli 25 mg;20927,36;12680,17;-;NOVARTIS EUROPHARM LTD;045612013;KNF;
Rozanolixizumab;ROZANOLIXIZUMAB 140MG/ML 2ML SOLUZIONE USO PARENTERALE;RYSTIGGO*1 flaconcino SC 140 mg/ml 2 ml;12590,92;7629,01;-;UCB PHARMA S.A.;051044016;NTE;
Rozanolixizumab;ROZANOLIXIZUMAB 140MG/ML 3ML SOLUZIONE USO PARENTERALE;RYSTIGGO*1 flaconcino SC 140 mg/ml 3 ml;18886,38;11443,52;-;UCB PHARMA S.A.;051044028;NTF;
Rozanolixizumab;ROZANOLIXIZUMAB 140MG/ML 4ML SOLUZIONE USO PARENTERALE;RYSTIGGO*1 flaconcino SC 140 mg/ml 4 ml;25181,84;15258,03;-;UCB PHARMA S.A.;051044030;NTG;
Tolvaptan;TOLVAPTAN 15MG 10 UNITA' USO ORALE;SAMSCA*10x1 cpr 15 mg;1161,79;703,95;-;OTSUKA PHARMACEUT.NETHER.BV;039551015;TAF;
Tolvaptan;TOLVAPTAN 30MG 10 UNITA' USO ORALE;SAMSCA*10x1 cpr 30 mg;1161,79;703,95;-;OTSUKA PHARMACEUT.NETHER.BV;039551039;TAG;
Tolvaptan;TOLVAPTAN 7,5MG 10 UNITA' USO ORALE;SAMSCA*10x1 cpr 7,5 mg;1161,79;703,95;-;OTSUKA PHARMACEUT.NETHER.BV;039551078;LTQ;
Anifrolumab;ANIFROLUMAB 300MG 2ML 1 UNITA' USO PARENTERALE;SAPHNELO*1 flaconcino EV 2 ml 150 mg/ml;1451,93;879,75;-;ASTRAZENECA AB;049964012;MLO;
Isatuximab;ISATUXIMAB 100MG 5ML 1 UNITA' USO PARENTERALE;SARCLISA*EV flacone 100 mg/5 ml;1039,93;630,11;-;SANOFI WINTHROP INDUSTRIE;048617017;LHK;
Isatuximab;ISATUXIMAB 500MG 25ML 1 UNITA' USO PARENTERALE;SARCLISA*EV flacone 500 mg/25 ml;5199,63;3150,52;-;SANOFI WINTHROP INDUSTRIE;048617031;LHL;
Delta-9-Tetraidrocannabinolo/Cannabidiolo;DELTA-9-TETRAIDROCANNABINOLO+CANNABIDIOLO 2,7+2,5MG 270 UNITA' USO ORALE;SATIVEX*3 flaconi spray mucosa orale 90 dosi 10 ml;655,38;397,10;-;JAZZ PHARMACEUTICALS IREL.LTD;040548113;UVA;
Asciminib;ASCIMINIB 20MG 60 UNITA' USO ORALE;SCEMBLIX*60 cpr riv 20 mg;7274,64;4407,81;-;NOVARTIS EUROPHARM LTD;050185026;MNW;
Asciminib;ASCIMINIB 40MG 60 UNITA' USO ORALE;SCEMBLIX*60 cpr riv 40 mg;7274,64;4407,81;-;NOVARTIS EUROPHARM LTD;050185040;MNV;
Besilesomab;BESILESOMAB 1MG 1 UNITA' USO PARENTERALE;SCINTIMUN*1 flaconcino polv EV 1 mg kit 1 flaconcino + 1 flaconcino;551,11;333,93;-;TELIX INNOVATIONS;040281014;AGD;
Besilesomab;BESILESOMAB 1MG 2 UNITA' USO PARENTERALE;SCINTIMUN*2 flaconcini polv EV 1 mg kit 2 flaconcini + 2 flaconcini;923,49;559,55;-;TELIX INNOVATIONS;040281026;AGE;
Metoprololo;METOPROLOLO 5MG 5ML 5 UNITA' USO PARENTERALE;SELOKEN*5 fiale EV 5 mg 5 ml;5,16;2,35;-;RECORDATI SpA;023616055;BDX;
Sevoflurano;SEVOFLURANO 100% 250ML 1 UNITA' USO INALATORIO;SEVOFLURANE*1 flacone 250 ml 100% in vetro con adattatore integrato;145,10;87,92;-;PIRAMAL CRITICAL CARE B.V.;041479039;BJW;
Sevoflurano;SEVOFLURANO 100% 250ML 1 UNITA' USO INALATORIO;SEVOFLURANE*1 flacone 250 ml 100% in vetro/pvc;145,10;87,92;-;PIRAMAL CRITICAL CARE B.V.;041479027;BJW;
Sevoflurano;SEVOFLURANO 100% 250ML 6 UNITA' USO INALATORIO;SEVOFLURANE*6 flaconi 250 ml 100% con valvola integrata;870,63;527,52;-;BAXTER SpA;037141037;BJX;
Sevoflurano;SEVOFLURANO 100% 250ML 6 UNITA' USO INALATORIO;SEVOFLURANE*6 flaconi 250 ml 100% v/v;870,63;527,52;-;PIRAMAL CRITICAL CARE B.V.;041479066;BJX;
Seviflurano;SEVOFLURANO 100% 250ML 6 UNITA' USO INALATORIO;SEVOFLURANE*6 flaconi 250 ml 100% v/v con adattatore;870,63;527,52;;PIRAMAL CRITICAL CARE B.V.;041479080;BJX;
Sevoflurano;SEVOFLURANO 100% 250ML 6 UNITA' USO INALATORIO;SEVOFLURANE*6 flaconi 250 ml 100% v/v con adattatore integrato;870,63;527,52;-;PIRAMAL CRITICAL CARE B.V.;041479041;BJX;
Sevoflurano;SEVOFLURANO 100% 250ML 1 UNITA' USO INALATORIO;SEVORANE*1 flacone 250 ml gas inal quik;251,20;114,18;-;ABBVIE Srl;031841036;BJW;
Golimumab;GOLIMUMAB 100MG 1ML 1 UNITA' USO PARENTERALE;SIMPONI*1 penna preriempita smartject SC 100 mg 1 ml;1723,33;1044,19;-;JANSSEN CILAG INTERNAT.N.V.;039541053;CPV;
Golimumab;GOLIMUMAB 50MG 0,5ML 1 UNITA' USO PARENTERALE;SIMPONI*1 penna preriempita smartject SC 50 mg 0,5 ml;1723,33;1044,19;-;JANSSEN CILAG INTERNAT.N.V.;039541014;ATQ;
Golimumab;GOLIMUMAB 50MG 0,5ML 1 UNITA' USO PARENTERALE;SIMPONI*1 siringa preriempita SC 50 mg 0,5 ml;1723,33;1044,19;-;JANSSEN CILAG INTERNAT.N.V.;039541038;ATQ;
Basiliximab;BASILIXIMAB 20MG 5ML 1 UNITA' USO PARENTERALE;SIMULECT*1 fiala EV 20 mg + 1 fiala solv 5 ml;1515,43;918,22;-;NOVARTIS EUROPHARM LTD;034232013;AFR;
Ceftriaxone;CEFTRIAXONE 1.000MG 1 UNITA' USO PARENTERALE EV;SIRTAP*1 fiala EV 1 g + 1 fiala solv 10 ml;7,44;4,50;-;SO.SE.PHARM Srl;035815036;AHU;
Ceftriaxone;CEFTRIAXONE 2.000MG 1 UNITA' USO PARENTERALE;SIRTAP*1 fiala EV 2 g;14,95;9,06;-;SO.SE.PHARM Srl;035815048;AHW;
Bedaquilina;BEDAQUILINA 100MG 188 UNITA' USO ORALE;SIRTURO*188 cpr 100 mg flacone;33109,50;20061,50;-;JANSSEN CILAG INTERNAT.N.V.;043332016;HAJ;
Tedizolid;TEDIZOLID 200MG 6 UNITA' USO PARENTERALE;SIVEXTRO*6 flaconcini EV soluz infus 200 mg;1828,47;1107,90;-;MERCK SHARP & DOHME BV;044020030;JXY;
Risankizumab;RISANKIZUMAB 600MG 10ML 1 UNITA' USO PARENTERALE;SKYRIZI*1 flaconcino EV 600 mg 10 ml 60 mg/ml;6396,95;3876,00;-;ABBVIE DEUTSCHLAND GmbH&CO.KG;047821044;MPH;
Risankizumab;RISANKIZUMAB 360MG 2,4ML 1 UNITA' USO PARENTERALE;SKYRIZI*SC 1 cartuccia 360 mg 2,4 ml 150 mg/ml + 1 iniettore on-body;6396,95;3876,00;-;ABBVIE DEUTSCHLAND GmbH&CO.KG;047821057;MPI;
Risankizumab;RISANKIZUMAB 150MG 1ML 1 UNITA' USO PARENTERALE;SKYRIZI*SC 1 penna preriempita 150 mg 1 ml;5330,79;3230,00;-;ABBVIE DEUTSCHLAND GmbH&CO.KG;047821020;LYG;
Risankizumab;RISANKIZUMAB 150MG 1ML 1 UNITA' USO PARENTERALE;SKYRIZI*SC 1 siringa preriempita 150 mg 1 ml;5330,79;3230,00;-;ABBVIE DEUTSCHLAND GmbH&CO.KG;047821032;LYG;
Sodio fluoruro 18F;SODIO FLUORURO (18F) 2,0 GBq/ml 10ML 1 UNITA' USO PARENTERALE;SODIO FLUORURO 18F*1 flaconcino multidose 10 ml 2 GBq/ml;-;-;-;ITEL TELECOMUNICAZIONI Srl;047433014;LUV;
Sodio fosfato monobasico/sodio fosfato bibasico;SODIO FOSFATO MONOBASICO+SODIO FOSFATO BIBASICO 16+6% 120ML 25 UNITA' USO RETTALE;SODIO FOSFATO*25 flaconi 120 ml soluz rett;45,13;20,51;-;NEW FA.DEM. Srl;031052020;BKO;
Acido levofolinico;ACIDO LEVOFOLINICO 200MG 4ML 1 UNITA' USO PARENTERALE;SODIO LEVOFOLINATO*1 flaconcino 4 ml 50 mg/ml;26,73;16,20;-;MEDAC GMBH;042013021;ABM;
Acido levofolinico;ACIDO LEVOFOLINICO 450MG 9ML 1 UNITA' USO PARENTERALE;SODIO LEVOFOLINATO*1 flaconcino 9 ml 50 mg/ml;60,15;36,44;-;MEDAC GMBH;042013033;ABN;
Gemcitabina;GEMCITABINA 1.000MG 26,3ML 1 UNITA' USO PARENTERALE;SOLGEKMA*1 flaconcino EV 1.000 mg 26,3 ml 38 mg/ml;100,15;60,69;-;HIKMA FARMACEUTICA S.A.;048916023;ATD;
Gemcitabina;GEMCITABINA 2.000MG 52,6ML 1 UNITA' USO PARENTERALE;SOLGEKMA*1 flaconcino EV 2.000 mg 52,6 ml 38 mg/ml;200,29;121,36;-;HIKMA FARMACEUTICA S.A.;048916035;ATG;
Gemcitabina;GEMCITABINA 200MG 5,26ML SOLUZIONE USO PARENTERALE;SOLGEKMA*1 flaconcino EV 200 mg 5,26 ml 38 mg/ml;20,03;12,14;-;HIKMA FARMACEUTICA S.A.;048916011;MKP;
Eculizumab;ECULIZUMAB 300MG 30ML 1 UNITA' USO PARENTERALE;SOLIRIS*1 flaconcino EV 300 mg 30 ml;6851,69;4151,50;-;ALEXION EUROPE Sas;038083010;AMG;
Tiamina mononitrato/riboflavina sodio fosfato/nicotinamide/piridossina cloridrato/acido pantotenico/acido ascorbico/biotina/acido folico/cianocobalamina;TIAMINA+RIBOFLAV.+SODIO FOSF.+NICOTINAM.+PIRIDOSS.+AC.PANTOTEN.+AC.ASCORB.+BIOTINA+AC.FOLICO+CIANOCOBAL.10ML 10 UNITA';"SOLUVIT*""AD"" 10 flaconcini EV 10 ml";50,81;23,09;-;FRESENIUS KABI ITALIA Srl;027984018;BMJ;
Edotreotide;EDOTREOTIDE 40MCG 1 UNITA' USO PARENTERALE;SOMAKIT TOC*1 flacone EV 40 mcg + 1 flacone 1 ml;2640,64;1600,01;-;ADVANCED ACCELERATOR APPLIC.SA;045231014;KBN;
Somatostatina;SOMATOSTATINA 1MG 2ML 3 UNITA' USO PARENTERALE;SOMATOSTATINA*3 flaconcini EV 1 mg + 3 fiale solv 2 ml;14,90;6,77;-;HIKMA ITALIA SpA;034005049;BKV;
Somatostatina;SOMATOSTATINA 3MG 2ML 3 UNITA' USO PARENTERALE;SOMATOSTATINA*3 flaconcini EV 3 mg + 3 fiale solv 2 ml;128,35;58,35;-;HIKMA ITALIA SpA;034005064;BLA;
Zolfo esafluoruro;ZOLFO ESAFLUORURO 8MCL/ML 5ML 1 UNITA' USO PARENTERALE;SONOVUE*8 mcl/ml 1 flaconcino + 1 siringa 5 ml + adattatore;101,27;61,36;-;BRACCO INTERNATIONAL B.V.;035233028;BQI;
Sorafenib;SORAFENIB 200MG 112 UNITA' USO ORALE;SORAFENIB*112 cpr riv 200 mg;3623,72;2195,66;-;TEVA ITALIA Srl;046076042;BLB;
Sorafenib;SORAFENIB 200MG 112 UNITA' USO ORALE;SORAFENIB*112 cpr riv 200 mg;3623,72;2195,66;-;MEDAC PHARMA Srl;047547017;BLB;
Sorafenib;SORAFENIB 200MG 112 UNITA' USO ORALE;SORAFENIB*112 cpr riv 200 mg;3623,72;2195,66;-;MYLAN SpA;048804013;BLB;
Sorafenib;SORAFENIB 200MG 112 UNITA' USO ORALE;SORAFENIB*112x1 cpr riv 200 mg;3623,72;2195,66;-;ZENTIVA ITALIA Srl;048803011;BLB;
Sorafenib;SORAFENIB 200MG 112 UNITA' USO ORALE;SORAFENIB*112x1 cpr riv 200 mg;3623,72;2195,66;-;EG SpA;048807046;BLB;
Deucravacitinib;DEUCRAVACITINIB 6MG 28 UNITA' USO ORALE;SOTYKTU*28 cpr riv 6 mg + calendario;1376,28;833,91;-;BRISTOL M.SQUIBB PHARMA EEIG;050635061;NBJ;
Asparaginasi;ASPARAGINASI 10000U 1 UNITA' USO PARENTERALE;SPECTRILA*1 flacone EV 10.000 U;886,53;537,16;-;MEDAC GMBH;044700019;KHS;
Spesolimab;SPESOLIMAB 450MG 7,5ML 2 UNITA' USO PARENTERALE;SPEVIGO*2 flaconcini EV 450 mg 7,5 ml 60 mg/ml;28747,08;17418,25;-;BOEHRINGER INGELHEIM INT.GMBH;050464015;MNH;
Trametinib;TRAMETINIB 0,05 MG/ML 4,7MG USO ORALE;SPEXOTRAS*orale polv 1 flacone 0,05 mg/ml 4,7 mg + adattatore + siringa;846,03;512,62;-;NOVARTIS EUROPHARM LTD;051049017;NGT;
Nusinersen;NUSINERSEN 12MG 5 ML 1 UNITA' USO PARENTERALE;SPINRAZA*1 flaconcino 12 mg 5 ml 2,4 mg/ml;104264,02;63175,00;-;BIOGEN NETHERLANDS B.V.;045426018;KCU;
Esketamina;ESKETAMINA 28MG 0,2ML SOLUZIONE USO NASALE;SPRAVATO*spray nasale 1 flaconcino 0,2 ml 28 mg;297,15;180,05;-;JANSSEN CILAG INTERNAT.N.V.;048398010;LCX;
Dasatinib;DASATINIB 140MG 30 UNITA' USO ORALE;SPRYCEL*30 cpr riv 140 mg;6295,57;3814,55;-;BRISTOL M.SQUIBB PHARMA EEIG;037400153;AKF;
Dasatinib;DASATINIB 80MG 30 UNITA' USO ORALE;SPRYCEL*30 cpr riv 80 mg;6295,57;3814,55;-;BRISTOL M.SQUIBB PHARMA EEIG;037400138;AKM;
Dasatinib;DASATINIB 100MG 30 UNITA' USO ORALE;SPRYCEL*30x1 cpr riv 100 mg;6295,57;3814,55;-;BRISTOL M.SQUIBB PHARMA EEIG;037400114;AKE;
Dasatinib;DASATINIB 50MG 60 UNITA' USO ORALE;SPRYCEL*60x1 cpr riv 50 mg;6295,57;3814,55;-;BRISTOL M.SQUIBB PHARMA EEIG;037400088;AKJ;
Tetrakis Cu tetrafluoroborato;TETRAKIS CU TETRAFLUOROBORATO 1MG 5 UNITA' USO PARENTERALE;STAMICIS*EV 5 fiale 1 mg kit per preparazione radiofarmaceutica;1266,07;767,13;-;CURIUM ITALY Srl;038805014;BMG;
Ustekinumab;USTEKINUMAB 130MG 26ML 1 UNITA' USO PARENTERALE;STELARA*1 flaconcino EV 130 mg 26 ml;4691,91;2842,88;-;JANSSEN CILAG INTERNAT.N.V.;038936050;KOD;
Ustekinumab;USTEKINUMAB 45MG 0,5ML 1 UNITA' USO PARENTERALE;STELARA*1 flaconcino SC 45 mg 0,5 ml;4691,91;2842,88;-;JANSSEN CILAG INTERNAT.N.V.;038936011;BOS;
Ustekinumab;USTEKINUMAB 45MG 0,5ML 1 UNITA' USO PARENTERALE;STELARA*1 siringa SC 45 mg 0,5 ml;4691,91;2842,88;-;JANSSEN CILAG INTERNAT.N.V.;038936035;BOS;
Ustekinumab;USTEKINUMAB 90MG 1ML 1 UNITA' USO PARENTERALE;STELARA*1 siringa SC 90 mg 1 ml;4691,91;2842,88;-;JANSSEN CILAG INTERNAT.N.V.;038936047;BOT;
Ustekinumab;USTEKINUMAB 90MG 1ML 1 UNITA' USO PARENTERALE;STELARA*1 siringa SC 90 mg in penna preriempita 1 ml 90 mg/ml;4691,91;2842,88;-;JANSSEN CILAG INTERNAT.N.V.;038936074;BOT;
Ustekinumab;USTEKINUMAB 130MG 26ML 1 UNITA' USO PARENTERALE;STEQEYMA*1 flaconcino EV 130 mg 26 ml 5 mg/ml;2815,14;1705,73;-;CELLTRION HEALTHCARE HUNG.KFT;051456034;KOD;
Ustekinumab;USTEKINUMAB 45MG 0,5ML 1 UNITA' USO PARENTERALE;STEQEYMA*1 siringa SC 45 mg 0,5 ml 90 mg/ml;2815,14;1705,73;-;CELLTRION HEALTHCARE HUNG.KFT;051456010;BOS;
Ustekinumab;USTEKINUMAB 90MG 1ML 1 UNITA' USO PARENTERALE;STEQEYMA*1 siringa SC 90 mg 1 ml;2815,14;1705,73;-;CELLTRION HEALTHCARE HUNG.KFT;051456022;BOT;
Asfotase alfa;ASFOTASE ALFA 40MG/ML 0,45ML 12 UNITA' USO PARENTERALE;STRENSIQ*12 flaconcini SC 0,45 ml 40 mg/ml;17823,79;10799,68;-;ALEXION EUROPE Sas;044478067;KOM;
Asfotase alfa;ASFOTASE ALFA 40MG/ML 0,7ML 12 UNITA' USO PARENTERALE;STRENSIQ*12 flaconcini SC 0,7 ml 40 mg/ml;27725,89;16799,50;-;ALEXION EUROPE Sas;044478081;KON;
Asfotase alfa;ASFOTASE ALFA 100MG/ML 0,8ML 12 UNITA' USO PARENTERALE;STRENSIQ*12 flaconcini SC 0,8 ml 100 mg/ml;79216,82;47998,56;-;ALEXION EUROPE Sas;044478042;KOO;
Asfotase alfa;ASFOTASE ALFA 40MG/ML 1ML 12 UNITA' USO PARENTERALE;STRENSIQ*12 flaconcini SC 1 ml 40 mg/ml;39608,42;23999,28;-;ALEXION EUROPE Sas;044478105;KOP;
Streptozocina;STREPTOZOCINA 1G 1 UNITA' USO PARENTERALE;STREPTOZOCINA*1 flacone EV 1.000 mg;1314,46;796,45;-;ESTEVE PHARMACEUTICALS S.A.S.;045123015;MOJ;
Emtricitabina/tenofovir disoproxil/elvitegravir/cobicistat;EMTRICITABINA+TENOFOVIR DISOPROXIL+ELVITEGRAVIR+COBICISTAT 200MG+245MG+150MG+150MG 30 UNITA' USO ORALE;STRIBILD*30 cpr riv 150 mg + 150 mg + 200 mg + 245 mg flacone;1578,11;956,20;-;GILEAD SCIENCES IRELAND UC;042815011;GEX;
Frazione cellulare arricchita di cellule autologhe CD34+ codificante per adenosina deaminasi   umana;FRAZIONE CELLULARE ARRICCHITA DI CELLULE AUTOLOGHE CD34+ CODIFICANTE PER ADENOSINA DEAMINASI (ADA) UMANA;STRIMVELIS*1-10 milioni cellule/ml dispersione per infus sacca; - ;536085,00;-;FONDAZIONE TELETHON ETS;044880019;JZE;
Sufentanil;SUFENTANIL 250MCG 5ML 5 UNITA' USO PARENTERALE;SUFENTANIL*5 fiale EV 250 mcg 5 ml;40,21;24,37;-;HAMELN PHARMA GmbH;035629029;BLI;
Sufentanil;SUFENTANIL 50MCG 1ML 5 UNITA' USO PARENTERALE;SUFENTANIL*5 fiale EV 50 mcg 1 ml;8,20;4,97;-;HAMELN PHARMA GmbH;035629017;BLJ;
Sufentanil;SUFENTANIL 50MCG 1ML 5 UNITA' USO PARENTERALE;SUFENTANIL*EV 5 fiale 0,05 mg/ml 1 ml;7,37;4,47;-;PIRAMAL CRITICAL CARE IT.SpA;028347021;BLJ;
Sugammadex;SUGAMMADEX 200MG 2ML 10 UNITA' USO PARENTERALE;SUGAMMADEX*10 flaconcini 2 ml 100 mg/ml;814,62;493,58;-;MYLAN PHARMACEUTICALS LIMITED;049787029;BLK;
Sugammadex;SUGAMMADEX 200MG 2ML 10 UNITA' USO PARENTERALE;SUGAMMADEX*10 flaconcini 2 ml 100 mg/ml;814,62;493,58;-;ORION CORPORATION;050504024;BLK;
Sugammadex;SUGAMMADEX 200MG 2ML 10 UNITA' USO PARENTERALE;SUGAMMADEX*10 flaconcini EV 2 ml 100 mg/ml;814,62;493,58;-;SANDOZ SpA;049366014;BLK;
Sugammadex;SUGAMMADEX 200MG 2ML 10 UNITA' USO PARENTERALE;SUGAMMADEX*10 flaconcini EV 2 ml 100 mg/ml;814,62;493,58;-;DR. REDDY'S Srl;049608021;BLK;
Sugammadex;SUGAMMADEX 200MG 2ML 10 UNITA' USO PARENTERALE;SUGAMMADEX*10 flaconcini EV 2 ml 100 mg/ml;814,62;493,58;-;ZENTIVA ITALIA Srl;049671011;BLK;
Sugammadex;SUGAMMADEX 200MG 2ML 10 UNITA' USO PARENTERALE;SUGAMMADEX*10 flaconcini EV 2 ml 100 mg/ml;814,62;493,58;-;ACCORD HEALTHCARE SLU;049672013;BLK;
Sugammadex;SUGAMMADEX 200MG 2ML 10 UNITA' USO PARENTERALE;SUGAMMADEX*10 flaconcini EV 2 ml 100 mg/ml;814,62;493,58;-;TEVA B.V.;049859010;BLK;
Sugammadex;SUGAMMADEX 200MG 2ML 10 UNITA' USO PARENTERALE;SUGAMMADEX*10 flaconcini EV 2 ml 100 mg/ml;814,62;493,58;-;TILLOMED ITALIA Srl;050099011;BLK;
Sugammadex;SUGAMMADEX 200MG 2ML 10 UNITA' USO PARENTERALE;SUGAMMADEX*10 flaconcini EV 2 ml 100 mg/ml;814,62;493,58;-;MEDAC PHARMA Srl;050154018;BLK;
Sugammadex;SUGAMMADEX 200MG 2ML 10 UNITA' USO PARENTERALE;SUGAMMADEX*10 flaconcini EV 2 ml 100 mg/ml;814,62;493,58;-;FRESENIUS KABI DEUTSCH.GMBH;050227026;BLK;
Sugammadex;SUGAMMADEX 200MG 2ML 10 UNITA' USO PARENTERALE;SUGAMMADEX*10 flaconcini EV 2 ml 100 mg/ml;814,62;493,58;-;QILU PHARMA SPAIN S.L.;050311012;BLK;
Sugammadex;SUGAMMADEX 200MG 2ML 10 UNITA' USO PARENTERALE;SUGAMMADEX*10 flaconcini EV 2 ml 100 mg/ml;814,62;493,58;-;ASPEN PHARMA TRADING LIMITED;050450016;BLK;
Sugammadex;SUGAMMADEX 200MG 2ML 10 UNITA' USO PARENTERALE;SUGAMMADEX*10 flaconcini EV 2 ml 100 mg/ml;814,62;493,58;-;EG SpA;050477013;BLK;
Sugammadex;SUGAMMADEX 200MG 2ML 10 UNITA' USO PARENTERALE;SUGAMMADEX*10 flaconcini EV 2 ml 100 mg/ml;814,62;493,58;-;FISIOPHARMA Srl;050534039;BLK;
Sugammadex;SUGAMMADEX 500MG 5ML 10 UNITA' USO PARENTERALE;SUGAMMADEX*10 flaconcini EV 5 ml 100 mg/ml;2036,50;1233,95;-;SANDOZ SpA;049366026;BLL;
Sugammadex;SUGAMMADEX 500MG 5ML 10 UNITA' USO PARENTERALE;SUGAMMADEX*10 flaconcini EV 5 ml 100 mg/ml;2036,50;1233,95;-;DR. REDDY'S Srl;049608045;BLL;
Sugammadex;SUGAMMADEX 500MG 5ML 10 UNITA' USO PARENTERALE;SUGAMMADEX*10 flaconcini EV 5 ml 100 mg/ml;2036,50;1233,95;-;ZENTIVA ITALIA Srl;049671023;BLL;
Sugammadex;SUGAMMADEX 500MG 5ML 10 UNITA' USO PARENTERALE;SUGAMMADEX*10 flaconcini EV 5 ml 100 mg/ml;2036,50;1233,95;-;ACCORD HEALTHCARE SLU;049672025;BLL;
Sugammadex;SUGAMMADEX 500MG 5ML 10 UNITA' USO PARENTERALE;SUGAMMADEX*10 flaconcini EV 5 ml 100 mg/ml;2036,50;1233,95;-;TEVA B.V.;049859022;BLL;
Sugammadex;SUGAMMADEX 500MG 5ML 10 UNITA' USO PARENTERALE;SUGAMMADEX*10 flaconcini EV 5 ml 100 mg/ml;2036,50;1233,95;-;TILLOMED ITALIA Srl;050099023;BLL;
Sugammadex;SUGAMMADEX 500MG 5ML 10 UNITA' USO PARENTERALE;SUGAMMADEX*10 flaconcini EV 5 ml 100 mg/ml;2036,50;1233,95;-;MEDAC PHARMA Srl;050154020;BLL;
Sugammadex;SUGAMMADEX 500MG 5ML 10 UNITA' USO PARENTERALE;SUGAMMADEX*10 flaconcini EV 5 ml 100 mg/ml;2036,50;1233,95;-;BAXTER HOLDING BV;050179023;BLL;
Sugammadex;SUGAMMADEX 500MG 5ML 10 UNITA' USO PARENTERALE;SUGAMMADEX*10 flaconcini EV 5 ml 100 mg/ml;2036,50;1233,95;-;FRESENIUS KABI DEUTSCH.GMBH;050227038;BLL;
Sugammadex;SUGAMMADEX 500MG 5ML 10 UNITA' USO PARENTERALE;SUGAMMADEX*10 flaconcini EV 5 ml 100 mg/ml;2036,50;1233,95;-;QILU PHARMA SPAIN S.L.;050311024;BLL;
Sugammadex;SUGAMMADEX 500MG 5ML 10 UNITA' USO PARENTERALE;SUGAMMADEX*10 flaconcini EV 5 ml 100 mg/ml;2036,50;1233,95;-;ASPEN PHARMA TRADING LIMITED;050450028;BLL;
Sugammadex;SUGAMMADEX 500MG 5ML 10 UNITA' USO PARENTERALE;SUGAMMADEX*10 flaconcini EV 5 ml 100 mg/ml;2036,50;1233,95;-;EG SpA;050477025;BLL;
Sugammadex;SUGAMMADEX 500MG 5ML 10 UNITA' USO PARENTERALE;SUGAMMADEX*10 flaconcini EV 5 ml 100 mg/ml;2036,50;1233,95;-;ORION CORPORATION;050504048;BLL;
Sugammadex;SUGAMMADEX 500MG 5ML 10 UNITA' USO PARENTERALE;SUGAMMADEX*10 flaconcini EV 5 ml 100 mg/ml;2036,51;1233,96;-;FISIOPHARMA Srl;050534041;BLL;
Sunitinib;SUNITINIB 12,5MG 30 UNITA' USO ORALE;SUNITINIB*30 cps 12,5 mg;1452,97;880,37;-;EG SpA;047597101;BLQ;
Sunitinib;SUNITINIB 12,5MG 30 UNITA' USO ORALE;SUNITINIB*30 cps 12,5 mg;1452,97;880,37;-;ZENTIVA ITALIA Srl;048313035;BLQ;
Sunitinib;SUNITINIB 12,5MG 30 UNITA' USO ORALE;SUNITINIB*30 cps 12,5 mg flacone;1452,97;880,37;-;SANDOZ SpA;046171029;BLQ;
Sunitinib;SUNITINIB 12,5MG 30 UNITA' USO ORALE;SUNITINIB*30 cps 12,5 mg flacone;1452,97;880,38;-;MYLAN SpA;047602038;BLQ;
Sunitinib;SUNITINIB 12,5MG 30 UNITA' USO ORALE;SUNITINIB*30 cps 12,5 mg flacone;1452,97;880,37;-;ACCORD HEALTHCARE SLU;049371038;BLQ;
Sunitinib;SUNITINIB 25MG 30 UNITA' USO ORALE;SUNITINIB*30 cps 25 mg;2906,25;1760,94;-;EG SpA;047597113;BLR;
Sunitinib;SUNITINIB 25MG 30 UNITA' USO ORALE;SUNITINIB*30 cps 25 mg;2906,25;1760,94;-;ZENTIVA ITALIA Srl;048313074;BLR;
Sunitinib;SUNITINIB 25MG 30 UNITA' USO ORALE;SUNITINIB*30 cps 25 mg flacone;2906,25;1760,94;-;SANDOZ SpA;046171043;BLR;
Sunitinib;SUNITINIB 25MG 30 UNITA' USO ORALE;SUNITINIB*30 cps 25 mg flacone;2906,25;1760,94;-;MYLAN SpA;047602065;BLR;
Sunitinib;SUNITINIB 25MG 30 UNITA' USO ORALE;SUNITINIB*30 cps 25 mg flacone;2906,25;1760,94;-;ACCORD HEALTHCARE SLU;049371065;BLR;
Sunitinib;SUNITINIB 37,5MG 30 UNITA' USO ORALE;SUNITINIB*30 cps 37,5 mg flacone;4359,43;2641,44;-;ACCORD HEALTHCARE SLU;049371091;LTR;
Sunitinib;SUNITINIB 50MG 30 UNITA' USO ORALE;SUNITINIB*30 cps 50 mg;5812,50;3521,87;-;ZENTIVA ITALIA Srl;048313151;BLS;
Sunitinib;SUNITINIB 50MG 30 UNITA' USO ORALE;SUNITINIB*30 cps 50 mg flacone;5812,50;3521,87;-;SANDOZ SpA;046171082;BLS;
Sunitinib;SUNITINIB 50MG 30 UNITA' USO ORALE;SUNITINIB*30 cps 50 mg flacone;5812,50;3521,87;-;MYLAN SpA;047602127;BLS;
Sunitinib;SUNITINIB 50MG 30 UNITA' USO ORALE;SUNITINIB*30 cps 50 mg flacone;5812,50;3521,87;-;ACCORD HEALTHCARE SLU;049371127;BLS;
Sunitinib;SUNITINIB 12,5MG 30 UNITA' USO ORALE;SUNITINIB*30 cps rig 12,5 mg flacone;1452,97;880,37;-;TEVA B.V.;045834052;BLQ;
Sunitinib;SUNITINIB 25MG 30 UNITA' USO ORALE;SUNITINIB*30 cps rig 25 mg flacone;2906,25;1760,94;-;TEVA B.V.;045834102;BLR;
Sunitinib;SUNITINIB 50MG 30 UNITA' USO ORALE;SUNITINIB*30 cps rig 50 mg flacone;5812,50;3521,87;-;TEVA B.V.;045834203;BLS;
Sunitinib;SUNITINIB 12,5MG 30 UNITA' USO ORALE;SUNITINIB*30x1 cps 12,5 mg;1452,97;880,37;-;DR. REDDY'S Srl;049456066;BLQ;
Sunitinib;SUNITINIB 25MG 30 UNITA' USO ORALE;SUNITINIB*30x1 cps 25 mg;2906,25;1760,94;-;DR. REDDY'S Srl;049456179;BLR;
Sunitinib;SUNITINIB 50MG 30 UNITA' USO ORALE;SUNITINIB*30x1 cps 50 mg;5812,50;3521,87;-;DR. REDDY'S Srl;049456282;BLS;
Lenacapavir;LENACAPAVIR 309MG/ML 1,5ML 2 UNITA' USO PARENTERALE;SUNLENCA*2 flaconcini SC 309 mg/ml 1,5 ml;30120,61;18250,36;-;GILEAD SCIENCES IRELAND UC;050232026;MTY;
Lenacapavir;LENACAPAVIR 300MG 5 UNITA' USO ORALE;SUNLENCA*5 cpr riv 300 mg;5019,61;3041,43;-;GILEAD SCIENCES IRELAND UC;050232014;MTZ;
Desflurano;DESFLURANO 240ML 6 UNITA' USO INALATORIO;SUPRANE*6 flaconi liq inal 240 ml in alluminio;936,98;567,73;-;BAXTER SpA;029288040;AKT;
Sunitinib;SUNITINIB 12,5MG 30 UNITA' USO ORALE;SUTENT*30 cps 12,5 mg;2178,37;1319,91;-;PFIZER EUROPE MA EEIG;037192022;BLQ;
Sunitinib;SUNITINIB 25MG 30 UNITA' USO ORALE;SUTENT*30 cps 25 mg;4357,19;2640,09;-;PFIZER EUROPE MA EEIG;037192010;BLR;
Sunitinib;SUNITINIB 50MG 30 UNITA' USO ORALE;SUTENT*30 cps 50 mg;8714,39;5280,17;-;PFIZER EUROPE MA EEIG;037192034;BLS;
Siltuximab;SILTUXIMAB 100MG 8ML 1 UNITA' USO PARENTERALE;SYLVANT*1 flaconcino polv soluz infus 100 mg;752,19;455,76;-;RECORDATI NETHERLANDS BV;043447010;IRJ;
Siltuximab;SILTUXIMAB 400MG 30ML 1 UNITA' USO PARENTERALE;SYLVANT*1 flaconcino polv soluz infus 400 mg;3008,75;1823,05;-;RECORDATI NETHERLANDS BV;043447022;IVK;
Darunavir/cobicistat/emtricitabina/tenofovir alafenamide;DARUNAVIR+COBICISTAT+EMTRICITABINA+TENOFOVIR ALAFENAMIDE 30 UNITA' USO ORALE;SYMTUZA*30 cpr riv 800 mg + 150 mg + 200 mg + 10 mg flacone;1489,96;902,79;-;JANSSEN CILAG INTERNAT.N.V.;045660014;KHJ;
Ossitocina;OSSITOCINA 5UI 1ML 6 UNITA' USO PARENTERALE;SYNTOCINON*6 fiale IM EV 5 UI 1 ml;3,10;1,88;-;ALFASIGMA SpA;014684029;BGT;
Capmatinib;CAPMATINIB 150MG 120 UNITA' USO ORALE;TABRECTA*120 cpr riv 150 mg;11915,89;7220,00;-;NOVARTIS EUROPHARM LTD;050167028;MKZ;
Capmatinib;CAPMATINIB 200MG 120 UNITA' USO ORALE;TABRECTA*120 cpr riv 200 mg;11915,89;7220,00;-;NOVARTIS EUROPHARM LTD;050167042;MLB;
Dabrafenib;DABRAFENIB 50MG 120 UNITA' USO ORALE;TAFINLAR*120 cps 50 mg flacone;8809,21;5337,62;-;NOVARTIS EUROPHARM LTD;042923021;IZF;
Dabrafenib;DABRAFENIB 75MG 120 UNITA' USO ORALE;TAFINLAR*120 cps 75 mg flacone;13213,81;8006,43;-;NOVARTIS EUROPHARM LTD;042923045;IZG;
Osimertinib;OSIMERTINIB 40MG 28 UNITA' USO ORALE;TAGRISSO*28x1 cpr riv 40 mg;9100,75;5514,28;-;ASTRAZENECA AB;044729034;JUT;
Osimertinib;OSIMERTINIB 80MG 28 UNITA' USO ORALE;TAGRISSO*28x1 cpr riv 80 mg;9100,75;5514,28;-;ASTRAZENECA AB;044729046;JUU;
Triamcinolone;TRIAMCINOLONE 80MG 1 ML 1 UNITA' USO INTRAVITREALE;TAIOFTAL*1 flaconcino 80 mg 1 ml uso intravitreo;126,06;76,38;-;FIDIA FARMACEUTICI SpA;040637011;IOD;
Piperacillina/tazobactam;PIPERACILLINA+TAZOBACTAM 4+0,5G 1 UNITA' USO PARENTERALE;TAIPER*1 flacone 4 g + 500 mg;13,82;8,38;-;ERREKAPPA EUROTERAPICI SpA;037667021;BHZ;
Talidomide;TALIDOMIDE 50MG 28 UNITA' USO ORALE;TALIDOMIDE*28 cps 50 mg;571,38;346,20;-;BRISTOL M.SQUIBB PHARMA EEIG;038572018;BLU;
Talidomide;TALIDOMIDE 50MG 28 UNITA' USO ORALE;TALIDOMIDE*28 cps 50 mg divisibile per dose unitaria;399,96;242,34;-;ACCORD HEALTHCARE SLU;048246021;BLU;
Ixekizumab;IXEKIZUMAB 80MG 2 UNITA' USO PARENTERALE;TALTZ*2 penne preriempite SC 1 ml 80 mg;3342,79;2025,40;-;ELI LILLY AND COMPANY LIMITED;044863025;JZU;
Ixekizumab;IXEKIZUMAB 80MG 2 UNITA' USO PARENTERALE;TALTZ*2 siringhe preriempite SC 1 ml 80 mg;3342,79;2025,40;-;ELI LILLY AND COMPANY LIMITED;044863052;JZU;
Talquetamab;TALQUETAMAB 40MG 1ML 1 UNITA' USO SOTTOCUTANEO;TALVEY*1 flaconcino SC 1 ml 40 mg/ml;7562,00;4581,92;-;JANSSEN CILAG INTERNAT.N.V.;050827029;NRK;
Talquetamab;TALQUETAMAB 3MG 1,5ML 1 UNITA' USO SOTTOCUTANEO;TALVEY*1 flaconcino SC 1,5 ml 2 mg/ml;567,15;343,64;-;JANSSEN CILAG INTERNAT.N.V.;050827017;NRJ;
Talazoparib;TALAZOPARIB 0,1MG 30 UNITA' USO ORALE;TALZENNA*30 cps 0,1 mg flacone;2877,67;1743,62;-;PFIZER EUROPE MA EEIG;048057071;NBD;
Talazoparib;TALAZOPARIB 0,25MG 30 UNITA' USO ORALE;TALZENNA*30 cps rigide 0,25 mg flacone;3029,13;1835,39;-;PFIZER EUROPE MA EEIG;048057018;LQE;
Talazoparib;TALAZOPARIB 1MG 30 UNITA' USO ORALE;TALZENNA*30 cps rigide 1 mg flacone;8633,00;5230,85;-;PFIZER EUROPE MA EEIG;048057057;LQD;
Erlotinib;ERLOTINIB 100MG 30 UNITA' USO ORALE;TARCEVA*30 cpr riv 100 mg;2466,59;1494,54;-;CHEPLAPHARM REGISTRATION GMBH;036871022;AOT;
Erlotinib;ERLOTINIB 150MG 30 UNITA' USO ORALE;TARCEVA*30 cpr riv 150 mg;3077,28;1864,57;-;CHEPLAPHARM REGISTRATION GMBH;036871034;AOU;
Teicoplanina;TEICOPLANINA 400MG 1 UNITA' USO PARENTERALE O ORALE;TARGOSID*1 flaconcino IM EV orale 400 mg + 1 fiala solv 3 ml;74,91;45,39;-;SANOFI Srl;026458024;BLW;
Nilotinib;NILOTINIB 150MG 112 UNITA' USO ORALE;TASIGNA*112 cps 150 mg;4629,36;2804,97;-;NOVARTIS EUROPHARM LTD;038328062;BFH;
Nilotinib;NILOTINIB 200MG 112 UNITA' USO ORALE;TASIGNA*4x28 cps 200 mg;6172,47;3739,96;-;NOVARTIS EUROPHARM LTD;038328086;BFI;
Fostamatinib;FOSTAMATINIB 100MG 60 UNITA' USO ORALE;TAVLESSE*60 cpr riv 100 mg flacone;5511,10;3339,25;-;INSTITUTO GRIFOLS S.A.;048441012;LQS;
Fostamatinib;FOSTAMATINIB 150MG 60 UNITA' USO ORALE;TAVLESSE*60 cpr riv 150 mg flacone;8266,64;5008,88;-;INSTITUTO GRIFOLS S.A.;048441024;LQT;
Avacopan;AVACOPAN 10MG 180 UNITA' USO ORALE;TAVNEOS*180 cps 10 mg flacone;9504,41;5758,85;-;VIFOR FRESENIUS M.C.R.P.FRANCE;049881028;MZI;
Avacopan;AVACOPAN 10MG 30 UNITA' USO ORALE;TAVNEOS*30 cps 10 mg flacone;1584,07;959,81;-;VIFOR FRESENIUS M.C.R.P.FRANCE;049881016;MZH;
Cefotaxima;CEFOTAXIMA 2.000MG 1 UNITA' USO PARENTERALE;TAXIME*1 fiala EV 2 g + 1 fiala solv 10 ml;9,49;4,31;-;PHARMATEX ITALIA Srl;035068042;AHM;
Docetaxel;DOCETAXEL 80MG 4ML 1 UNITA' USO PARENTERALE;TAXOTERE*1 flaconcino EV 80 mg 4 ml;787,52;477,17;-;SANOFI WINTHROP INDUSTRIE;032391043;ALR;
Docetaxel;DOCETAXEL 160MG 8ML 1 UNITA' USO PARENTERALE;TAXOTERE*1 flacone EV 160 mg 8 ml;1496,29;906,62;-;SANOFI WINTHROP INDUSTRIE;032391056;ALK;
Docetaxel;DOCETAXEL 20MG 1ML 1 UNITA' USO PARENTERALE;TAXOTERE*1 flacone EV 20 mg 1 ml;210,90;127,78;-;SANOFI WINTHROP INDUSTRIE;032391031;ALM;
Piperacillina/tazobactam;PIPERACILLINA+TAZOBACTAM 4+0,5G 1 UNITA' USO PARENTERALE;TAZOPENIL*1 flacone EV 4 g + 0,5 g;13,82;8,38;-;AESCULAPIUS FARMACEUTICI Srl;038181020;BHZ;
Brexucabtagene autoleucel  ;BREXUCABTAGENE AUTOLEUCEL (CELLULE CD3 + AUTOLOGHE TRASDOTTE ANTI-CD19);TECARTUS*1 sacca EV 0,4x10 all'ottava - 2x10 all'ottava cellule dispersione per infusione;536214,96;324900,00;-;KITE PHARMA EU B.V.;049148012;LQR;
Atezolizumab;ATEZOLIZUMAB 1.200MG 1 UNITA' USO PARENTERALE;TECENTRIQ*1 flaconcino EV 1.200 mg 20 ml;7596,38;4602,75;-;ROCHE REGISTRATION GMBH;045590015;KIB;
Atezolizumab;ATEZOLIZUMAB 840MG 1 UNITA' USO PARENTERALE;TECENTRIQ*1 flaconcino EV 840 mg 14 ml;5317,46;3221,93;-;ROCHE REGISTRATION GMBH;045590027;KYR;
Atezolizumab;ATEZOLIZUMAB 1.875MG 1 UNITA' USO PARENTERALE;TECENTRIQ*1 flaconcino SC 1.875 mg 15 ml;7786,73;4718,09;-;ROCHE REGISTRATION GMBH;045590039;NAN;
Teclistamab;TECLISTAMAB 3ML 10MG/ML 1 UNITA' USO PARENTERALE;TECVAYLI*1 flaconcino SC 10 mg/ml 3 ml;1347,96;816,74;-;JANSSEN CILAG INTERNAT.N.V.;050296019;MMI;
Teclistamab;TECLISTAMAB 1,7ML 90MG/ML 1 UNITA' USO PARENTERALE;TECVAYLI*1 flaconcino SC 90 mg/ml 1,7 ml;6874,54;4165,38;-;JANSSEN CILAG INTERNAT.N.V.;050296021;MMJ;
Inotersen;INOTERSEN 284MG 1,5ML 4 UNITA' USO PARENTERALE;TEGSEDI*4 siringhe preriempite SC 1,5 ml 189 mg/ml;35628,51;21587,80;-;AKCEA THERAPEUTICS IRELAND LTD;046924027;LDF;
Teicoplanina;TEICOPLANINA 400MG 1 UNITA' USO PARENTERALE O ORALE;TEICOPLANINA*1 flaconcino polv 400 mg + 1 fiala solv 3 ml;55,05;33,35;-;ALTAN PHARMA LIMITED;046457040;BLW;
Teicoplanina;TEICOPLANINA 400MG 1 UNITA' USO PARENTERALE O ORALE;TEICOPLANINA*1 flaconcino polv EV IM orale 400 mg;56,18;34,04;-;HIKMA FARMACEUTICA S.A.;042106029;BLW;
Teicoplanina;TEICOPLANINA 400MG 1 UNITA' USO PARENTERALE O ORALE;TEICOPLANINA*1 flacone EV IM orale 400 mg + 1 fiala solv 3 ml;56,18;34,04;-;IBIGEN Srl;044964043;BLW;
Teicoplanina;TEICOPLANINA 400MG 1 UNITA' USO PARENTERALE O ORALE;TEICOPLANINA*1 flacone EV IM orale 400 mg + 1 fiala solv 3 ml;55,05;33,35;-;BRADEX COMMERCIAL S.A.;048352076;BLW;
Teicoplanina;TEICOPLANINA 400MG 1 UNITA' USO PARENTERALE O ORALE;TEICOPLANINA*infus 1 flaconcino polv 400 mg 10 ml;55,05;33,35;-;ALTAN PHARMACEUTICALS S.A.;046457065;BLW;
Oritavancina;ORITAVANCINA 400 MG 3 UNITA' USO PARENTERALE;TENKASI*3 flaconcini EV polv 400 mg;4031,19;2442,55;-;MENARINI INTERNAT. O.L.S.A;044015016;LUU;
Tenofovir disoproxil;TENOFOVIR DISOPROXIL 245MG 30 UNITA' USO ORALE;TENOFOVIR DISOPROXIL*30 cpr 245 mg flacone;98,70;59,80;-;AUROBINDO PHARMA ITALIA Srl;045097159;BMC;
Tenofovir disoproxil;TENOFOVIR DISOPROXIL 245MG 30 UNITA' USO ORALE;TENOFOVIR DISOPROXIL*30 cpr riv 245 mg flacone;197,39;119,61;-;TEVA ITALIA Srl;043685092;BMC;
Tenofovir disoproxil;TENOFOVIR DISOPROXIL 245MG 30 UNITA' USO ORALE;TENOFOVIR DISOPROXIL*30 cpr riv 245 mg flacone;60,00;36,36;-;DOC GENERICI Srl;044101018;BMC;
Tenofovir disoproxil;TENOFOVIR DISOPROXIL 245MG 30 UNITA' USO ORALE;TENOFOVIR DISOPROXIL*30 cpr riv 245 mg flacone;197,39;119,61;-;VIATRIS LIMITED;045219019;BMC;
Tenofovir disoproxil;TENOFOVIR DISOPROXIL 245MG 30 UNITA' USO ORALE;TENOFOVIR DISOPROXIL*30 x 1 cpr riv 245 mg;197,39;119,61;-;SANDOZ SpA;044584011;BMC;
Tiotepa;TIOTEPA 100MG 10ML 1 UNITA' USO PARENTERALE;TEPADINA*1 flaconcino EV 100 mg 10 mg/ml;1277,08;773,44;-;ADIENNE Srl S.U.;039801028;CLF;
Tiotepa;TIOTEPA 15MG 1,5ML 1 UNITA' USO PARENTERALE;TEPADINA*1 flaconcino EV 15 mg 10 mg/ml;212,10;128,16;-;ADIENNE Srl S.U.;039801016;CLG;
Tiotepa;TIOTEPA 200MG 200ML 1 UNITA' USO PARENTERALE;TEPADINA*1 sacca EV 200 mg 200 ml;2393,42;1450,21;-;ADIENNE Srl S.U.;039801042;NSV;
Tiotepa;TIOTEPA 400MG 400ML 1 UNITA' USO PARENTERALE;TEPADINA*1 sacca EV 400 mg 400 ml;4786,83;2900,41;-;ADIENNE Srl S.U.;039801030;LTO;
Epcoritamab;EPCORITAMAB 4MG 0,8ML 1 UNITA' USO PARENTERALE;TEPKINLY*1 flaconcino SC 4 mg 0,8 ml 5 mg/ml;839,07;508,40;-;ABBVIE DEUTSCHLAND GmbH&CO.KG;050855016;MXL;
Epcoritamab;EPCORITAMAB 48MG 0,8ML 1 UNITA' USO PARENTERALE;TEPKINLY*1 flaconcino SC 48 mg 0,8 ml 60 mg/ml;10068,93;6100,90;-;ABBVIE DEUTSCHLAND GmbH&CO.KG;050855028;MXK;
Tepotinib;TEPOTINIB 225MG 60 UNITA' USO ORALE;TEPMETKO*60 cpr riv 225 mg;14767,75;8947,92;-;MERCK EUROPE BV;049967019;MKO;
Terlipressina;TERLIPRESSINA 2MG 10ML 5UNITA' USO PARENTERALE;TERLIPRESSINA ACETATO*5 flaconcini 10 ml 0,2 mg/ml;273,90;165,97;-;EVER VALINJECT GMBH;044409047;JZR;
Terlipressina;TERLIPRESSINA 1MG 5ML 5 UNITA' USO PARENTERALE;TERLIPRESSINA ACETATO*5 flaconcini 5 ml 0,2 mg/ml;160,18;97,05;-;EVER VALINJECT GMBH;044409023;BME;
Terlipressina;TERLIPRESSINA 0,85MG 8,5ML 5 UNITA' USO PARENTERALE;TERLIPRESSINA*5 fiale 8,5 ml 0,1 mg/ml;160,18;97,05;-;SUN PHARMACEUTICAL IND.EU.B.V.;042446017;BMD;
Piperacillina/tazobactam;PIPERACILLINA+TAZOBACTAM 4+0,5G 1 UNITA' USO PARENTERALE;TEXTAZO*1 flaconcino EV 4 g + 500 mg;13,82;8,38;-;PHARMATEX ITALIA Srl;038558021;BHZ;
Trometamolo;TROMETAMOLO 3,6% 250ML 1 UNITA' USO PARENTERALE;THAMESOL*1 flacone EV 3,6% 250 ml;7,86;3,56;-;DIACO BIOFARMACEUTICI Srl;021253024;BOH;
Tiotepa;TIOTEPA 100MG 10ML 1 UNITA' USO PARENTERALE;THIOTEPA RIEMSER*1 flaconcino EV 100 mg;893,54;541,41;-;ESTEVE PHARMACEUTICALS GmbH;049427026;CLF;
Tiotepa;TIOTEPA 100MG 10ML 1 UNITA' USO PARENTERALE;THIOTEPA*1 flaconcino EV 100 mg per soluzione in 10 ml di solvente non incluso;893,54;541,41;-;MEDAC GMBH;050495023;CLF;
Tiotepa;TIOTEPA 15MG 1,5ML 1 UNITA' USO PARENTERALE;THIOTEPA*1 flaconcino EV 15 mg;148,06;89,71;-;MEDAC GMBH;050495011;CLG;
Immunoglobulina di coniglio antitimociti umani;IMMUNOGLOBULINA DI CONIGLIO ANTITIMOCITI UMANI 25MG 5ML 1 UNITA' USO PARENTERALE;THYMOGLOBULINE*1 flaconcino EV 25 mg 5 ml;311,18;188,55;-;GENZYME EUROPE B.V.;033177027;AUK;
Tirotropina;TIROTROPINA 0,9MG 1ML 2 UNITA' USO PARENTERALE;THYROGEN*2 fiale IM 0,9 mg 1 ml;1073,12;650,22;-;SANOFI WINTHROP INDUSTRIE;034716023;BMP;
Ivosidenib;IVOSIDENIB 250MG 60 UNITA' USO ORALE;TIBSOVO*60 cpr riv 250 mg flacone;20555,06;12454,50;-;LES LABORATOIRES SERVIER;050710019;NQD;
Tigeciclina;TIGECICLINA 50MG 5ML 10 UNITA' USO PARENTERALE;TIGECICLINA*10 flaconcini 5 ml 50 mg;543,34;329,21;-;MYLAN SpA;044987028;BMK;
Tigeciclina;TIGECICLINA 50MG 5ML 10 UNITA' USO PARENTERALE;TIGECICLINA*10 flaconcini 5 ml 50 mg;543,34;329,21;-;TEVA ITALIA Srl;045205022;BMK;
Tigeciclina;TIGECICLINA 50MG 5ML 10 UNITA' USO PARENTERALE;TIGECICLINA*10 flaconcini polv EV 50 mg;543,34;329,21;-;HIKMA FARMACEUTICA S.A.;048826022;BMK;
Glutatione;GLUTATIONE 2.400MG 25ML 1 UNITA' USO PARENTERALE;TIOREDOX*1 flacone soluz infus 2,4 g + 1 flacone solv 25 ml;7,56;4,59;-;BIOMEDICA FOSCAMA IND.CH.F.SpA;028850028;FGE;
Tiotepa;TIOTEPA 100MG 10ML 1 UNITA' USO PARENTERALE;TIOTEPA*1 flaconcino EV 100 mg polvere;893,54;541,41;-;SEACROSS PHARMA EUROPE LTD;051337020;CLF;
Tiotepa;TIOTEPA 15MG 1,5ML 1 UNITA' USO PARENTERALE;TIOTEPA*1 flaconcino EV 15 mg polvere;148,06;89,71;-;SEACROSS PHARMA EUROPE LTD;051337018;CLG;
Tiotepa;TIOTEPA 100MG 10ML 1 UNITA' USO PARENTERALE;TIOTEPA*1 flaconcino polv INFUS EV 100 mg;893,54;541,41;-;FRESENIUS KABI ITALIA Srl;050587029;CLF;
Tiotepa;TIOTEPA 15MG 1,5ML 1 UNITA' USO PARENTERALE;TIOTEPA*1 flaconcino polv INFUS EV 15 mg;148,06;89,71;-;FRESENIUS KABI ITALIA Srl;050587017;CLG;
Tirofiban;TIROFIBAN 12,5MG 250ML 1 UNITA' USO PARENTERALE;TIROFIBAN*1 sacca infus 250 ml 50 mcg/ml;184,03;111,51;-;IBIGEN Srl;042492013;HRC;
Fibrinogeno/Aprotinina/Trombina Umana/Calcio Cloruro/Fattore XIII;FIBRINOGENO+APROTININA+TROMBINA UMANA+CALCIO CLORURO+FATTORE XIII 2ML 1 UNITA' ADESIVO TISSUTALE;TISSEEL*adesivo tissutale 1 siringa 1 ml soluz proteine coagulabili + 1 ml soluz trombina + set;167,68;101,60;-;BAXTER SpA;025243179;AQI;
Fibrinogeno/Aprotinina/Trombina Umana/Calcio Cloruro/Fattore XIII;FIBRINOGENO+APROTININA+TROMBINA UMANA+CALCIO CLORURO+FATTORE XIII 4ML 1 UNITA' ADESIVO TISSUTALE;TISSEEL*adesivo tissutale 1 siringa 2 ml soluz proteine coagulabili + 2 ml soluz trombina + set;296,38;179,58;-;BAXTER SpA;025243181;AQJ;
Fibrinogeno/Aprotinina/Trombina Umana/Calcio Cloruro/Fattore XIII;FIBRINOGENO+APROTININA+TROMBINA UMANA+CALCIO CLORURO+FATTORE XIII 10ML 1 UNITA' ADESIVO TISSUTALE;TISSEEL*adesivo tissutale 1 siringa 5 ml soluz proteine coagulabili + 5 ml soluz trombina + set;754,82;457,35;-;BAXTER SpA;025243193;AQH;
Dolutegravir;DOLUTEGRAVIR 10MG 30 UNITA' USO ORALE;TIVICAY*30 cpr riv 10 mg flacone;180,16;109,16;-;VIIV HEALTHCARE BV;043195039;KOZ;
Dolutegravir;DOLUTEGRAVIR 25MG 30 UNITA' USO ORALE;TIVICAY*30 cpr riv 25 mg flacone;450,41;272,91;-;VIIV HEALTHCARE BV;043195054;KPB;
Dolutegravir;DOLUTEGRAVIR 50MG 30 UNITA' USO ORALE;TIVICAY*30 cpr riv 50 mg flacone;900,79;545,80;-;VIIV HEALTHCARE BV;043195015;IZD;
Dolutegravir;DOLUTEGRAVIR 5MG 60 UNITA' USO ORALE;TIVICAY*60 cpr dispers 5 mg flacone + bicchierino dosatore + siringa per uso orale;180,16;109,16;-;VIIV HEALTHCARE BV;043195078;MJM;
Alitretinoina;ALITRETINOINA 10MG 30 UNITA' USO ORALE;TOCTINO*30 cps molli 10 mg;616,65;373,64;-;STIEFEL LAB.LEGACY  ;038849016;ACY;
Alitretinoina;ALITRETINOINA 30MG 30 UNITA' USO ORALE;TOCTINO*30 cps molli 30 mg;616,65;373,64;-;STIEFEL LAB.LEGACY  ;038849030;ACZ;
Tolvaptan;TOLVAPTAN 15MG 10 UNITA' USO ORALE;TOLVAPTAN*10 cpr 15 mg;871,35;527,96;-;TEVA B.V.;050446057;TAF;
Tolvaptan;TOLVAPTAN 30MG 10 UNITA' USO ORALE;TOLVAPTAN*10 cpr 30 mg;871,35;527,96;-;TEVA B.V.;050446172;TAG;
Tolvaptan;TOLVAPTAN 15MG 10 UNITA' USO ORALE;TOLVAPTAN*10x1 cpr 15 mg;871,35;527,96;-;ACCORD HEALTHCARE SLU;050637065;TAF;
Tolvaptan;TOLVAPTAN 30MG 10 UNITA' USO ORALE;TOLVAPTAN*10x1 cpr 30 mg;871,35;527,96;-;ACCORD HEALTHCARE SLU;050637103;TAG;
Tolvaptan;TOLVAPTAN 7,5MG 10 UNITA' USO ORALE;TOLVAPTAN*10x1 cpr 7,5 mg;871,35;527,96;-;ACCORD HEALTHCARE SLU;050637026;LTQ;
Raltitrexed;RALTITREXED 2MG 1 UNITA' USO PARENTERALE;TOMUDEX*1 flacone polv EV 2 mg;261,60;118,90;-;PFIZER ITALIA Srl;031251010;BIZ;
Padeliporfina;PADELIPORFINA 183MG 1 UNITA' USO PARENTERALE;TOOKAD*1 flaconcino EV polvere 183 mg;7014,19;4250,00;-;STEBA BIOTECH S.A.;045774015;KOT;
Padeliporfina;PADELIPORFINA 366MG 1 UNITA' USO PARENTERALE;TOOKAD*1 flaconcino EV polvere 366 mg;14028,39;8500,00;-;STEBA BIOTECH S.A.;045774027;KQU;
Topotecan;TOPOTECAN 4MG 4ML 1 UNITA' USO PARENTERALE;TOPOTECAN*1 flaconcino infus 4 mg 4 ml;156,23;94,67;-;ACCORD HEALTHCARE SLU;040877033;IMZ;
Topotecan;TOPOTECAN 4MG 4ML 5 UNITA' USO PARENTERALE;TOPOTECAN*5 flaconcini EV 4 mg 4 ml;1261,98;764,66;-;PFIZER EUROPE MA EEIG;040327025;BMZ;
Temsirolimus;TEMSIROLIMUS 30MG 1,8ML 1 UNITA' USO PARENTERALE;TORISEL*1 flaconcino EV 30 mg + 1 flaconcino solv 1,8 ml;1468,64;889,87;-;PFIZER EUROPE MA EEIG;038327019;BLY;
Ceftazidima;CEFTAZIDIMA 2.000MG 1 UNITA' USO PARENTERALE EV;TOTTIZIM*1 flaconcino EV 2 g;19,92;12,07;-;SO.SE.PHARM Srl;036501043;AHR;
Ceftazidima;CEFTAZIDIMA 1.000MG 1 UNITA' USO PARENTERALE EV;TOTTIZIM*1 flacone EV 1 g + 1 fiala solv 10 ml;9,37;5,68;-;SO.SE.PHARM Srl;036501031;AHP;
Trabectedina;TRABECTEDINA 0,25MG 1 UNITA' USO PARENTERALE;TRABECTEDINA*1 flaconcino EV 0,25 mg polv;552,61;334,83;-;SUN PHARMACEUTICAL IND.EU.B.V.;049506013;BNR;
Trabectedina;TRABECTEDINA 0,25MG 1 UNITA' USO PARENTERALE;TRABECTEDINA*1 flaconcino EV 0,25 mg polv;552,61;334,83;-;TEVA B.V.;049829017;BNR;
Trabectedina;TRABECTEDINA 0,25MG 1 UNITA' USO PARENTERALE;TRABECTEDINA*1 flaconcino EV 0,25 mg polv;552,61;334,83;-;EVER VALINJECT GMBH;050566013;BNR;
Trabectedina;TRABECTEDINA 1MG 1 UNITA' USO PARENTERALE;TRABECTEDINA*1 flaconcino EV 1 mg polv;2079,03;1259,71;-;SUN PHARMACEUTICAL IND.EU.B.V.;049506025;BNS;
Trabectedina;TRABECTEDINA 1MG 1 UNITA' USO PARENTERALE;TRABECTEDINA*1 flaconcino EV 1 mg polv;2079,03;1259,71;-;TEVA B.V.;049829029;BNS;
Trabectedina;TRABECTEDINA 1MG 1 UNITA' USO PARENTERALE;TRABECTEDINA*1 flaconcino EV 1 mg polv;2079,03;1259,71;-;EVER VALINJECT GMBH;050566025;BNS;
Trabectedina;TRABECTEDINA 0,25MG 1 UNITA' USO PARENTERALE;TRABECTEDINA*1 flaconcino INFUS EV 0,25 mg polv;552,61;334,83;-;EG SpA;050870017;BNR;
Trabectedina;TRABECTEDINA 1MG 1 UNITA' USO PARENTERALE;TRABECTEDINA*1 flaconcino INFUS EV 1 mg polv;2079,03;1259,71;-;EG SpA;050870029;BNS;
Bosentan;BOSENTAN 32MG 56 UNITA' USO ORALE;TRACLEER*56 cpr dispers 32 mg;3655,22;2214,74;-;JANSSEN CILAG INTERNAT.N.V.;035609066;AGK;
Atosiban;ATOSIBAN 6,75MG 0,9ML 1 UNITA' USO PARENTERALE;TRACTOCILE*1 fiala EV 0,9 ml 6,75 mg/0,9 ml;37,91;22,97;-;FERRING PHARMACEUTICALS A/S;035026018;AEW;
Atosiban;ATOSIBAN 37,5MG 5ML 1 UNITA' USO PARENTERALE;TRACTOCILE*1 flacone EV 5 ml 37,5 mg/5 ml;118,26;71,65;-;FERRING PHARMACEUTICALS A/S;035026020;AEV;
Danaparoid;DANAPAROID 750UI 0,6ML 10 UNITA' USO PARENTERALE;TRALEUSIN*10 fiale SC EV 0,6 ml 750 U anti Xa;920,74;557,89;-;VIATRIS ITALIA Srl;045957014;MBZ;
Ataluren;ATARULEN 1000MG 30 UNITA' USO ORALE;TRANSLARNA*orale grat 30 bust 1.000 mg;38155,92;23119,20;-;PTC THERAPEUTICS INTERNAT.LTD;043535032;JVD;
Ataluren;ATARULEN 125MG 30 UNITA' USO ORALE;TRANSLARNA*orale grat 30 bust 125 mg;4769,49;2889,90;-;PTC THERAPEUTICS INTERNAT.LTD;043535018;JUZ;
Ataluren;ATARULEN 250MG 30 UNITA' USO ORALE;TRANSLARNA*orale grat 30 bust 250 mg;9538,98;5779,80;-;PTC THERAPEUTICS INTERNAT.LTD;043535020;JVC;
Trastuzumab;TRASTUZUMAB 150MG 1 UNITA' USO PARENTERALE;TRAZIMERA*1 flacone polv EV 150 mg;763,10;462,37;-;PFIZER EUROPE MA EEIG;046922011;BNT;
Trastuzumab;TRASTUZUMAB 420MG 1 UNITA' USO PARENTERALE;TRAZIMERA*1 flacone polv EV 420 mg;2136,68;1294,64;-;PFIZER EUROPE MA EEIG;046922023;KOC;
Guselkumab;GUSELKUMAB 100MG 1ML 1 UNITA' USO PARENTERALE;TREMFYA*1 penna preriempita SC 100 mg/ml 1 ml;3404,74;2062,98;-;JANSSEN CILAG INTERNAT.N.V.;045772023;KOS;
Guselkumab;GUSELKUMAB 100MG 1ML 1 UNITA' USO PARENTERALE;TREMFYA*1 siringa preriempita SC 100 mg/ml 1 ml;3404,74;2062,98;-;JANSSEN CILAG INTERNAT.N.V.;045772011;KOS;
Treprostinil;TREPROSTINIL 20MG 20ML 1 UNITA' USO PARENTERALE;TREPROSTINIL*1 flaconcino EV SC 20 ml 1 mg/ml;3232,19;1958,43;-;DR. REDDY'S Srl;046546014;BNW;
Treprostinil;TREPROSTINIL 200MG 20ML 1 UNITA' USO PARENTERALE;TREPROSTINIL*1 flaconcino EV SC 20 ml 10 mg/ml;32321,85;19584,25;-;DR. REDDY'S Srl;046546040;BNV;
Treprostinil;TREPROSTINIL 50MG 20ML 1 UNITA' USO PARENTERALE;TREPROSTINIL*1 flaconcino EV SC 20 ml 2,5 mg/ml;8080,46;4896,06;-;DR. REDDY'S Srl;046546026;BNX;
Treprostinil;TREPROSTINIL 50MG 20ML 1 UNITA' USO PARENTERALE;TREPROSTINIL*1 flaconcino EV SC 20 ml 2,5 mg/ml;8080,46;4896,06;-;TILLOMED ITALIA Srl;047472028;BNX;
Treprostinil;TREPROSTINIL 100MG 20ML 1 UNITA' USO PARENTERALE;TREPROSTINIL*1 flaconcino EV SC 20 ml 5 mg/ml;16160,93;9792,13;-;DR. REDDY'S Srl;046546038;BNU;
Treprostinil;TREPROSTINIL 10MG 10ML 1 UNITA' USO PARENTERALE;TREPULMIX*1 flaconcino SC 10 ml 1 mg/ml;2308,70;1398,88;-;SCIPHARM SARL;048724013;LRY;
Treprostinil;TREPROSTINIL 100MG 10ML 1 UNITA' USO PARENTERALE;TREPULMIX*1 flaconcino SC 10 ml 10 mg/ml;23087,45;13989,01;-;SCIPHARM SARL;048724049;LRZ;
Treprostinil;TREPROSTINIL 25MG 10ML 1 UNITA' USO PARENTERALE;TREPULMIX*1 flaconcino SC 10 ml 2,5 mg/ml;5771,76;3497,19;-;SCIPHARM SARL;048724025;LSB;
Treprostinil;TREPROSTINIL 50MG 10ML 1 UNITA' USO PARENTERALE;TREPULMIX*1 flaconcino SC 10 ml 5 mg/ml;11543,52;6994,38;-;SCIPHARM SARL;048724037;LSC;
Treprostinil;TREPROSTINIL 10MG 10ML 1 UNITA' USO PARENTERALE;TRESUVI*1 flaconcino soluz infus 10 ml 1 mg/ml;1576,92;955,48;-;ORPHA-DEVEL HANDELS VERTRIEBS;049207018;LRY;
Treprostinil;TREPROSTINIL 100MG 10ML 1 UNITA' USO PARENTERALE;TRESUVI*1 flaconcino soluz infus 10 ml 10 mg/ml;15769,18;9554,77;-;ORPHA-DEVEL HANDELS VERTRIEBS;049207044;LRZ;
Treprostinil;TREPROSTINIL 25MG 10ML 1 UNITA' USO PARENTERALE;TRESUVI*1 flaconcino soluz infus 10 ml 2,5 mg/ml;3942,30;2388,69;-;ORPHA-DEVEL HANDELS VERTRIEBS;049207020;LSB;
Treprostinil;TREPROSTINIL 50MG 10ML 1 UNITA' USO PARENTERALE;TRESUVI*1 flaconcino soluz infus 10 ml 5 mg/ml;7884,59;4777,39;-;ORPHA-DEVEL HANDELS VERTRIEBS;049207032;LSC;
Paliperidone;PALIPERIDONE 175MG 1 UNITA' USO PARENTERALE RP;TREVICTA*1 siringa preriempita IM 175 mg 0,875 ml 200 mg/ml rilascio prolungato + 2 aghi;1011,90;613,11;-;JANSSEN CILAG INTERNAT.N.V.;043799079;JYL;
Paliperidone;PALIPERIDONE 263MG 1 UNITA' USO PARENTERALE RP;TREVICTA*1 siringa preriempita IM 263 mg 1,315 ml 200 mg/ml rilascio prolungato + 2 aghi;1305,69;791,13;-;JANSSEN CILAG INTERNAT.N.V.;043799081;JYM;
Paliperidone;PALIPERIDONE 350MG 1 UNITA' USO PARENTERALE RP;TREVICTA*1 siringa preriempita IM 350 mg 1,750 ml 200 mg/ml rilascio prolungato + 2 aghi;1632,11;988,91;-;JANSSEN CILAG INTERNAT.N.V.;043799093;JYN;
Paliperidone;PALIPERIDONE 525MG 1 UNITA' USO PARENTERALE RP;TREVICTA*1 siringa preriempita IM 525 mg 2,625 ml 200 mg/ml rilascio prolungato + 2 aghi;2040,13;1236,14;-;JANSSEN CILAG INTERNAT.N.V.;043799105;JYO;
Nitroglicerina;NITROGLICERINA 5MG 1,5ML 10 UNITA' USO PARENTERALE;TRINITRINA*10 fiale EV 5 mg 1,5 ml;26,01;11,83;-;ACARPIA FARMACEUTICI Srl;006035024;BFO;
Nitroglicerina;NITROGLICERINA 50MG 50ML 5 UNITA' USO PARENTERALE;TRINITRINA*5 flaconi EV 50 mg 50 ml;79,76;36,25;-;ACARPIA FARMACEUTICI Srl;006035051;BFN;
Arsenico triossido;ARSENICO TRIOSSIDO 10MG 10ML 10 UNITA' USO PARENTERALE;TRIOSSIDO DI ARSENICO*10 fiale EV 10 ml 1 mg/ml;3944,48;2390,01;-;ACCORD HEALTHCARE SLU;048338038;BUW;
Arsenico triossido;ARSENICO TRIOSSIDO 10MG 10ML 10 UNITA' USO PARENTERALE;TRIOSSIDO DI ARSENICO*10 fiale EV 10 ml 1 mg/ml;3944,48;2390,01;-;MEDAC GMBH;049056017;BUW;
Arsenico triossido;ARSENICO TRIOSSIDO 12MG 6ML 10 UNITA' USO PARENTERALE;TRISENOX*10 flaconcini EV 12 mg 6 ml 2 mg/ml con SLEEVE;5634,96;3414,30;-;TEVA B.V.;035712025;LUW;
Dolutegravir/Abacavir/Lamivudina;DOLUTEGRAVIR+ABACAVIR+LAMIVUDINA 50+600+300MG 30 UNITA' USO ORALE;TRIUMEQ*30 cpr riv 50 mg + 600 mg + 300 mg flacone;1185,28;718,00;-;VIIV HEALTHCARE BV;043618014;CXB;
Dolutegravir/Abacavir/Lamivudina;DOLUTEGRAVIR+ABACAVIR+LAMIVUDINA 5+60+30MG 90 UNITA' USO ORALE;TRIUMEQ*90 cpr disp 5 mg + 60 mg + 30 mg flacone;355,50;215,40;-;VIIV HEALTHCARE BV;043618038;NOX;
Sacituzumab govitecan;SACITUZUMAB GOVITECAN 200MG 1 UNITA' USO PARENTERALE;TRODELVY*1 flaconcino polv EV 200 mg;1536,25;930,84;-;GILEAD SCIENCES IRELAND UC;049780012;MAL;
Emtricitabina/tenofovir disoproxil;EMTRICITABINA+TENOFOVIR DISOPROXIL 200+245MG 30 UNITA' USO ORALE;TRUVADA*30 cpr riv 200 mg + 245 mg;677,72;410,64;-;GILEAD SCIENCES IRELAND UC;036716013;AMU;
Rituximab;RITUXIMAB 500MG 50ML 1 UNITA' USO PARENTERALE;TRUXIMA*1 flaconcino INFUS EV 500 mg 50 ml 10 mg/ml;1653,59;1001,93;-;CELLTRION HEALTHCARE HUNG.KFT;045266018;BJM;
Rituximab;RITUXIMAB 100MG 10ML 2 UNITA' USO PARENTERALE;TRUXIMA*2 flaconcini INFUS EV 100 mg 10 ml 10 mg/ml;661,56;400,84;-;CELLTRION HEALTHCARE HUNG.KFT;045266020;BJL;
Tucatinib;TUCATINIB 150MG 84 UNITA' USO ORALE;TUKYSA*84 cpr riv 150 mg;9054,78;5486,41;-;PFIZER EUROPE MA EEIG;049361025;LWG;
Tucatinib;TUCATINIB 50MG 88 UNITA' USO ORALE;TUKYSA*88 cpr riv 50 mg;3161,90;1915,84;-;PFIZER EUROPE MA EEIG;049361013;LWF;
Tocilizumab;TOCILIZUMAB 200MG 10ML 1 UNITA' USO PARENTERALE;TYENNE*1 flaconcino EV 20 mg/ml 10 ml;423,55;256,63;-;FRESENIUS KABI DEUTSCH.GMBH;050880032;BMQ;
Tocilizumab;TOCILIZUMAB 400MG 20ML 1 UNITA' USO PARENTERALE;TYENNE*1 flaconcino EV 20 mg/ml 20 ml;847,11;513,27;-;FRESENIUS KABI DEUTSCH.GMBH;050880057;BMS;
Tocilizumab;TOCILIZUMAB 80MG 4ML 1 UNITA' USO PARENTERALE;TYENNE*1 flaconcino EV 20 mg/ml 4 ml;169,41;102,65;-;FRESENIUS KABI DEUTSCH.GMBH;050880018;BMU;
Tocilizumab;TOCILIZUMAB 162MG 0,9ML 4 UNITA' USO PARENTERALE;TYENNE*4 penne SC 162 mg 0,9 ml;1185,29;718,18;-;FRESENIUS KABI DEUTSCH.GMBH;050880119;IZC;
Tocilizumab;TOCILIZUMAB 162MG 0,9ML 4 UNITA' USO PARENTERALE;TYENNE*4 siringhe SC 162 mg 0,9 ml;1185,29;718,18;-;FRESENIUS KABI DEUTSCH.GMBH;050880083;IZC;
Tigeciclina;TIGECICLINA 50MG 5ML 10 UNITA' USO PARENTERALE;TYGACIL*10 flaconi EV 5 ml 50 mg;810,96;491,37;-;PFIZER EUROPE MA EEIG;037046012;BMK;
Natalizumab;NATALIZUMAB 300MG 15ML 1 UNITA' USO PARENTERALE;TYRUKO*1 flaconcino EV 300 mg 15 ml 20 mg/ml;2144,87;1299,60;-;SANDOZ GMBH;050762018;BEW;
Natalizumab;NATALIZUMAB 300MG 15ML 1 UNITA' USO PARENTERALE;TYSABRI*1 flaconcino EV 300 mg 15 ml;2681,09;1624,50;-;BIOGEN NETHERLANDS B.V.;037150012;BEW;
Natalizumab;NATALIZUMAB 150MG 1ML 2 UNITA' USO PARENTERALE;TYSABRI*2 siringhe preriempite SC 1 ml 150 mg/ml;2681,09;1624,50;-;BIOGEN NETHERLANDS B.V.;037150024;LPW;
Lapatinib;LAPATINIB 250MG 70 UNITA' USO ORALE;TYVERB*70 cpr riv 250 mg flacone;1824,63;1105,56;-;NOVARTIS EUROPHARM LTD;038633044;BCJ;
Lapatinib;LAPATINIB 250MG 84 UNITA' USO ORALE;TYVERB*84 cpr riv 250 mg flacone;2189,56;1326,68;-;NOVARTIS EUROPHARM LTD;038633069;BCK;
Ravulizumab;RAVULIZUMAB 100MG/ML 11ML 1 UNITA' USO PARENTERALE;ULTOMIRIS*1 flaconcino EV 11 ml 100 mg/ml;27406,55;16606,00;-;ALEXION EUROPE Sas;048059036;LSV;
Ravulizumab;RAVULIZUMAB 100MG/ML 3ML 1 UNITA' USO PARENTERALE;ULTOMIRIS*1 flaconcino EV 3 ml 100 mg/ml;7474,51;4528,91;-;ALEXION EUROPE Sas;048059024;LSW;
Fattore II/Fattore IX/Fattore X della coagulazione;FATTORE II+FATTORE IX+FATTORE X DELLA COAGULAZIONE 500UI 1 UNITA' USO PARENTERALE;UMANCOMPLEX*1 flacone EV 500 Unita' Internazionali + 1 fiala solv 20 ml;208,13;126,11;155,11;KEDRION SpA;023309103;JQA;
Propofol;PROPOFOL 500MG 50ML 1 UNITA' USO PARENTERALE;UNIFOL*1 flaconcino 50 ML 10 mg/ml;12,55;7,61;-;BAXTER HOLDING BV;039184039;BIQ;
Propofol;PROPOFOL 200MG 20ML 5 UNITA' USO PARENTERALE;UNIFOL*5 flaconcini 20 ml 10 mg/ml;22,31;13,52;-;BAXTER HOLDING BV;039184066;BIP;
Inebilizumab;INEBILIZUMAB 10ML 100MG 3 UNITA' USO PARENTERALE;UPLIZNA*3 flaconcini soluz infus 100 mg 10 ml;82548,88;50017,50;-;AMGEN EUROPE B.V.;050085012;MMY;
Eladocagene exuparvovec;ELADOCAGENE EXUPARVOVEC 2,8X10 ALL'UNDICESIMA GENOMI VETTORIALI 0,5ML USO INTRAPUTAMINALE;UPSTAZA*1 flaconcino 2,8x10 all'undicesima genomi vettoriali in 0,5 ml di soluzione;5776444,11;3500000,00;-;PTC THERAPEUTICS INTERNAT.LTD;050223015;MWL;
Urapidil;URAPIDIL 50MG 10ML 5 UNITA' USO PARENTERALE;URAPIDIL*5 fiale EV 50 mg 10 ml;8,46;5,13;-;STRAGEN NORDIC A/S;040876029;BOI;
Urapidil;URAPIDIL 50MG 10ML 5 UNITA' USO PARENTERALE;URAPIDIL*5 fiale EV 50 mg 10 ml;8,46;5,13;-;AS KALCEKS;049322023;BOI;
Urapidil;URAPIDIL 50MG 10ML 5 UNITA' USO PARENTERALE;URASAP*5 fiale EV 10 ml 50 mg/10 ml;14,14;8,57;-;INCA-PHARM Srl;040135028;BOI;
Urochinasi;UROCHINASI 1.000.000UI 5ML 1 UNITA' USO PARENTERALE;UROCHINASI*1 flacone 1.000.000 UI + 1 fiala solv 5 ml;603,88;365,90;-;EG SpA;026195139;BOO;
Urochinasi;UROCHINASI 100.000UI 2ML 1 UNITA' USO PARENTERALE;UROCHINASI*1 flacone 100.000 UI + 1 fiala solv 2 ml;75,07;45,49;-;EG SpA;026195103;BOP;
Urochinasi;UROCHINASI 25.000UI 2ML 1 UNITA' USO PARENTERALE;UROCHINASI*1 flacone 25.000 UI + 1 fiala solv 2 ml;20,63;12,50;-;EG SpA;026195091;BOQ;
Urochinasi;UROCHINASI 500.000UI 5ML 1 UNITA' USO PARENTERALE;UROCHINASI*1 flacone 500.000 UI + 1 fiala solv 5 ml;296,30;179,53;-;EG SpA;026195127;BOR;
Urochinasi;UROCHINASI 100.000UI 2ML 1 UNITA' USO PARENTERALE;UROKINASI*1 flacone 100.000 UI + 1 fiala solv 2 ml;55,32;25,15;-;PFIZER ITALIA Srl;033556010;BOP;
Ustekinumab;USTEKINUMAB 45MG 0,5ML 1 UNITA' USO PARENTERALE;UZPRUVO*1 siringa SC 45 mg 0,5 ml;2815,14;1705,73;-;STADA ARZNEIMITTEL AG;051057014;BOS;
Ustekinumab;USTEKINUMAB 90MG 1ML 1 UNITA' USO PARENTERALE;UZPRUVO*1 siringa SC 90 mg 1 ml;2815,14;1705,73;-;STADA ARZNEIMITTEL AG;051057026;BOT;
Meropenem/vaborbactam;MEROPENEM+VABORBACTAM 1G+1G 6 UNITA' USO PARENTERALE;VABOREM*6 flaconcini 1 g + 1 g polv;595,79;361,00;-;MENARINI INTERNAT. O.L.S.A;047422011;LHN;
Faricimab;FARICIMAB 6MG/DOSE 0,05ML 1 UNITA' USO INTRAVITREALE;VABYSMO*1 flaconcino per iniezione intravitreale 120 mg/ml 0,24 ml;1042,92;631,92;-;ROCHE REGISTRATION GMBH;050231012;MKN;
Vancomicina;VANCOMICINA 500MG 1 UNITA' USO PARENTERALE O ORALE;VANCOCINA AP*1 fiala orale INFUS 500 mg 10 ml;11,23;5,10;-;VANCOCIN ITALIA Srl;016334029;BPK;
Vancomicina;VANCOMICINA 1.000MG 1 UNITA' USO PARENTERALE O ORALE;VANCOMICINA*1 fiala EV orale 1 g;19,41;8,82;-;HIKMA ITALIA SpA;035004023;BPI;
Vancomicina;VANCOMICINA 500MG 1 UNITA' USO PARENTERALE O ORALE;VANCOMICINA*1 fiala EV orale 500 mg;8,58;3,90;-;HIKMA ITALIA SpA;035004011;BPK;
Vancomicina;VANCOMICINA 1.000MG 1 UNITA' USO PARENTERALE O ORALE;VANCOMICINA*1 flaconcino EV orale 1 g;15,32;9,29;-;MYLAN SpA;041220082;BPI;
Vancomicina;VANCOMICINA 500MG 1 UNITA' USO PARENTERALE O ORALE;VANCOMICINA*1 flaconcino EV orale 500 mg;6,43;3,90;-;MYLAN SpA;041220017;BPK;
Vancomicina;VANCOMICINA 1.000MG 10 UNITA' USO PARENTERALE O ORALE;VANCOMICINA*10 flaconcini EV orale 1.000 mg;129,06;78,20;-;HIKMA ITALIA SpA;035004050;ITM;
Vancomicina;VANCOMICINA 500MG 10 UNITA' USO PARENTERALE O ORALE;VANCOMICINA*10 flaconcini EV orale 500 mg;59,57;36,10;-;HIKMA ITALIA SpA;035004047;ITN;
Vancomicina;VANCOMICINA 1.000MG 1 UNITA' USO PARENTERALE O ORALE;VANCOTEX*1 fiala orale EV 1 g;14,54;8,82;-;PHARMATEX ITALIA Srl;034632024;BPI;
Vancomicina;VANCOMICINA 500MG 1 UNITA' USO PARENTERALE O ORALE;VANCOTEX*1 fiala orale EV 500 mg;6,43;3,90;-;PHARMATEX ITALIA Srl;034632012;BPK;
Quizartinib;QUIZARTINIB 17,7MG 28 UNITA' USO ORALE;VANFLYTA*28 cpr rivestite 17,7 mg;11332,01;6866,22;;DAIICHI SANKYO EUROPE GmbH;050967025;NUX;
Quizartinib;QUIZARTINIB 26,5MG 56 UNITA' USO ORALE;VANFLYTA*56 cpr rivestite 26,5 mg;22664,03;13732,44;;DAIICHI SANKYO EUROPE GmbH;050967052;NUY;
Nintedanib;NINTEDANIB 100MG 120 UNITA' USO ORALE;VARGATEF*120 cps molli 100 mg;4263,52;2583,33;-;BOEHRINGER INGELHEIM INT.GMBH;043782022;JWS;
Nintedanib;NINTEDANIB 150MG 60 UNITA' USO ORALE;VARGATEF*60 cps molli 150 mg;4263,52;2583,33;-;BOEHRINGER INGELHEIM INT.GMBH;043782046;EFM;
Claritromicina;CLARITROMICINA 500MG 10ML 1 UNITA' USO PARENTERALE;VECLAM*1 flaconcino EV 500 mg + 1 fiala solv 10 ml;19,77;8,98;-;MALESCI SpA IST.FARMACOBIOL.;027529039;AJI;
Panitumumab;PANITUMUMAB 100MG 5ML 1 UNITA' USO PARENTERALE;VECTIBIX*1 flaconcino EV 100 mg 5 ml 20 mg/ml;633,03;383,56;-;AMGEN EUROPE B.V.;038347011;BHK;
Panitumumab;PANITUMUMAB 400MG 20ML 1 UNITA' USO PARENTERALE;VECTIBIX*1 flaconcino EV 400 mg 20 ml 20 mg/ml;2532,15;1534,25;-;AMGEN EUROPE B.V.;038347035;BHL;
Tocoferolo D-Alfa;TOCOFEROLO D-ALFA 50MG/ML 20ML USO ORALE;VEDROP*orale sol 1 flaconcino 50 mg/ml 20 ml;104,26;63,18;-;RECORDATI RARE DISEASES SARL;039648023;BMW;
Tocoferolo D-Alfa;TOCOFEROLO D-ALFA 50MG/ML 60ML USO ORALE;VEDROP*orale sol 1 flaconcino 50 mg/ml 60 ml;282,94;171,48;-;RECORDATI RARE DISEASES SARL;039648035;BMX;
Bevacizumab;BEVACIZUMAB 400MG 16ML 1 UNITA' USO PARENTERALE;VEGZELMA*1 flaconcino INFUS 16 ml 25 mg/ml;1535,96;930,65;-;CELLTRION HEALTHCARE HUNG.KFT;050290028;AGG;
Bevacizumab;BEVACIZUMAB 100MG 4ML 1 UNITA' USO PARENTERALE;VEGZELMA*1 flaconcino INFUS 4 ml 25 mg/ml;383,51;232,38;-;CELLTRION HEALTHCARE HUNG.KFT;050290016;AGF;
Remdesivir;REMDESIVIR 100MG POLVERE USO PARENTERALE;VEKLURY*1 flaconcino EV 100 mg polvere;685,16;415,15;-;GILEAD SCIENCES IRELAND UC;048854020;MAM;
Vinblastina;VINBLASTINA 10MG 1 UNITA' USO PARENTERALE;VELBE*1 fiala EV 10 mg polv;20,38;12,35;-;EG SpA;020430029;BPO;
Bortezomib;BORTEZOMIB 3,5MG 1 UNITA' USO PARENTERALE;VELCADE*1 flaconcino polv EV SC 3,5 mg;1936,33;1173,25;-;JANSSEN CILAG INTERNAT.N.V.;036559019;AGJ;
Etrasimod;ETRASIMOD 2MG 28 UNITA' - USO ORALE;VELSIPITY*28 cpr riv 2 mg;947,34;574,00;-;PFIZER EUROPE MA EEIG;051115018;NEO;
Immunoglobulina Umana Antiepatite B;IMMUNOGLOBULINA UMANA ANTIEPATITE B 2.500UI 45ML 1 UNITA' USO PARENTERALE EV;VENBIG*1 fiala 2.500 UI + 1 fiala solv 45 ml + set;-;-;875,00;KEDRION SpA;026415051;AUN;
Immunoglobulina Umana Antiepatite B;IMMUNOGLOBULINA UMANA ANTIEPATITE B 500UI 10ML 1 UNITA' USO PARENTERALE EV;VENBIG*1 fiala 500 UI + 1 fiala solv 10 ml + set;324,70;196,74;-;KEDRION SpA;026415048;AUS;
Venetoclax;VENETOCLAX 100MG 112 UNITA' USO ORALE;VENCLYXTO*4x28 cpr riv 100 mg dose unitaria;10848,21;6573,08;-;ABBVIE DEUTSCHLAND GmbH&CO.KG;045198076;KAR;
Venetoclax;VENETOCLAX 100MG 7 UNITA' USO ORALE;VENCLYXTO*7x1 cpr riv 100 mg dose unitaria;678,02;410,82;-;ABBVIE DEUTSCHLAND GmbH&CO.KG;045198052;KAU;
Venetoclax;VENETOCLAX 50MG 7 UNITA' USO ORALE;VENCLYXTO*7x1 cpr riv 50 mg dose unitaria;339,01;205,41;-;ABBVIE DEUTSCHLAND GmbH&CO.KG;045198049;KAV;
Venetoclax;VENETOCLAX 10MG 14 UNITA' USO ORALE;VENCLYXTO*7x2 cpr riv 10 mg dose unitaria;135,60;82,17;-;ABBVIE DEUTSCHLAND GmbH&CO.KG;045198025;KAT;
Venetoclax;VENETOCLAX 100MG 14 UNITA' USO ORALE;VENCLYXTO*7x2 cpr riv 100 mg dose unitaria;1356,03;821,64;-;ABBVIE DEUTSCHLAND GmbH&CO.KG;045198064;KAS;
Immunoglobulina Umana Normale;IMMUNOGLOBULINA UMANA NORMALE 5G 100ML 1 UNITA' USO PARENTERALE;VENITAL*1 flacone EV 100 ml 50 g/litro + set infusionale;453,86;275,00;-;KEDRION SpA;037254036;AVR;
Immunoglobulina Umana Normale;IMMUNOGLOBULINA UMANA NORMALE 1G 20ML 1 UNITA' USO PARENTERALE;VENITAL*1 flacone EV 20 ml 50 g/litro;90,77;55,00;-;KEDRION SpA;037254012;AVG;
Immunoglobulina Umana Normale;IMMUNOGLOBULINA UMANA NORMALE 10G 200ML 1 UNITA' USO PARENTERALE;VENITAL*1 flacone EV 200 ml 50 g/litro + set infusionale;907,72;550,00;-;KEDRION SpA;037254048;AVC;
Immunoglobulina Umana Normale;IMMUNOGLOBULINA UMANA NORMALE 2,5G 50ML 1 UNITA' USO PARENTERALE;VENITAL*1 flacone EV 50 ml 50 g/litro + set infusionale;226,93;137,50;-;KEDRION SpA;037254024;AVK;
Eparina sodica;EPARINA SODICA 25.000UI 10 UNITA' USO PARENTERALE;VERACER*10 fiale 25.000 UI 5 ml;75,93;46,01;-;MEDIC ITALIA Srl;033344021;AMZ;
Fibrinogeno Umano/Trombina Umana;FIBRINOGENO UMANO+TROMBINA UMANA 10ML 2 UNITA' ADESIVO TISSUTALE;VERASEAL*adesivo tissutale 2 siringhe 10 ml;752,71;452,77;-;INSTITUTO GRIFOLS S.A.;045788041;LTP;
Fibrinogeno Umano/Trombina Umana;FIBRINOGENO UMANO+TROMBINA UMANA 2ML 2 UNITA' ADESIVO TISSUTALE;VERASEAL*adesivo tissutale 2 siringhe 2 ml;167,23;100,59;-;INSTITUTO GRIFOLS S.A.;045788015;LTI;
Fibrinogeno Umano/Trombina Umana;FIBRINOGENO UMANO+TROMBINA UMANA 4ML 2 UNITA' ADESIVO TISSUTALE;VERASEAL*adesivo tissutale 2 siringhe 4 ml;295,57;177,79;-;INSTITUTO GRIFOLS S.A.;045788027;LTJ;
Abemaciclib;ABEMACICLIB 100MG 28 UNITA' USO ORALE;VERZENIOS*28 cpr riv 100 mg;3127,08;1894,74;-;ELI LILLY NEDERLAND BV;047091121;KRK;
Abemaciclib;ABEMACICLIB 150MG 28 UNITA' USO ORALE;VERZENIOS*28 cpr riv 150 mg;3127,08;1894,74;-;ELI LILLY NEDERLAND BV;047091145;KRL;
Abemaciclib;ABEMACICLIB 50MG 28 UNITA' USO ORALE;VERZENIOS*28 cpr riv 50 mg;3127,08;1894,74;-;ELI LILLY NEDERLAND BV;047091107;KRM;
Voriconazolo;VORICONAZOLO 200MG 1 UNITA' USO PARENTERALE;VFEND*1 flaconcino EV 200 mg;185,52;112,40;-;PFIZER EUROPE MA EEIG;035628256;BQB;
Azacitidina;AZACITIDINA 25MG/ML 100MG 1 UNITA' USO PARENTERALE;VIDAZA*1 flaconcino SC 100 mg polv 25 mg/ml;527,28;319,49;-;BRISTOL M.SQUIBB PHARMA EEIG;038996017;AFG;
Elosulfase Alfa;ELOSULFASE ALFA 5MG 5ML 1 UNITA' USO PARENTERALE;VIMIZIM*1 flaconcino EV 5 ml 1 mg/ml;1325,65;803,23;-;BIOMARIN INTERNATIONAL LIMITED;043377011;JDM;
Vincristina;VINCRISTINA 1MG 1ML 1 UNITA' USO PARENTERALE;VINCRISTINA*1 flaconcino EV 1 mg 1 ml 1 mg/ml;11,23;5,10;-;EG SpA;020782037;BPQ;
Vincristina;VINCRISTINA 1MG 1ML 1 UNITA' USO PARENTERALE;VINCRISTINA*1 flaconcino EV 1 ml 1 mg/ml;11,23;6,80;-;TEVA ITALIA Srl;038549010;BPQ;
Vinorelbina;VINORELBINA 10MG 1ML 1 UNITA' USO PARENTERALE;VINORELBINA*1 flaconcino EV 10 mg 1 ml 10 mg/ml;21,59;13,09;-;EUGIA PHARMA (MALTA) LIMITED;038875011;BPU;
Vinorelbina;VINORELBINA 50MG 5ML 1 UNITA' USO PARENTERALE;VINORELBINA*1 flaconcino EV 5 ml 10 mg/ml;100,65;60,99;-;ACCORD HEALTHCARE SLU;045113026;BPX;
Vinorelbina;VINORELBINA 50MG 5ML 1 UNITA' USO PARENTERALE;VINORELBINA*1 flaconcino EV 50 mg 5 ml 10 mg/ml;100,65;60,99;-;EUGIA PHARMA (MALTA) LIMITED;038875035;BPX;
Nevirapina;NEVIRAPINA 50MG/5ML 240ML USO ORALE;VIRAMUNE*orale sosp 240 ml 50 mg/5 ml;65,18;39,49;-;BOEHRINGER INGELHEIM INT.GMBH;033999020;BFG;
Tenofovir disoproxil;TENOFOVIR DISOPROXIL 245MG 30 UNITA' USO ORALE;VIREAD*30 cpr riv 245 mg flacone;394,79;239,21;-;GILEAD SCIENCES IRELAND UC;035565011;BMC;
Tenofovir disoproxil;TENOFOVIR DISOPROXIL 60G 33MG/G USO ORALE;VIREAD*orale grat 1 flacone 60 g 33 mg/g;117,84;71,39;-;GILEAD SCIENCES IRELAND UC;035565035;GGU;
Verteporfina;VERTEPORFINA 15MG 10ML 1 UNITA' USO PARENTERALE;VISUDYNE*1 flaconcino infus EV 15 mg 10 ml;1662,27;1007,19;-;CHEPLAPHARM ARZNEIMITTEL GMBH;034957011;BPN;
Retinolo Palmitato/Ergocalciferolo/Tocoferolo Alfa/Fitomenadione;RETINOLO PALMITATO+ERGOCALCIFEROLO+TOCOFEROLO ALFA+FITOMENADIONE 990+5+9,1+150MCG 10 UNITA' USO PARENTERALE;VITALIPID*AD 10 fiale EV 10 ml;42,74;19,43;-;FRESENIUS KABI ITALIA Srl;027983016;BJD;
Retinolo Palmitato/Ergocalciferolo/Tocoferolo Alfa/Fitomenadione;RETINOLO PALMITATO+ERGOCALCIFEROLO+TOCOFEROLO ALFA+FITOMENADIONE 690+10+6,4+200MCG 10 UNITA' USO PARENTERALE;VITALIPID*BB 10 fiale EV 10 ml;41,79;19,00;-;FRESENIUS KABI ITALIA Srl;027983028;BJC;
Larotrectinib;LAROTRECTINIB 100MG 56 UNITA' USO ORALE;VITRAKVI*56 cps 100 mg flacone;10426,40;6317,50;-;BAYER AG;048215026;LSE;
Larotrectinib;LAROTRECTINIB 25MG 56 UNITA' USO ORALE;VITRAKVI*56 cps 25 mg flacone;2606,60;1579,38;-;BAYER AG;048215014;LSD;
Larotrectinib;LAROTRECTINIB 1000MG 50ML 2 UNITA' USO ORALE;VITRAKVI*orale soluz 2 flaconi 50 ml 20 mg/ml;3723,72;2256,25;-;BAYER AG;048215040;LSF;
Cabotegravir;CABOTEGRAVIR 600MG 3ML 1 UNITA' USO PARENTERALE RP;VOCABRIA*1 flaconcino IM 3 ml 600 mg rilascio prolungato + 1 siringa + 1 adattatore per flaconcino + 1 ago;1795,70;1088,03;-;VIIV HEALTHCARE BV;049281037;LZE;
Cabotegravir;CABOTEGRAVIR 30MG 30 UNITA' USO ORALE;VOCABRIA*30 cpr riv 30 mg flacone;900,79;545,80;-;VIIV HEALTHCARE BV;049281013;LZD;
Glucarpidase;GLUCARPIDASE 1.000UI 1 UNITA' USO PARENTERALE;VORAXAZE*1 flaconcino EV 1.000 Unita' Internazionali 1 ml;45385,99;27499,99;-;SERB SAS;049882018;MBO;
Voriconazolo;VORICONAZOLO 200MG 1 UNITA' USO PARENTERALE;VORICONAZOLO*1 flaconcino EV polv 200 mg;102,04;61,83;-;SANDOZ GMBH;042625018;BQB;
Voriconazolo;VORICONAZOLO 200MG 1 UNITA' USO PARENTERALE;VORICONAZOLO*1 flaconcino EV polv 200 mg;102,04;61,83;-;HAMELN PHARMA GmbH;050792011;BQB;
Voriconazolo;VORICONAZOLO 200MG 1 UNITA' USO PARENTERALE;VORICONAZOLO*1 flaconcino polv EV 200 mg;102,04;61,83;-;HIKMA FARMACEUTICA S.A.;044235012;BQB;
Voriconazolo;VORICONAZOLO 200MG 1 UNITA' USO PARENTERALE;VORICONAZOLO*1 flaconcino polv EV 200 mg;102,04;61,83;-;I.B.I.GIOVANNI LORENZINI SpA;045955010;BQB;
Pazopanib;PAZOPANIB 200MG 30 UNITA' USO ORALE;VOTRIENT*30 cpr riv 200 mg flacone;1285,35;778,81;-;NOVARTIS EUROPHARM LTD;039945011;BHN;
Pazopanib;PAZOPANIB 400MG 30 UNITA' USO ORALE;VOTRIENT*30 cpr riv 400 mg flacone;2570,71;1557,63;-;NOVARTIS EUROPHARM LTD;039945035;BHO;
Vosoritide;VOSORITIDE 0,4MG 10 UNITA' USO PARENTERALE;VOXZOGO*10 flaconcini SC 0,4 mg;9793,83;5934,21;-;BIOMARIN INTERNATIONAL LIMITED;049692015;MEL;
Vosoritide;VOSORITIDE 0,56MG 10 UNITA' USO PARENTERALE;VOXZOGO*10 flaconcini SC 0,56 mg;9793,83;5934,21;-;BIOMARIN INTERNATIONAL LIMITED;049692027;MEM;
Vosoritide;VOSORITIDE 1,2MG 10 UNITA' USO PARENTERALE;VOXZOGO*10 flaconcini SC 1,2 mg;9793,83;5934,21;-;BIOMARIN INTERNATIONAL LIMITED;049692039;MEN;
Danicopan;DANICOPAN 100MG 180 UNITA' USO ORALE;VOYDEYA*2x90 cpr rivestite 100 mg flacone;10456,18;6335,55;;ALEXION EUROPE Sas;051164034;NUW;
Danicopan;DANICOPAN 50MG+100MG 180 UNITA' USO ORALE;VOYDEYA*90 cpr rivestite 50 mg + 90 cpr rivestite 100 mg flacone;7842,14;4751,66;;ALEXION EUROPE Sas;051164010;NUV;
Velaglucerasi Alfa;VELAGLUCERASI ALFA 400U 1 UNITA' USO PARENTERALE;VPRIV*1 flaconcino EV 400 U;2193,00;1328,77;-;TAKEDA PHARM.INT.AG IR.BRANCH;040424020;BPM;
Eptinezumab;EPTINEZUMAB 100MG 1 UNITA' USO PARENTERALE;VYEPTI*1 flaconcino EV 100 mg 1 ml;2325,77;1409,22;-;H.LUNDBECK A/S;049879012;MGG;
Tafamidis;TAFAMIDIS 20MG 30 UNITA' USO ORALE;VYNDAQEL*30 cps molli 20 mg;20630,16;12500,01;-;PFIZER EUROPE MA EEIG;041663016;JAH;
Tafamidis;TAFAMIDIS 61MG 30 UNITA' USO ORALE;VYNDAQEL*30 cps molli 61 mg;22142,85;13416,66;-;PFIZER EUROPE MA EEIG;041663030;LQW;
Efgartigimod alfa;EFGARTIGIMOD ALFA 400MG 1 UNITA' USO PARENTERALE;VYVGART*1 flaconcino EV 400 mg 20 mg/ml 20 ml;11501,73;6969,05;-;ARGENX BV;050235011;MNU;
Efgartigimod alfa;EFGARTIGIMOD ALFA 1000MG 1 UNITA' USO PARENTERALE;VYVGART*1 flaconcino SC 1.000 mg 180 mg/ml 5,6 ml;23003,44;13938,11;-;ARGENX BV;050235023;NPZ;
Daunorubicina/citarabina;DAUNORUBICINA+CITARABINA 44MG/100MG 1 UNITA' USO PARENTERALE;VYXEOS LIPOSOMAL*1 flaconcino polv 44 mg + 100mg 5 ml;7745,33;4693,00;-;JAZZ PHARMACEUTICALS IREL.LTD;046965012;MAX;
Volanesorsen;VOLANESORSEN 285MG 1,5ML 1 UNITA' USO PARENTERALE;WAYLIVRA*1 siringa preriempita SC 1,5 ml 285 mg;24576,52;14891,25;-;AKCEA THERAPEUTICS IRELAND LTD;047941012;LHD;
Atovaquone;ATOVAQUONE 750MG/5ML 240ML USO ORALE;WELLVONE*orale sosp 1 flacone 240 ml 750 mg/5 ml;363,10;220,01;-;GLAXOSMITHKLINE TRADING SERVICES LTD;029557028;AEX;
Ustekinumab;USTEKINUMAB 130MG 26ML 1 UNITA' USO PARENTERALE;WEZENLA*1 flaconcino EV 130 mg 26 ml;2815,14;1705,73;-;AMGEN TECHNOLOGY (IRELAND) UC;051281044;KOD;
Ustekinumab;USTEKINUMAB 45MG 0,5ML 1 UNITA' USO PARENTERALE;WEZENLA*1 siringa SC 45 mg 0,5 ml;2815,14;1705,73;-;AMGEN TECHNOLOGY (IRELAND) UC;051281020;BOS;
Ustekinumab;USTEKINUMAB 90MG 1ML 1 UNITA' USO PARENTERALE;WEZENLA*1 siringa SC 90 mg 1 ml;2815,14;1705,73;-;AMGEN TECHNOLOGY (IRELAND) UC;051281032;BOT;
Crizotinib;CRIZOTINIB 200MG 60 UNITA' USO ORALE;XALKORI*60 cps rig 200 mg;9737,36;5900,00;-;PFIZER EUROPE MA EEIG;042549016;GVD;
Crizotinib;CRIZOTINIB 250MG 60 UNITA' USO ORALE;XALKORI*60 cps rig 250 mg;9737,36;5900,00;-;PFIZER EUROPE MA EEIG;042549030;GVE;
Tofacitinib;TOFACITINIB 10MG 112 UNITA' USO ORALE;XELJANZ*112 cpr riv 10 mg;4759,24;2883,67;-;PFIZER EUROPE MA EEIG;045320088;MAW;
Tofacitinib;TOFACITINIB 5MG 112 UNITA' USO ORALE;XELJANZ*112 cpr riv 5 mg;2379,63;1441,83;-;PFIZER EUROPE MA EEIG;045320102;MAV;
Tofacitinib;TOFACITINIB 5MG 182 UNITA' USO ORALE;XELJANZ*182 cpr riv 5 mg;3866,89;2342,99;-;PFIZER EUROPE MA EEIG;045320049;KNE;
Tofacitinib;TOFACITINIB 5MG 56 UNITA' USO ORALE;XELJANZ*56 cpr riv 5 mg;1189,81;720,92;-;PFIZER EUROPE MA EEIG;045320037;KDS;
Immunoglobulina Umana Normale;IMMUNOGLOBULINA UMANA NORMALE 2G 10ML 1 UNITA' USO PARENTERALE;XEMBIFY*1 flaconcino SC 10 ml 200 mg/ml;214,55;130,00;-;INSTITUTO GRIFOLS S.A.;049488024;AVM;
Immunoglobulina Umana Normale;IMMUNOGLOBULINA UMANA NORMALE 4G 20ML 1 UNITA' USO PARENTERALE;XEMBIFY*1 flaconcino SC 20 ml 200 mg/ml;429,10;260,00;-;INSTITUTO GRIFOLS S.A.;049488036;AVQ;
Immunoglobulina Umana Normale;IMMUNOGLOBULINA UMANA NORMALE 1G 5ML 1 UNITA' USO PARENTERALE;XEMBIFY*1 flaconcino SC 5 ml 200 mg/ml;107,28;65,00;-;INSTITUTO GRIFOLS S.A.;049488012;AVI;
Immunoglobulina Umana Normale;IMMUNOGLOBULINA UMANA NORMALE 10G 50ML 1 UNITA' USO PARENTERALE;XEMBIFY*1 flaconcino SC 50 ml 200 mg/ml;1072,76;650,00;-;INSTITUTO GRIFOLS S.A.;049488048;GOZ;
Olipudasi Alfa;OLIPUDASI ALFA 20MG SOLUZIONE USO PARENTERALE;XENPOZYME*1 flaconcino polv EV 20 mg;5570,10;3375,00;-;SANOFI B.V.;050121019;MVK;
Olipudasi Alfa;OLIPUDASI ALFA 4MG SOLUZIONE USO PARENTERALE;XENPOZYME*1 flaconcino polv EV 4 mg;1114,02;674,99;-;SANOFI B.V.;050121058;MZT;
Tossina botulinica di clostridium botulinum Tipo A;TOSSINA BOTULINICA DI CLOSTRIDIUM BOTULINUM TIPO A 100 UNITA' DL50 1 UNITA' USO PARENTERALE;XEOMIN*1 flacone IM 100 Unita';212,98;129,05;-;MERZ PHARMACEUTICALS GmbH;038232017;BNN;
Paliperidone;PALIPERIDONE 50MG 1 UNITA' USO PARENTERALE RP;XEPLION*1 siringa IM 50 mg rilascio prolungato + 2 aghi;337,30;204,38;-;JANSSEN CILAG INTERNAT.N.V.;041004021;BHE;
Paliperidone;PALIPERIDONE 100MG 1 UNITA' USO PARENTERALE RP;XEPLION*1 siringa preriempita IM 100 mg rilascio prolungato + 2 aghi;544,04;329,64;-;JANSSEN CILAG INTERNAT.N.V.;041004045;BHC;
Paliperidone;PALIPERIDONE 150MG 1 UNITA' USO PARENTERALE RP;XEPLION*1 siringa preriempita IM 150 mg rilascio prolungato + 2 aghi;680,04;412,04;-;JANSSEN CILAG INTERNAT.N.V.;041004058;BHD;
Paliperidone;PALIPERIDONE 75MG 1 UNITA' USO PARENTERALE RP;XEPLION*1 siringa preriempita IM 75 mg rilascio prolungato + 2 aghi;435,23;263,71;-;JANSSEN CILAG INTERNAT.N.V.;041004033;BHF;
Eravaciclina;ERAVACICLINA 100MG 10 UNITA' USO PARENTERALE;XERAVA*10 flaconcini EV 100 mg;2681,91;1625,00;-;PAION PHARMA GMBH;047191059;MOZ;
Ranibizumab;RANIBIZUMAB 0,5MG/DOSE 0,05ML 1 UNITA' USO INTRAVITREALE;XIMLUCI*1 flaconcino intravitreale 0,23 ml 10 mg/ml;737,17;446,65;-;STADA ARZNEIMITTEL AG;050443011;BJB;
Ranibizumab;RANIBIZUMAB 0,5MG/DOSE 0,05ML 1 UNITA' USO INTRAVITREALE;XIMLUCI*1 flaconcino intravitreale 0,23 ml 10 mg/ml + 1 ago;737,17;446,65;-;STADA ARZNEIMITTEL AG;050443023;BJB;
Radio-223RA-Dicloruro;RADIO-223RA-DICLORURO 1.000KBQ/ML 6ML 1 UNITA' USO PARENTERALE;XOFIGO*1 flaconcino EV 6 ml 1.100 kbq/ml;6898,68;4180,00;-;BAYER AG;043116019;IVN;
Gilteritinib;GILTERITINIB 40MG 84 UNITA' USO ORALE;XOSPATA*84 cpr riv 40 mg;25581,21;15500,00;-;ASTELLAS PHARMA EUROPE B.V.;048312019;LAO;
Enzalutamide;ENZALUTAMIDE 40MG 112 UNITA' USO ORALE;XTANDI*112 cpr riv 40 mg;5619,83;3405,13;-;ASTELLAS PHARMA EUROPE B.V.;042868024;IZZ;
Dalbavancina;DALBAVANCINA 500MG 1 UNITA' USO PARENTERALE;XYDALBA*1 flacone polv EV 500 mg;1276,55;773,48;-;ABBVIE DEUTSCHLAND GmbH&CO.KG;043908019;GTX;
Ipilimumab;IPILIMUMAB 50MG 1 UNITA' USO PARENTERALE;YERVOY*1 flacone EV 10 ml 5 mg/ml;6330,32;3835,63;-;BRISTOL M.SQUIBB PHARMA EEIG;041275013;BBN;
Ipilimumab;IPILIMUMAB 200MG 1 UNITA' USO PARENTERALE;YERVOY*1 flacone EV 40 ml 5 mg/ml;25321,26;15342,50;-;BRISTOL M.SQUIBB PHARMA EEIG;041275025;BBM;
Axicabtagene ciloleucel;AXICABTAGENE 1 SACCA SOLUZIONE USO EV;YESCARTA*1 sacca EV 0,4x10 alla ottava - 2x10 alla ottava cellule dispersione per infusione;487061,92;295117,50;-;KITE PHARMA EU B.V.;046995015;KYE;
Ustekinumab;USTEKINUMAB 130MG 26ML 1 UNITA' USO PARENTERALE;YESINTEK*1 flaconcino EV 130 mg 26 ml;2815,14;1705,73;;BIOSIMILAR COLLABORAT.IREL.LTD;052000041;KOD;
Ustekinumab;USTEKINUMAB 45MG 0,5ML 1 UNITA' USO PARENTERALE;YESINTEK*1 siringa preriempita SC 45 mg 0,5 ml;2815,14;1705,73;;BIOSIMILAR COLLABORAT.IREL.LTD;052000027;BOS;
Ustekinumab;USTEKINUMAB 90MG 1ML 1 UNITA' USO PARENTERALE;YESINTEK*1 siringa preriempita SC 90 mg 1 ml;2815,14;1705,73;;BIOSIMILAR COLLABORAT.IREL.LTD;052000039;BOT;
Trabectedina;TRABECTEDINA 0,25MG 1 UNITA' USO PARENTERALE;YONDELIS*1 flaconcino EV 0,25 mg polv;789,43;478,33;-;PHARMA MAR S.A.;038165015;BNR;
Trabectedina;TRABECTEDINA 1MG 1 UNITA' USO PARENTERALE;YONDELIS*1 flaconcino EV 1 mg polv;2970,05;1799,59;-;PHARMA MAR S.A.;038165027;BNS;
Adalimumab;ADALIMUMAB 40MG 0,4ML 1 UNITA' USO PARENTERALE;YUFLYMA*1 penna preriempita SC 0,4 ml 40 mg + 2 tamponi imbevuti di alcol;565,02;342,35;-;CELLTRION HEALTHCARE HUNG.KFT;049376092;JMW;
Adalimumab;ADALIMUMAB 80MG 0,8ML 1 UNITA' USO PARENTERALE;YUFLYMA*1 penna preriempita SC 0,8 ml 80 mg + 2 tamponi imbevuti di alcol;1130,03;684,71;-;CELLTRION HEALTHCARE HUNG.KFT;049376155;KGC;
Adalimumab;ADALIMUMAB 40MG 0,4ML 1 UNITA' USO PARENTERALE;YUFLYMA*1 siringa preriempita SC 0,4 ml 40 mg con dispositivo sicurezza ago + 2 tamponi imbevuti di alcol;565,02;342,35;-;CELLTRION HEALTHCARE HUNG.KFT;049376054;JMW;
Adalimumab;ADALIMUMAB AD-BB 20MG 0,2ML 2 UNITA' USO PARENTERALE;YUFLYMA*2 siringhe preriempite SC 0,2 ml 20 mg + 2 tamponi imbevuti di alcol;565,02;342,35;-;CELLTRION HEALTHCARE HUNG.KFT;049376179;KPU;
Adalimumab;ADALIMUMAB 80MG 0,8ML 3 UNITA' USO PARENTERALE;YUFLYMA*3 penne preriempite SC 0,8 ml 80 mg + 3 tamponi imbevuti di alcol;3390,13;2054,13;-;CELLTRION HEALTHCARE HUNG.KFT;049376167;MAK;
Adalimumab;ADALIMUMAB 40MG 4 UNITA' USO PARENTERALE;YUFLYMA*4 penne preriempite SC 0,4 ml 40 mg + 4 tamponi imbevuti di alcol;2260,09;1369,42;-;CELLTRION HEALTHCARE HUNG.KFT;049376116;ACH;
Adalimumab;ADALIMUMAB 40MG 0,4ML 6 UNITA' USO PARENTERALE;YUFLYMA*6 penne preriempite SC 0,4 ml 40 mg + 6 tamponi imbevuti di alcol;3390,11;2054,12;-;CELLTRION HEALTHCARE HUNG.KFT;049376128;JMX;
Aflibercept;AFLIBERCEPT 100MG 4ML 25MG/ML 1 UNITA' USO PARENTERALE;ZALTRAP*1 flacone EV 4 ml 100 mg 25 mg/ml;625,58;379,05;-;SANOFI-AVENTIS GROUPE;042689012;GPA;
Aflibercept;AFLIBERCEPT 200MG 8ML 25MG/ML 1 UNITA' USO PARENTERALE;ZALTRAP*1 flacone EV 8 ml 200 mg 25 mg/ml;1251,17;758,10;-;SANOFI-AVENTIS GROUPE;042689036;GPB;
Idarubicina;IDARUBICINA 10MG 10ML 1 UNITA' USO PARENTERALE;ZAVEDOS*1 fiala EV 10 mg 10 ml;263,77;119,90;-;PFIZER ITALIA Srl;027441070;ATV;
Idarubicina;IDARUBICINA 5MG 5ML 1 UNITA' USO PARENTERALE;ZAVEDOS*1 fiala polv EV 5 mg + 1 fiala solv 5 ml;151,63;68,92;-;PFIZER ITALIA Srl;027441017;ATW;
Idarubicina;IDARUBICINA 10MG 1 UNITA' USO PARENTERALE;ZAVEDOS*1 flacone polv EV 10 mg;263,77;119,90;-;PFIZER ITALIA Srl;027441029;ATU;
Ceftazidima/Avibactam;CEFTAZIDIMA+AVIBACTAM 2G+500MG 10 UNITA' USO PARENTERALE;ZAVICEFTA*10 flaconcini EV 2 g + 0,5 g;1650,40;1000,00;-;PFIZER IRELAND PHARMACEUTICALS;044931018;KGP;
Niraparib;NIRAPARIB 100MG 56 UNITA' USO ORALE;ZEJULA*56 cpr riv 100 mg;8540,91;5175,05;-;GLAXOSMITHKLINE (IRELAND) LTD;045690068;KOI;
Niraparib;NIRAPARIB 100MG 56 UNITA' USO ORALE;ZEJULA*56x1 cps 100 mg dose unitaria;8540,91;5175,05;-;GLAXOSMITHKLINE (IRELAND) LTD;045690029;KOI;
Niraparib;NIRAPARIB 100MG 84 UNITA' USO ORALE;ZEJULA*84 cpr riv 100 mg;12811,37;7762,58;-;GLAXOSMITHKLINE (IRELAND) LTD;045690070;KPW;
Niraparib;NIRAPARIB 100MG 84 UNITA' USO ORALE;ZEJULA*84x1 cpr riv 100 mg dose unitaria;12811,37;7762,58;-;GLAXOSMITHKLINE (IRELAND) LTD;045690056;KPW;
Niraparib;NIRAPARIB 100MG 84 UNITA' USO ORALE;ZEJULA*84x1 cps 100 mg dose unitaria;12811,37;7762,58;-;GLAXOSMITHKLINE (IRELAND) LTD;045690017;KPW;
Vemurafenib;VEMURAFENIB 240MG 56 UNITA' USO ORALE;ZELBORAF*56 cpr riv 240 mg;3425,81;2075,75;-;ROCHE REGISTRATION GMBH;041863010;BQS;
Vancomicina;VANCOMICINA 1.000MG 1 UNITA' USO PARENTERALE O ORALE;ZENGAC*1 flaconcino orale EV 1.000 mg;14,54;8,82;-;FISIOPHARMA Srl;034634028;BPI;
Ceftolozano/tazobactam;CEFTOLOZANO+TAZOBACTAM 1G+0,5G 10 UNITA' USO PARENTERALE;ZERBAXA*10 flaconcini polv EV 1 g + 0,5 g;1365,41;827,33;-;MERCK SHARP & DOHME BV;044506018;JGW;
Trastuzumab;TRASTUZUMAB 150MG 1 UNITA' USO PARENTERALE;ZERCEPAC*1 flaconcino polv EV 150 mg;686,79;416,15;-;ACCORD HEALTHCARE SLU;048912012;BNT;
Trastuzumab;TRASTUZUMAB 420MG 1 UNITA' USO PARENTERALE;ZERCEPAC*1 flaconcino polv EV 420 mg;2136,67;1294,64;-;ACCORD HEALTHCARE SLU;048912036;KOC;
Infliximab;INFLIXIMAB 100MG 10 ML 1 UNITA' USO PARENTERALE;ZESSLY*1 flaconcino EV 100 mg;637,52;386,28;-;SANDOZ GMBH;046635013;IZW;
Ibritumomab tiuxetano;IBRITUMOMAB TIUXETANO 3,2MG 2ML 1 UNITA' USO PARENTERALE;ZEVALIN*1 flaconcino EV 2 ml 1,6 mg/ml;11825,49;7165,22;-;CEFT BIOPHARMA S.R.O.;036311013;ATS;
Abacavir;ABACAVIR 300MG 60 UNITA' USO ORALE;ZIAGEN*60 cpr riv 300 mg;336,95;204,16;-;VIIV HEALTHCARE BV;034499018;AAC;
Abacavir;ABACAVIR 20MG/ML 240ML USO ORALE;ZIAGEN*orale soluz flacone 240 ml 20 mg/ml;89,86;54,44;-;VIIV HEALTHCARE BV;034499020;AAB;
Zilucoplan;ZILUCOPLAN 16,64MG 0,416ML 7 UNITA' USO PARENTERALE;ZILBRYSQ*7 siringhe preriempite SC 0,416 ml 40 mg/ml;4673,11;2831,50;-;UCB PHARMA S.A.;050982014;NPN;
Zilucoplan;ZILUCOPLAN 23MG 0,574ML 7 UNITA' USO PARENTERALE;ZILBRYSQ*7 siringhe preriempite SC 0,574 ml 40 mg/ml;6474,80;3923,17;-;UCB PHARMA S.A.;050982038;NPO;
Zilucoplan;ZILUCOPLAN 32,4MG 0,810ML 7 UNITA' USO PARENTERALE;ZILBRYSQ*7 siringhe preriempite SC 0,810 ml 40 mg/ml;9121,02;5526,55;-;UCB PHARMA S.A.;050982053;NPP;
Ceftarolina fosamil;CEFTAROLINA FOSAMIL 600MG 10 UNITA' USO PARENTERALE;ZINFORO*10 flaconcini EV 600 mg polv;813,68;493,02;-;PFIZER IRELAND PHARMACEUTICALS;042352017;CAF;
Bezlotoxumab;BEZLOTOXUMAB 25MG/ML 40ML 1 UNITA' USO PARENTERALE;ZINPLAVA*concentrato per soluz per infusione EV 40 ml 25 mg/ml;4393,99;2662,38;-;MERCK SHARP & DOHME BV;045252018;KKE;
Bevacizumab;BEVACIZUMAB 100MG 4ML 1 UNITA' USO PARENTERALE;ZIRABEV*1 flaconcino EV 100 mg 4 ml 25 mg/ml;383,51;232,38;-;PFIZER EUROPE MA EEIG;047629011;AGF;
Bevacizumab;BEVACIZUMAB 400MG 16ML 1 UNITA' USO PARENTERALE;ZIRABEV*1 flaconcino EV 400 mg 16 ml 25 mg/ml;1535,96;930,66;-;PFIZER EUROPE MA EEIG;047629023;AGG;
Azitromicina;AZITROMICINA 500MG 1 UNITA' USO PARENTERALE;ZITROMAX*1 flaconcino EV 500 mg;19,77;8,98;-;PFIZER ITALIA Srl;027860156;AFH;
Onasemnogene abeparvovec;ONASEMNOGENE ABEPARVOVEC 5,5ML 1 UNITA' + 8,3ML 2 UNITA' USO EV;ZOLGENSMA*soluzione per infusione 2x10 alla tredicesima genomi vettoriali/ml 1 flaconcino da 5,5 ml + 2 flaconcini da 8,3 ml;3210027,99;1945000,00;-;NOVARTIS EUROPHARM LTD;048773030;LIH;
Onasemnogene abeparvovec;ONASEMNOGENE ABEPARVOVEC 5,5ML 1 UNITA' + 8,3ML 3 UNITA' USO EV;ZOLGENSMA*soluzione per infusione 2x10 alla tredicesima genomi vettoriali/ml 1 flaconcino da 5,5 ml + 3 flaconcini da 8,3 ml;3210027,99;1945000,00;-;NOVARTIS EUROPHARM LTD;048773067;LIK;
Onasemnogene abeparvovec;ONASEMNOGENE ABEPARVOVEC 5,5ML 1 UNITA' + 8,3ML 4 UNITA' USO EV;ZOLGENSMA*soluzione per infusione 2x10 alla tredicesima genomi vettoriali/ml 1 flaconcino da 5,5 ml + 4 flaconcini da 8,3 ml;3210027,99;1945000,00;-;NOVARTIS EUROPHARM LTD;048773093;LIN;
Onasemnogene abeparvovec;ONASEMNOGENE ABEPARVOVEC 5,5ML 1 UNITA' + 8,3ML 5 UNITA' USO EV;ZOLGENSMA*soluzione per infusione 2x10 alla tredicesima genomi vettoriali/ml 1 flaconcino da 5,5 ml + 5 flaconcini da 8,3 ml;3210027,99;1945000,00;-;NOVARTIS EUROPHARM LTD;048773129;LIQ;
Onasemnogene abeparvovec;ONASEMNOGENE ABEPARVOVEC 5,5ML 1 UNITA' + 8,3ML 6 UNITA' USO EV;ZOLGENSMA*soluzione per infusione 2x10 alla tredicesima genomi vettoriali/ml 1 flaconcino da 5,5 ml + 6 flaconcini da 8,3 ml;3210027,99;1945000,00;-;NOVARTIS EUROPHARM LTD;048773156;LIT;
Onasemnogene abeparvovec;ONASEMNOGENE ABEPARVOVEC 5,5ML 1 UNITA' + 8,3ML 7 UNITA' USO EV;ZOLGENSMA*soluzione per infusione 2x10 alla tredicesima genomi vettoriali/ml 1 flaconcino da 5,5 ml + 7 flaconcini da 8,3 ml;3210027,99;1945000,00;-;NOVARTIS EUROPHARM LTD;048773182;LIW;
Onasemnogene abeparvovec;ONASEMNOGENE ABEPARVOVEC 5,5ML 1 UNITA' + 8,3ML 8 UNITA' USO EV;ZOLGENSMA*soluzione per infusione 2x10 alla tredicesima genomi vettoriali/ml 1 flaconcino da 5,5 ml + 8 flaconcini da 8,3 ml;3210027,99;1945000,00;-;NOVARTIS EUROPHARM LTD;048773218;LIZ;
Onasemnogene abeparvovec;ONASEMNOGENE ABEPARVOVEC 5,5ML 2 UNITA' + 8,3ML 1 UNITA' USO EV;ZOLGENSMA*soluzione per infusione 2x10 alla tredicesima genomi vettoriali/ml 2 flaconcini da 5,5 ml + 1 flaconcino da 8,3 ml;3210027,99;1945000,00;-;NOVARTIS EUROPHARM LTD;048773028;LIG;
Onasemnogene abeparvovec;ONASEMNOGENE ABEPARVOVEC 5,5ML 2 UNITA' + 8,3ML 2 UNITA' USO EV;ZOLGENSMA*soluzione per infusione 2x10 alla tredicesima genomi vettoriali/ml 2 flaconcini da 5,5 ml + 2 flaconcini da 8,3 ml;3210027,99;1945000,00;-;NOVARTIS EUROPHARM LTD;048773055;LIJ;
Onasemnogene abeparvovec;ONASEMNOGENE ABEPARVOVEC 5,5ML 2 UNITA' + 8,3ML 3 UNITA' USO EV;ZOLGENSMA*soluzione per infusione 2x10 alla tredicesima genomi vettoriali/ml 2 flaconcini da 5,5 ml + 3 flaconcini da 8,3 ml;3210027,99;1945000,00;-;NOVARTIS EUROPHARM LTD;048773081;LIM;
Onasemnogene abeparvovec;ONASEMNOGENE ABEPARVOVEC 5,5ML 2 UNITA' + 8,3ML 4 UNITA' USO EV;ZOLGENSMA*soluzione per infusione 2x10 alla tredicesima genomi vettoriali/ml 2 flaconcini da 5,5 ml + 4 flaconcini da 8,3 ml;3210027,99;1945000,00;-;NOVARTIS EUROPHARM LTD;048773117;LIP;
Onasemnogene abeparvovec;ONASEMNOGENE ABEPARVOVEC 5,5ML 2 UNITA' + 8,3ML 5 UNITA' USO EV;ZOLGENSMA*soluzione per infusione 2x10 alla tredicesima genomi vettoriali/ml 2 flaconcini da 5,5 ml + 5 flaconcini da 8,3 ml;3210027,99;1945000,00;-;NOVARTIS EUROPHARM LTD;048773143;LIS;
Onasemnogene abeparvovec;ONASEMNOGENE ABEPARVOVEC 5,5ML 2 UNITA' + 8,3ML 6 UNITA' USO EV;ZOLGENSMA*soluzione per infusione 2x10 alla tredicesima genomi vettoriali/ml 2 flaconcini da 5,5 ml + 6 flaconcini da 8,3 ml;3210027,99;1945000,00;-;NOVARTIS EUROPHARM LTD;048773170;LIV;
Onasemnogene abeparvovec;ONASEMNOGENE ABEPARVOVEC 8,3ML 2 UNITA' USO EV;ZOLGENSMA*soluzione per infusione 2x10 alla tredicesima genomi vettoriali/ml 2 flaconcini da 8,3 ml;3210027,99;1945000,00;-;NOVARTIS EUROPHARM LTD;048773016;LIF;
Onasemnogene abeparvovec;ONASEMNOGENE ABEPARVOVEC 5,5ML 2 UNITA' + 8,3ML 7 UNITA' USO EV;ZOLGENSMA*soluzione per infusione 2x10 alla tredicesima genomi vettoriali/ml 2 flaconcino da 5,5 ml + 7 flaconcini da 8,3 ml;3210027,99;1945000,00;-;NOVARTIS EUROPHARM LTD;048773206;LIY;
Onasemnogene abeparvovec;ONASEMNOGENE ABEPARVOVEC 8,3ML 3 UNITA' USO EV;ZOLGENSMA*soluzione per infusione 2x10 alla tredicesima genomi vettoriali/ml 3 flaconcini da 8,3 ml;3210027,99;1945000,00;-;NOVARTIS EUROPHARM LTD;048773042;LII;
Onasemnogene abeparvovec;ONASEMNOGENE ABEPARVOVEC 8,3ML 4 UNITA' USO EV;ZOLGENSMA*soluzione per infusione 2x10 alla tredicesima genomi vettoriali/ml 4 flaconcini da 8,3 ml;3210027,99;1945000,00;-;NOVARTIS EUROPHARM LTD;048773079;LIL;
Onasemnogene abeparvovec;ONASEMNOGENE ABEPARVOVEC 8,3ML 5 UNITA' USO EV;ZOLGENSMA*soluzione per infusione 2x10 alla tredicesima genomi vettoriali/ml 5 flaconcini da 8,3 ml;3210027,99;1945000,00;-;NOVARTIS EUROPHARM LTD;048773105;LIO;
Onasemnogene abeparvovec;ONASEMNOGENE ABEPARVOVEC 8,3ML 6 UNITA' USO EV;ZOLGENSMA*soluzione per infusione 2x10 alla tredicesima genomi vettoriali/ml 6 flaconcini da 8,3 ml;3210027,99;1945000,00;-;NOVARTIS EUROPHARM LTD;048773131;LIR;
Onasemnogene abeparvovec;ONASEMNOGENE ABEPARVOVEC 8,3ML 7 UNITA' USO EV;ZOLGENSMA*soluzione per infusione 2x10 alla tredicesima genomi vettoriali/ml 7 flaconcini da 8,3 ml;3210027,99;1945000,00;-;NOVARTIS EUROPHARM LTD;048773168;LIU;
Onasemnogene abeparvovec;ONASEMNOGENE ABEPARVOVEC 8,3ML 8 UNITA' USO EV;ZOLGENSMA*soluzione per infusione 2x10 alla tredicesima genomi vettoriali/ml 8 flaconcini da 8,3 ml;3210027,99;1945000,00;-;NOVARTIS EUROPHARM LTD;048773194;LIX;
Onasemnogene abeparvovec;ONASEMNOGENE ABEPARVOVEC 8,3ML 9 UNITA' USO EV;ZOLGENSMA*soluzione per infusione 2x10 alla tredicesima genomi vettoriali/ml 9 flaconcini da 8,3 ml;3210027,99;1945000,00;-;NOVARTIS EUROPHARM LTD;048773220;LJG;
Doxorubicina;DOXORUBICINA LIPOSOMIALE 20MG 1 UNITA' USO PARENTERALE;ZOLSKETIL PEGYLATED LIPOSOMAL*1 flaconcino EV 20 mg 10 ml 2 mg/ml;364,56;220,89;-;ACCORD HEALTHCARE SLU;050034014;ALZ;
Doxorubicina;DOXORUBICINA LIPOSOMIALE 50MG 1 UNITA' USO PARENTERALE;ZOLSKETIL PEGYLATED LIPOSOMAL*1 flaconcino EV 50 mg 25 ml 2 mg/ml;911,44;552,24;-;ACCORD HEALTHCARE SLU;050034038;KCQ;
Idelalisib;IDELALISIB 100MG 60 UNITA' USO ORALE;ZYDELIG*60 cpr riv 100 mg flacone;5957,94;3610,00;-;GILEAD SCIENCES IRELAND UC;043620018;EBU;
Idelalisib;IDELALISIB 150MG 60 UNITA' USO ORALE;ZYDELIG*60 cpr riv 150 mg flacone;5957,94;3610,00;-;GILEAD SCIENCES IRELAND UC;043620020;EBY;
Ceritinib;CERITINIB 150MG 90 UNITA' USO ORALE;ZYKADIA*90 cps 150 mg;7185,28;4353,66;-;NOVARTIS EUROPHARM LTD;044233031;LCY;
Loncastuximab tesirine;LONCASTUXIMAB TESIRINE 10MG 1 UNITA' USO PARENTERALE;ZYNLONTA*1 flaconcino EV 10 mg polv;35648,30;21599,63;-;SWEDISH ORPHAN BIOVITR.INT.AB;050484017;MXY;
Olanzapina;OLANZAPINA 210MG 3ML 1 UNITA' USO PARENTERALE RILASCIO PROLUNGATO;ZYPADHERA*1 flaconcino IM 210 mg + 1 flaconcino 1,3 ml rilascio prolungato;244,28;148,01;-;CHEPLAPHARM REGISTRATION GMBH;039231016;BFY;
Olanzapina;OLANZAPINA 300MG 3ML 1 UNITA' USO PARENTERALE RILASCIO PROLUNGATO;ZYPADHERA*1 flaconcino IM 300 mg + 1 flaconcino 1,8 ml rilascio prolungato;381,31;231,04;-;CHEPLAPHARM REGISTRATION GMBH;039231028;BFZ;
Olanzapina;OLANZAPINA 405MG 3ML 1 UNITA' USO PARENTERALE RILASCIO PROLUNGATO;ZYPADHERA*1 flaconcino IM 405 mg + 1 flaconcino 2,3 ml rilascio prolungato;488,55;296,02;-;CHEPLAPHARM REGISTRATION GMBH;039231030;BGD;
Abiraterone;ABIRATERONE 250MG 120 UNITA' USO ORALE;ZYTIGA*120 cpr 250 mg flacone;5734,49;3474,63;-;JANSSEN CILAG INTERNAT.N.V.;041427016;AAH;
Abiraterone;ABIRATERONE 500MG 56 UNITA' USO ORALE;ZYTIGA*56 cpr riv 500 mg;5352,21;3242,98;-;JANSSEN CILAG INTERNAT.N.V.;041427028;KII;
Linezolid;LINEZOLID 600MG 300ML 10 UNITA' USO PARENTERALE;ZYVOXID*10 sacche EV 2 mg/ml 300 ml freeflex;914,25;553,95;-;PFIZER ITALIA Srl;035410416;BCZ;
